product_id,product_url,brand,product_name,category,price,rating
pimprod2046204,https://www.ulta.com/p/lip-quench-hydrating-balm-pimprod2046204,ULTA Beauty Collection,Lip Quench Hydrating Balm - Caramel Syrup,Lip Balms,$10.00,4.6
pimprod2045216,https://www.ulta.com/p/eyeshadow-singles-pimprod2045216,ULTA Beauty Collection,Eyeshadow Singles - Summer In Paris,Eyeshadow,$9.00,4.2
pimprod2046514,https://www.ulta.com/p/automatic-retractable-eyeliner-pimprod2046514,ULTA Beauty Collection,Automatic Retractable Eyeliner - Metallic Teal,Eyeliner,$9.50,4.1
pimprod2046716,https://www.ulta.com/p/cream-eye-shadow-stick-pimprod2046716,ULTA Beauty Collection,"Cream Eye Shadow Stick - Beige, Pls",Eyeshadow,$10.50,4.2
pimprod2045990,https://www.ulta.com/p/gel-eyeliner-pencil-pimprod2045990,ULTA Beauty Collection,Gel Eyeliner Pencil - Mink,Eyeliner,$10.50,4.2
pimprod2030740,https://www.ulta.com/p/weightless-water-lip-stain-pimprod2030740,ULTA Beauty Collection,Weightless Water Lip Stain - Very Berry,Lip Stain,$11.50,4.2
pimprod2046623,https://www.ulta.com/p/automatic-retractable-lip-liner-pimprod2046623,ULTA Beauty Collection,Automatic Retractable Lip Liner - Orchid,Lip Liner,$9.50,4.2
pimprod2046768,https://www.ulta.com/p/luxe-satin-lipstick-pimprod2046768,ULTA Beauty Collection,Luxe Satin Lipstick - Toasted Almond 383,Lipstick,$12.00,4.2
pimprod2046618,https://www.ulta.com/p/soft-blur-poreless-face-primer-pimprod2046618,ULTA Beauty Collection,Soft Blur Poreless Face Primer - 1.0 oz,Travel Size Makeup,$18.00,4.3
pimprod2045989,https://www.ulta.com/p/complexion-crush-foundation-pimprod2045989,ULTA Beauty Collection,Complexion Crush Foundation - Tan Neutral,Foundation,$16.00,4.0
pimprod2047783,https://www.ulta.com/p/premium-round-cotton-pads-pimprod2047783,ULTA Beauty Collection,Premium Round Cotton Pads,Sponges & Applicators,$3.49,4.4
pimprod2047020,https://www.ulta.com/p/travel-essentials-brush-set-pimprod2047020,ULTA Beauty Collection,Travel Essentials Brush Set,Brush Sets,$30.00,4.3
pimprod2007627,https://www.ulta.com/p/sculpting-brow-pencil-pimprod2007627,ULTA Beauty Collection,Sculpting Brow Pencil - Blonde,Eyebrows,$12.00,4.4
pimprod2015889,https://www.ulta.com/p/too-cheeky-lip-cheek-color-stick-pimprod2015889,ULTA Beauty Collection,Too Cheeky Lip & Cheek Color Stick - Mood,Blush,$13.00,4.3
pimprod2046770,https://www.ulta.com/p/adjustable-coverage-powder-foundation-pimprod2046770,ULTA Beauty Collection,Adjustable Coverage Powder Foundation - Deep Neutral,Foundation,$16.00,4.3
pimprod2046329,https://www.ulta.com/p/juice-infused-lip-oil-pimprod2046329,ULTA Beauty Collection,Juice Infused Lip Oil - Berry,Lip Oil,$10.50,4.3
pimprod2046221,https://www.ulta.com/p/wake-up-call-under-eye-patches-pimprod2046221,ULTA Beauty Collection,Wake-Up Call Under Eye Patches,Eye Masks,$19.00,4.6
pimprod2046388,https://www.ulta.com/p/precision-face-razor-set-pimprod2046388,ULTA Beauty Collection,Precision Face Razor Set,Hair Removal Tools,$10.00,4.6
pimprod2047017,https://www.ulta.com/p/velour-powder-puff-trio-pimprod2047017,ULTA Beauty Collection,Velour Powder Puff Trio,Sponges & Applicators,$8.49,4.2
pimprod2009339,https://www.ulta.com/p/tweezer-mirrored-case-pimprod2009339,ULTA Beauty Collection,Tweezer & Mirrored Case,Brow & Lash Tools,$10.00,4.4
pimprod2045980,https://www.ulta.com/p/inner-glow-serum-concealer-pimprod2045980,ULTA Beauty Collection,Inner Glow Serum Concealer - Deep Cool,Concealer,$13.00,4.2
pimprod2046556,https://www.ulta.com/p/flushed-powder-blush-pimprod2046556,ULTA Beauty Collection,Flushed Powder Blush - Hot Coral,Blush,$12.00,4.6
pimprod2046638,https://www.ulta.com/p/shiny-sheer-lip-gloss-pimprod2046638,ULTA Beauty Collection,Shiny Sheer Lip Gloss - Peach (formerly Bare),Lip Gloss,$6.60,4.1
pimprod2046620,https://www.ulta.com/p/sculpt-glow-baked-face-palette-pimprod2046620,ULTA Beauty Collection,Sculpt & Glow Baked Face Palette - California Sunlight,Blush,$18.00,4.6
pimprod2046565,https://www.ulta.com/p/complexion-crush-full-coverage-concealer-pimprod2046565,ULTA Beauty Collection,Complexion Crush Full Coverage Concealer - Dark Cool,Concealer,$12.00,4.3
pimprod2041980,https://www.ulta.com/p/brow-tint-gel-pimprod2041980,ULTA Beauty Collection,Brow Tint Gel - Soft Brown,Eyebrows,$12.00,4.2
pimprod2051969,https://www.ulta.com/p/velvet-self-tanning-mitt-pimprod2051969,ULTA Beauty Collection,Velvet Self Tanning Mitt,Self-Tanning & Bronzing,$9.99,1.0
pimprod2046476,https://www.ulta.com/p/precision-foundation-brush-106-pimprod2046476,ULTA Beauty Collection,Precision Foundation Brush 106,Makeup Brushes,$18.00,4.3
pimprod2003846,https://www.ulta.com/p/nail-file-travel-case-pimprod2003846,ULTA Beauty Collection,Nail File & Travel Case,Manicure & Pedicure Tools,$4.00,4.8
pimprod2046202,https://www.ulta.com/p/tinted-moisturizer-spf-24-pimprod2046202,ULTA Beauty Collection,Tinted Moisturizer SPF 24 - Dark,Tinted Moisturizer,$16.50,3.4
pimprod2045978,https://www.ulta.com/p/moisturizing-complexion-stick-pimprod2045978,ULTA Beauty Collection,Moisturizing Complexion Stick - Tan Cool,Foundation,$16.00,4.3
pimprod2046480,https://www.ulta.com/p/buffing-concealer-brush-120-pimprod2046480,ULTA Beauty Collection,Buffing Concealer Brush 120,Makeup Brushes,$14.00,3.9
pimprod2046395,https://www.ulta.com/p/eyelash-separator-tool-pimprod2046395,ULTA Beauty Collection,Eyelash Separator Tool,Brow & Lash Tools,$7.00,4.1
pimprod2048938,https://www.ulta.com/p/scented-hair-body-mist-pimprod2048938,ULTA Beauty Collection,Scented Hair & Body Mist - Cashmere Crush,Body Mist & Hair Mist,$10.50,4.2
pimprod2046409,https://www.ulta.com/p/comfort-grip-eyelash-curler-pimprod2046409,ULTA Beauty Collection,Comfort Grip Eyelash Curler,Brow & Lash Tools,$7.00,3.1
pimprod2046791,https://www.ulta.com/p/plumped-up-pout-lip-gloss-pimprod2046791,ULTA Beauty Collection,Plumped Up Pout Lip Gloss - Strawberry Shortcake,Lip Gloss,$6.00,3.9
pimprod2047784,https://www.ulta.com/p/exfoliating-round-cotton-pads-pimprod2047784,ULTA Beauty Collection,Exfoliating Round Cotton Pads,Sponges & Applicators,$4.49,2.8
pimprod2046450,https://www.ulta.com/p/12-pan-eye-shadow-palette-everyday-faves-pimprod2046450,ULTA Beauty Collection,12 Pan Eye Shadow Palette Everyday Faves,Eyeshadow Palettes,$20.00,4.2
pimprod2046330,https://www.ulta.com/p/jelly-bomb-lip-balm-pimprod2046330,ULTA Beauty Collection,Jelly Bomb Lip Balm - Passionfruit,Lip Balms,$4.00,4.8
pimprod2046516,https://www.ulta.com/p/matte-veil-longwear-eye-primer-pimprod2046516,ULTA Beauty Collection,Matte Veil Longwear Eye Primer,Eye Primer & Base,$13.00,4.4
pimprod2046767,https://www.ulta.com/p/mini-moods-eye-shadow-palette-pimprod2046767,ULTA Beauty Collection,Mini Moods Eye Shadow Palette - Sweet Heat,Eyeshadow Palettes,$14.00,4.4
pimprod2052912,https://www.ulta.com/p/jelly-gloss-lip-gel-pimprod2052912,ULTA Beauty Collection,Jelly Gloss Lip Gel - It's Electric,Lip Gloss,$11.00,4.5
pimprod2046477,https://www.ulta.com/p/buffing-foundation-brush-108-pimprod2046477,ULTA Beauty Collection,Buffing Foundation Brush 108,Makeup Brushes,$18.00,2.8
pimprod2046747,https://www.ulta.com/p/velvet-matte-lip-crayon-pimprod2046747,ULTA Beauty Collection,Velvet Matte Lip Crayon - Glacier,Lipstick,$12.00,4.4
pimprod2046199,https://www.ulta.com/p/matte-veil-setting-spray-pimprod2046199,ULTA Beauty Collection,Matte Veil Setting Spray - 3.38 oz,Travel Size Makeup,$13.00,4.3
pimprod2046386,https://www.ulta.com/p/round-eyelash-curler-pimprod2046386,ULTA Beauty Collection,Round Eyelash Curler,Brow & Lash Tools,$11.20,3.3
pimprod2046617,https://www.ulta.com/p/velvet-veil-minerals-powder-foundation-pimprod2046617,ULTA Beauty Collection,Velvet Veil Minerals Powder Foundation - Fair Cool,Foundation,$16.00,4.1
pimprod2049585,https://www.ulta.com/p/magic-marker-lip-stain-pimprod2049585,ULTA Beauty Collection,Magic Marker Lip Stain - Cherry Bombshell,Lip Stain,$11.50,4.3
pimprod2046201,https://www.ulta.com/p/dewy-glaze-setting-spray-pimprod2046201,ULTA Beauty Collection,Dewy Glaze Setting Spray,Setting Spray & Powder,$13.00,4.5
pimprod2049603,https://www.ulta.com/p/color-snack-eyeshadow-duo-pimprod2049603,ULTA Beauty Collection,Color Snack Eyeshadow Duo - One More Bite,Eyeshadow,$12.00,4.4
pimprod2056274,https://www.ulta.com/p/illusionist-skin-focused-concealer-pimprod2056274,about-face,THE ILLUSIONIST Skin-Focused Concealer - MD1 Neutral,Concealer,$22.00,4.0
pimprod2043010,https://www.ulta.com/p/performer-skin-focused-foundation-pimprod2043010,about-face,THE PERFORMER Skin-Focused Foundation - M3WARM,Foundation,$25.00,4.3
pimprod2033361,https://www.ulta.com/p/matte-fluid-eye-paint-pimprod2033361,about-face,Matte Fluid Eye Paint - Dionysus,Eyeshadow,$17.00,4.5
pimprod2049951,https://www.ulta.com/p/curtain-call-set-smooth-loose-powder-pimprod2049951,about-face,Curtain Call - Set & Smooth Loose Powder - Finale,Setting Spray & Powder,$22.00,4.4
pimprod2037762,https://www.ulta.com/p/fractal-glitter-eye-paint-pimprod2037762,about-face,Fractal Glitter Eye Paint - Above Santorini,Eyeshadow,$18.00,4.0
pimprod2052778,https://www.ulta.com/p/beach-freak-bronzer-stick-pimprod2052778,about-face,Beach Freak Bronzer Stick - Beach Goth,Bronzer,$20.00,4.7
pimprod2045236,https://www.ulta.com/p/holographic-eye-paint-pimprod2045236,about-face,Holographic Eye Paint - Intuition,Eyeshadow,$19.00,3.6
pimprod2054938,https://www.ulta.com/p/cherry-pick-lip-shimmer-pimprod2054938,about-face,Cherry Pick Lip Shimmer - Heaven Sent,Lipstick,$18.00,3.7
pimprod2055837,https://www.ulta.com/p/shimmerstick-pimprod2055837,about-face,Shimmerstick - Slowburn,Eyeshadow,$19.00,3.8
pimprod2054939,https://www.ulta.com/p/cooling-chromes-eye-face-highlighter-pimprod2054939,about-face,Cooling Chromes Eye + Face Highlighter - Ex Factor,Eyeshadow,$20.00,4.2
pimprod2034386,https://www.ulta.com/p/line-artist-pimprod2034386,about-face,Line Artist - Call Me Crazy,Eyeliner,$15.00,4.0
pimprod2051403,https://www.ulta.com/p/blurred-matte-lip-plump-pimprod2051403,about-face,Blurred Matte Lip Plump - Petit Rouge,Lip Plumpers,$18.00,4.5
pimprod2057098,https://www.ulta.com/p/supporting-act-dewy-setting-spray-pimprod2057098,about-face,Supporting Act Dewy Setting Spray,Setting Spray & Powder,$19.00,4.3
pimprod2047076,https://www.ulta.com/p/blush-rush-liquid-blush-pimprod2047076,about-face,Blush Rush Liquid Blush - Hot Lap,Blush,$18.00,4.9
pimprod2050327,https://www.ulta.com/p/holographic-eye-paint-im-a-star-collection-pimprod2050327,about-face,Holographic Eye Paint - I'm A Star Collection - I'm A Star,Eyeshadow,$19.00,3.6
pimprod2037252,https://www.ulta.com/p/cherry-pick-lip-color-butter-pimprod2037252,about-face,Cherry Pick Lip Color Butter - Berry Smash,Lipstick,$17.00,4.4
pimprod2033357,https://www.ulta.com/p/matte-fix-lip-pencil-pimprod2033357,about-face,Matte Fix Lip Pencil - 4Ever Flame,Lip Liner,$14.00,4.3
pimprod2033354,https://www.ulta.com/p/light-lock-lip-gloss-pimprod2033354,about-face,Light Lock Lip Gloss - Play Hooky,Lip Gloss,$16.00,4.5
pimprod2034815,https://www.ulta.com/p/cheek-freak-blush-balm-pimprod2034815,about-face,Cheek Freak Blush Balm - Big O,Blush,$18.00,4.1
pimprod2042903,https://www.ulta.com/p/smokestick-pimprod2042903,about-face,Smokestick - Dawn To Dusk,Eyeshadow,$19.00,3.6
pimprod2045244,https://www.ulta.com/p/light-lock-highlight-fluid-pimprod2045244,about-face,Light Lock Highlight Fluid - Roses In The Wall,Highlighter,$22.00,4.4
pimprod2054258,https://www.ulta.com/p/matte-fluid-eye-paint-minis-in-buff-pimprod2054258,about-face,Matte Fluid Eye Paint: The Minis - In The Buff,Eyeshadow,$25.00,5.0
pimprod2051046,https://www.ulta.com/p/fractal-stardust-face-decals-celestial-shine-pimprod2051046,about-face,Fractal Stardust Face Decals - Celestial Shine,Body Makeup,$16.00,
pimprod2036232,https://www.ulta.com/p/volumizing-mascara-pimprod2036232,about-face,Volumizing Mascara - Jet Black,Mascara,$12.60,4.2
pimprod2033360,https://www.ulta.com/p/shadow-fix-eye-primer-pimprod2033360,about-face,Shadow Fix Eye Primer,Eye Primer & Base,$15.00,4.3
pimprod2034434,https://www.ulta.com/p/brow-artist-pimprod2034434,about-face,Brow Artist - Auburn,Eyebrows,$16.00,4.0
pimprod2051045,https://www.ulta.com/p/fractal-stardust-face-decals-cosmic-cluster-pimprod2051045,about-face,Fractal Stardust Face Decals - Cosmic Cluster,Body Makeup,$16.00,5.0
pimprod2050519,https://www.ulta.com/p/fractal-glitter-eye-paint-minis-goddess-pimprod2050519,about-face,Fractal Glitter Eye Paint: The Minis - The Goddess,Eyeshadow,$25.00,2.6
pimprod2051044,https://www.ulta.com/p/fractal-stardust-face-decals-im-a-star-pimprod2051044,about-face,Fractal Stardust Face Decals - I'm A Star,Body Makeup,$16.00,5.0
pimprod2042902,https://www.ulta.com/p/lip-fix-lip-primer-pimprod2042902,about-face,Lip Fix Lip Primer - White,Lip Balms,$15.00,4.1
pimprod2033369,https://www.ulta.com/p/shadowstick-pimprod2033369,about-face,Shadowstick - Acidic,Eyeshadow,$14.00,4.4
pimprod2049538,https://www.ulta.com/p/fractal-glitter-eye-paint-minis-midheaven-pimprod2049538,about-face,Fractal Glitter Eye Paint: The Minis - Midheaven,Eyeshadow,$25.00,3.4
pimprod2047438,https://www.ulta.com/p/fractal-glitter-eye-paint-minis-classics-pimprod2047438,about-face,Fractal Glitter Eye Paint: The Minis - The Classics,Eyeshadow,$25.00,3.4
pimprod2042904,https://www.ulta.com/p/fractal-glitter-dust-pigmented-loose-glitter-pimprod2042904,about-face,Fractal Glitter Dust Pigmented Loose Glitter - Ascent,Eyeshadow,$16.00,4.6
pimprod2033366,https://www.ulta.com/p/paint-it-matte-lip-color-pimprod2033366,about-face,Paint-It Matte Lip Color - Nudist Judas,Lipstick,$16.00,4.1
pimprod2045242,https://www.ulta.com/p/volume-up-faux-embellished-lashes-party-monster-pimprod2045242,about-face,Volume Up Faux Embellished Lashes - Party Monster,Eyelashes,$2.10,
pimprod2000100,https://www.ulta.com/p/cloud-eau-de-parfum-pimprod2000100,Ariana Grande,Cloud Eau de Parfum - 3.4 oz,Perfume,$72.00,4.3
pimprod2036424,https://www.ulta.com/p/mod-vanilla-eau-de-parfum-spray-pimprod2036424,Ariana Grande,MOD Vanilla Eau de Parfum Spray - 3.4 oz,Perfume,$72.00,4.3
pimprod2040605,https://www.ulta.com/p/cloud-pink-eau-de-parfum-pimprod2040605,Ariana Grande,Cloud Pink Eau de Parfum - 3.4 oz,Perfume,$72.00,4.2
pimprod2050089,https://www.ulta.com/p/rem-cherry-eclipse-eau-de-parfum-pimprod2050089,Ariana Grande,r.e.m. Cherry Eclipse Eau de Parfum - 3.4 oz,Perfume,$72.00,4.5
pimprod2036423,https://www.ulta.com/p/mod-blush-eau-de-parfum-spray-pimprod2036423,Ariana Grande,MOD Blush Eau de Parfum Spray - 3.4 oz,Perfume,$72.00,4.3
pimprod2047511,https://www.ulta.com/p/lovenotes-pink-woods-eau-de-parfum-pimprod2047511,Ariana Grande,LOVENOTES Pink Woods Eau de Parfum - 4.25 oz,Perfume,$80.00,4.2
pimprod2028401,https://www.ulta.com/p/cloud-20-intense-eau-de-parfum-pimprod2028401,Ariana Grande,Cloud 2.0 Intense Eau de Parfum,Perfume,$72.00,4.2
pimprod2008597,https://www.ulta.com/p/thank-u-next-eau-de-parfum-pimprod2008597,Ariana Grande,Thank U Next Eau de Parfum - 3.4 oz,Perfume,$72.00,4.0
pimprod2017866,https://www.ulta.com/p/rem-eau-de-parfum-pimprod2017866,Ariana Grande,R.E.M. Eau de Parfum - 3.4 oz,Perfume,$72.00,4.4
pimprod2055408,https://www.ulta.com/p/wicked-elphaba-enchanted-eau-de-parfum-pimprod2055408,Ariana Grande,Wicked Elphaba Enchanted Eau de Parfum,Perfume,$72.00,4.5
pimprod2053812,https://www.ulta.com/p/sweet-like-candy-by-ariana-grande-2-piece-set-pimprod2053812,Ariana Grande,Sweet Like Candy By Ariana Grande 2-Piece Set,Fragrance Gifts,$32.00,4.8
pimprod2048812,https://www.ulta.com/p/mod-vanilla-mini-2-piece-set-pimprod2048812,Ariana Grande,MOD Vanilla Mini 2-Piece Set,Fragrance Gifts,$30.00,4.2
pimprod2054352,https://www.ulta.com/p/ariana-grande-4-piece-coffret-pimprod2054352,Ariana Grande,Ariana Grande 4-Piece Coffret,Fragrance Gifts,$50.00,3.9
pimprod2054922,https://www.ulta.com/p/wicked-good-spray-pen-duo-set-by-ariana-grande-fragrances-pimprod2054922,Ariana Grande,WICKED For Good Spray Pen Duo Set by Ariana Grande Fragrances,Fragrance Gifts,$42.00,4.1
pimprod2026595,https://www.ulta.com/p/god-a-woman-eau-de-parfum-pimprod2026595,Ariana Grande,God Is A Woman Eau de Parfum - 0.33 oz,Perfume,$28.00,4.1
pimprod2057503,https://www.ulta.com/p/ariana-grande-4-piece-body-mist-coffret-pimprod2057503,Ariana Grande,Ariana Grande 4-Piece Body Mist Coffret,Fragrance Gifts,$18.00,
pimprod2051175,https://www.ulta.com/p/chance-eau-splendide-eau-de-parfum-spray-pimprod2051175,CHANEL,CHANCE EAU SPLENDIDE Eau de Parfum Spray - 3.4 oz,Perfume,$185.00,4.7
pimprod2029989,https://www.ulta.com/p/le-rouge-duo-ultra-tenue-ultrawear-liquid-lip-colour-pimprod2029989,CHANEL,LE ROUGE DUO ULTRA TENUE Ultrawear Liquid Lip Colour - 48 Soft Rose,Lipstick,$53.00,4.5
pimprod2052857,https://www.ulta.com/p/n1-de-chanel-serum-in-mist-protects-soothes-enhances-radiance-pimprod2052857,CHANEL,N°1 DE CHANEL SERUM-IN-MIST Protects - Soothes - Enhances Radiance,Face Serums,$120.00,
pimprod2056786,https://www.ulta.com/p/chance-eau-splendide-hair-body-oil-pimprod2056786,CHANEL,CHANCE EAU SPLENDIDE Hair and Body Oil,Body Serums & Oils,$134.00,5.0
pimprod2055143,https://www.ulta.com/p/coco-mademoiselle-eau-de-parfum-twist-spray-set-pimprod2055143,CHANEL,COCO MADEMOISELLE Eau de Parfum Twist and Spray Set,Fragrance Gifts,$220.00,5.0
pimprod2055600,https://www.ulta.com/p/gloss-up-lip-set-pimprod2055600,CHANEL,GLOSS UP Lip Set,Makeup & Nail Gifts,$138.00,
pimprod2055602,https://www.ulta.com/p/power-pair-skincare-set-pimprod2055602,CHANEL,POWER PAIR Skincare Set,Skin Gifts,$257.00,
pimprod2053622,https://www.ulta.com/p/bleu-de-chanel-lexclusif-pimprod2053622,CHANEL,BLEU DE CHANEL L'EXCLUSIF - 3.4 oz,Cologne,$275.00,4.8
pimprod2053621,https://www.ulta.com/p/coco-mademoiselle-fragrance-primer-pimprod2053621,CHANEL,COCO MADEMOISELLE Fragrance Primer,Perfume,$132.00,
pimprod2052858,https://www.ulta.com/p/la-mousse-camellia-cleansing-cream-foam-pimprod2052858,CHANEL,LA MOUSSE Camellia Cleansing Cream-to-Foam,Face Wash,$70.00,4.6
pimprod2015836,https://www.ulta.com/p/bleu-de-chanel-eau-de-parfum-spray-pimprod2015836,CHANEL,BLEU DE CHANEL Eau de Parfum Spray - 3.4 oz,Cologne,$173.00,4.7
pimprod2015831,https://www.ulta.com/p/coco-mademoiselle-eau-de-parfum-spray-pimprod2015831,CHANEL,COCO MADEMOISELLE Eau de Parfum Spray - 3.4 oz,Perfume,$185.00,4.5
pimprod2015977,https://www.ulta.com/p/chance-eau-tendre-eau-de-parfum-spray-pimprod2015977,CHANEL,CHANCE EAU TENDRE Eau de Parfum Spray - 3.4 oz,Perfume,$185.00,4.3
pimprod2015976,https://www.ulta.com/p/bleu-de-chanel-parfum-spray-pimprod2015976,CHANEL,BLEU DE CHANEL Parfum Spray - 1.7 oz,Cologne,$168.00,4.8
pimprod2015973,https://www.ulta.com/p/coco-mademoiselle-eau-de-parfum-intense-spray-pimprod2015973,CHANEL,COCO MADEMOISELLE Eau de Parfum Intense Spray - 3.4 oz,Perfume,$195.00,4.5
pimprod2040508,https://www.ulta.com/p/chance-eau-fraiche-eau-de-parfum-spray-pimprod2040508,CHANEL,CHANCE EAU FRAÎCHE Eau de Parfum Spray - 3.4 oz,Perfume,$185.00,4.4
pimprod2015950,https://www.ulta.com/p/chance-eau-tendre-eau-de-toilette-spray-pimprod2015950,CHANEL,CHANCE EAU TENDRE Eau de Toilette Spray - 1.7 oz,Perfume,$124.00,4.7
pimprod2015947,https://www.ulta.com/p/bleu-de-chanel-eau-de-toilette-spray-pimprod2015947,CHANEL,BLEU DE CHANEL Eau de Toilette Spray - 1.7 oz,Cologne,$115.00,4.8
pimprod2015864,https://www.ulta.com/p/n5-eau-de-parfum-spray-pimprod2015864,CHANEL,N°5 Eau de Parfum Spray - 3.4 oz,Perfume,$190.00,4.2
pimprod2015939,https://www.ulta.com/p/chance-eau-de-parfum-spray-pimprod2015939,CHANEL,CHANCE Eau de Parfum Spray - 1.7 oz,Perfume,$154.00,4.5
pimprod2030080,https://www.ulta.com/p/les-beiges-healthy-glow-foundation-hydration-longwear-pimprod2030080,CHANEL,LES BEIGES Healthy Glow Foundation Hydration and Longwear - BD01,Foundation,$69.00,4.5
pimprod2030114,https://www.ulta.com/p/ultra-le-teint-ultrawear-all-day-comfort-flawless-finish-foundation-pimprod2030114,CHANEL,ULTRA LE TEINT Ultrawear All-Day Comfort Flawless Finish Foundation - B70,Foundation,$69.00,4.5
pimprod2030106,https://www.ulta.com/p/rouge-coco-flash-hydrating-vibrant-shine-lip-colour-pimprod2030106,CHANEL,ROUGE COCO FLASH Hydrating Vibrant Shine Lip Colour - 106 Dominant,Lipstick,$53.00,4.0
pimprod2015933,https://www.ulta.com/p/chance-eau-fraiche-eau-de-toilette-spray-pimprod2015933,CHANEL,CHANCE EAU FRAÎCHE Eau de Toilette Spray - 1.7 oz,Perfume,$124.00,4.5
pimprod2030055,https://www.ulta.com/p/les-beiges-water-fresh-tint-pimprod2030055,CHANEL,LES BEIGES Water-Fresh Tint - DEEP PLUS,Foundation,$72.00,4.5
pimprod2015930,https://www.ulta.com/p/allure-homme-sport-eau-de-toilette-spray-pimprod2015930,CHANEL,ALLURE HOMME SPORT Eau de Toilette Spray - 1.7 oz,Cologne,$115.00,4.4
pimprod2020309,https://www.ulta.com/p/coco-mademoiselle-leau-privee-eau-pour-la-nuit-spray-pimprod2020309,CHANEL,COCO MADEMOISELLE L'EAU PRIVÉE Eau Pour la Nuit Spray - 3.4 oz,Perfume,$155.00,4.1
pimprod2029950,https://www.ulta.com/p/n1-de-chanel-revitalizing-foundation-pimprod2029950,CHANEL,N°1 DE CHANEL Revitalizing Foundation - BD51,Foundation,$81.00,4.4
pimprod2030107,https://www.ulta.com/p/rouge-coco-gloss-moisturizing-glossimer-pimprod2030107,CHANEL,ROUGE COCO GLOSS Moisturizing Glossimer - 119,Lip Gloss,$42.00,4.4
pimprod2037597,https://www.ulta.com/p/les-beiges-water-fresh-complexion-touch-pimprod2037597,CHANEL,LES BEIGES Water-Fresh Complexion Touch - B50,Concealer,$72.00,4.2
pimprod2015862,https://www.ulta.com/p/coco-mademoiselle-eau-de-toilette-spray-pimprod2015862,CHANEL,COCO MADEMOISELLE Eau de Toilette Spray - 3.4 oz,Perfume,$155.00,4.3
pimprod2015856,https://www.ulta.com/p/chance-eau-de-toilette-spray-pimprod2015856,CHANEL,CHANCE Eau de Toilette Spray - 1.7 oz,Perfume,$124.00,4.3
pimprod2030110,https://www.ulta.com/p/stylo-yeux-waterproof-long-lasting-eyeliner-pimprod2030110,CHANEL,STYLO YEUX WATERPROOF Long-Lasting Eyeliner - 20 ESPRESSO,Eyeliner,$36.00,3.9
pimprod2030015,https://www.ulta.com/p/les-beiges-healthy-glow-bronzing-cream-pimprod2030015,CHANEL,LES BEIGES Healthy Glow Bronzing Cream - SOLEIL TAN BRONZE,Bronzer,$60.00,4.3
pimprod2030112,https://www.ulta.com/p/ultra-le-teint-ultrawear-all-day-comfort-flawless-finish-compact-foundation-pimprod2030112,CHANEL,ULTRA LE TEINT Ultrawear All-Day Comfort Flawless Finish Compact Foundation - B50,Foundation,$71.00,4.5
pimprod2041626,https://www.ulta.com/p/le-crayon-levres-longwear-lip-pencil-pimprod2041626,CHANEL,LE CRAYON LÈVRES Longwear Lip Pencil - 152 CLEAR,Lip Liner,$35.00,3.5
pimprod2030095,https://www.ulta.com/p/poudre-universelle-libre-natural-finish-loose-powder-pimprod2030095,CHANEL,POUDRE UNIVERSELLE LIBRE Natural Finish Loose Powder - 70,Makeup,$58.00,4.7
pimprod2015955,https://www.ulta.com/p/allure-homme-sport-eau-extreme-eau-de-parfum-spray-pimprod2015955,CHANEL,ALLURE HOMME SPORT EAU EXTRÊME Eau de Parfum Spray,Cologne,$173.00,5.0
pimprod2015965,https://www.ulta.com/p/coco-mademoiselle-eau-de-parfum-twist-spray-pimprod2015965,CHANEL,COCO MADEMOISELLE Eau de Parfum Twist and Spray,Fragrance,$171.00,4.3
pimprod2015978,https://www.ulta.com/p/gabrielle-chanel-essence-eau-de-parfum-spray-pimprod2015978,CHANEL,GABRIELLE CHANEL ESSENCE Eau de Parfum Spray - 1.7 oz,Perfume,$162.00,4.5
pimprod2056798,https://www.ulta.com/p/ultra-le-teint-le-correcteur-ultrawear-all-day-comfort-flawless-finish-concealer-pimprod2056798,CHANEL,ULTRA LE TEINT LE CORRECTEUR Ultrawear All-Day Comfort Flawless Finish Concealer - BD01,Concealer,$53.00,
pimprod2049561,https://www.ulta.com/p/le-volume-de-chanel-mascara-pimprod2049561,CHANEL,LE VOLUME DE CHANEL Mascara - 10 NOIR,Mascara,$40.00,3.3
pimprod2030017,https://www.ulta.com/p/les-4-ombres-multi-effect-quadra-eyeshadow-pimprod2030017,CHANEL,LES 4 OMBRES Multi-Effect Quadra Eyeshadow - 266 TISSÉ ESSENTIEL,Eyeshadow,$74.00,4.0
pimprod2049564,https://www.ulta.com/p/joues-contraste-powder-blush-pimprod2049564,CHANEL,JOUES CONTRASTE Powder Blush - 02 ROSE BRONZE,Blush,$56.00,5.0
pimprod2029952,https://www.ulta.com/p/le-lift-creme-smooths-firms-illuminates-pimprod2029952,CHANEL,LE LIFT CRÈME Smooths - Firms - Illuminates,Face Moisturizer,$180.00,4.7
pimprod2030102,https://www.ulta.com/p/rouge-allure-velvet-luminous-matte-lip-colour-pimprod2030102,CHANEL,ROUGE ALLURE VELVET Luminous Matte Lip Colour - 45 Intense,Lipstick,$53.00,4.5
pimprod2015849,https://www.ulta.com/p/coco-eau-de-parfum-spray-pimprod2015849,CHANEL,COCO Eau de Parfum Spray,Perfume,$115.00,4.6
pimprod2015922,https://www.ulta.com/p/n5-eau-de-toilette-spray-pimprod2015922,CHANEL,N°5 Eau de Toilette Spray - 3.4 oz,Perfume,$150.00,4.5
pimprod2029955,https://www.ulta.com/p/baume-essentiel-multi-use-glow-stick-pimprod2029955,CHANEL,BAUME ESSENTIEL Multi-Use Glow Stick - ROSÉE,Highlighter,$49.00,4.2
pimprod2039134,https://www.ulta.com/p/les-beiges-healthy-glow-natural-eyeshadow-palette-pimprod2039134,CHANEL,LES BEIGES Healthy Glow Natural Eyeshadow Palette - COOL,$100 and Under,$77.00,4.2
pimprod2029862,https://www.ulta.com/p/pro-filtr-soft-matte-longwear-liquid-foundation-pimprod2029862,FENTY BEAUTY by Rihanna,Pro Filt'r Soft Matte Longwear Liquid Foundation - 420,Foundation,$40.00,4.7
pimprod2031402,https://www.ulta.com/p/gloss-bomb-universal-lip-luminizer-pimprod2031402,FENTY BEAUTY by Rihanna,Gloss Bomb Universal Lip Luminizer - MANGO MARGZ,Lip Gloss,$23.00,4.5
pimprod2031372,https://www.ulta.com/p/eaze-drop-lightweight-blurring-skin-tint-pimprod2031372,FENTY BEAUTY by Rihanna,Eaze Drop Lightweight Blurring Skin Tint - 1,Foundation,$39.00,4.5
pimprod2045514,https://www.ulta.com/p/softlit-naturally-luminous-hydrating-longwear-foundation-pimprod2045514,FENTY BEAUTY by Rihanna,Soft'Lit Naturally Luminous Hydrating Longwear Foundation - 110,Foundation,$44.00,4.5
pimprod2031379,https://www.ulta.com/p/diamond-bomb-all-over-diamond-veil-pimprod2031379,FENTY BEAUTY by Rihanna,Diamond Bomb All-Over Diamond Veil - How Many Carats?!,Highlighter,$43.00,4.4
pimprod2031436,https://www.ulta.com/p/match-stix-contour-skinstick-pimprod2031436,FENTY BEAUTY by Rihanna,Match Stix Contour Skinstick - Amber,Contouring,$33.00,4.2
pimprod2046205,https://www.ulta.com/p/gloss-bomb-stix-high-shine-gloss-stick-pimprod2046205,FENTY BEAUTY by Rihanna,Gloss Bomb Stix High-Shine Gloss Stick - Blaz'd Donut,Lip Gloss,$26.00,4.6
pimprod2051945,https://www.ulta.com/p/gloss-bomb-oil-luminizing-lip-oil-n-gloss-pimprod2051945,FENTY BEAUTY by Rihanna,Gloss Bomb Oil Luminizing Lip Oil 'N Gloss - FU$$Y,Lip Gloss,$26.00,4.8
pimprod2031401,https://www.ulta.com/p/gloss-bomb-heat-universal-lip-luminizer-plumper-pimprod2031401,FENTY BEAUTY by Rihanna,Gloss Bomb Heat Universal Lip Luminizer + Plumper - Lemon Lava,Lip Plumpers,$26.00,4.2
pimprod2046255,https://www.ulta.com/p/traced-out-pencil-lip-liner-pimprod2046255,FENTY BEAUTY by Rihanna,Trace'd Out Pencil Lip Liner - The MVP,Lip Liner,$22.00,4.3
pimprod2050518,https://www.ulta.com/p/gloss-bomb-stix-high-shimmer-gloss-stick-pimprod2050518,FENTY BEAUTY by Rihanna,Gloss Bomb Stix High-Shimmer Gloss Stick - HOW MANY CARATS?!,Lip Gloss,$26.00,4.7
pimprod2038355,https://www.ulta.com/p/hella-thicc-volumizing-mascara-pimprod2038355,FENTY BEAUTY by Rihanna,Hella Thicc Volumizing Mascara - CUZ I'M BLACK,Mascara,$15.40,4.2
pimprod2057206,https://www.ulta.com/p/limited-edition-killawatt-mini-freestyle-highlighter-pimprod2057206,FENTY BEAUTY by Rihanna,Limited Edition Killawatt Mini Freestyle Highlighter - WATTAB!*%#,Highlighter,$20.00,5.0
pimprod2057208,https://www.ulta.com/p/limited-edition-gloss-bomb-universal-lip-luminizer-pimprod2057208,FENTY BEAUTY by Rihanna,Limited Edition Gloss Bomb Universal Lip Luminizer - WATTAB!*%#,Lip Gloss,$23.00,5.0
pimprod2031377,https://www.ulta.com/p/pro-filtr-instant-retouch-concealer-pimprod2031377,FENTY BEAUTY by Rihanna,Pro Filt'r Instant Retouch Concealer - 105,Concealer,$30.00,3.9
pimprod2043011,https://www.ulta.com/p/were-even-hydrating-longwear-concealer-pimprod2043011,FENTY BEAUTY by Rihanna,We're Even Hydrating Longwear Concealer - 498N,Concealer,$34.00,4.5
pimprod2054307,https://www.ulta.com/p/set-it-down-superfine-blurring-setting-powder-pimprod2054307,FENTY BEAUTY by Rihanna,Set It Down Superfine Blurring Setting Powder - HONEY,Setting Spray & Powder,$39.00,4.6
pimprod2056943,https://www.ulta.com/p/fine-linez-lash-line-enhancing-eyeliner-pimprod2056943,FENTY BEAUTY by Rihanna,Fine Linez Lash Line-Enhancing Eyeliner - CUZ IM BLACK,Eyeliner,$26.00,4.5
pimprod2031407,https://www.ulta.com/p/sun-stalkr-instant-warmth-bronzer-pimprod2031407,FENTY BEAUTY by Rihanna,Sun Stalk'r Instant Warmth Bronzer - I$Land Ting,Bronzer,$38.00,4.8
pimprod2041564,https://www.ulta.com/p/eaze-drop-blur-smooth-foundation-stick-pimprod2041564,FENTY BEAUTY by Rihanna,Eaze Drop Blur + Smooth Foundation Stick - 25,Foundation,$40.00,4.5
pimprod2031440,https://www.ulta.com/p/killawatt-freestyle-highlighter-pimprod2031440,FENTY BEAUTY by Rihanna,Killawatt Freestyle Highlighter - Trophy Wife,Highlighter,$40.00,4.5
pimprod2031429,https://www.ulta.com/p/stunna-lip-paint-longwear-fluid-lip-color-pimprod2031429,FENTY BEAUTY by Rihanna,Stunna Lip Paint Longwear Fluid Lip Color - Uncensored,Lipstick,$29.00,3.7
pimprod2034002,https://www.ulta.com/p/invisimatte-instant-setting-blotting-powder-pimprod2034002,FENTY BEAUTY by Rihanna,Invisimatte Instant Setting + Blotting Powder,Setting Spray & Powder,$39.00,4.6
pimprod2031376,https://www.ulta.com/p/cheeks-out-freestyle-cream-blush-pimprod2031376,FENTY BEAUTY by Rihanna,Cheeks Out Freestyle Cream Blush - Petal Poppin,Blush,$28.00,4.5
pimprod2054163,https://www.ulta.com/p/grip-trip-hydrating-plumping-primer-pimprod2054163,FENTY BEAUTY by Rihanna,Grip Trip Hydrating + Plumping Primer,Face Primer,$37.00,4.7
pimprod2031380,https://www.ulta.com/p/gloss-bomb-cream-color-drip-lip-cream-pimprod2031380,FENTY BEAUTY by Rihanna,Gloss Bomb Cream Color Drip Lip Cream - Fenty Glow,Lip Gloss,$23.00,4.4
pimprod2054164,https://www.ulta.com/p/grip-trip-mattifying-blurring-primer-pimprod2054164,FENTY BEAUTY by Rihanna,Grip Trip Mattifying + Blurring Primer,Face Primer,$37.00,4.6
pimprod2033042,https://www.ulta.com/p/poutsicle-hydrating-lip-stain-pimprod2033042,FENTY BEAUTY by Rihanna,Poutsicle Hydrating Lip Stain - Mai Type,Lip Stain,$28.00,4.3
pimprod2052828,https://www.ulta.com/p/bright-fix-instant-brightening-blurring-powder-pimprod2052828,FENTY BEAUTY by Rihanna,Bright Fix Instant Brightening + Blurring Powder - BANANA,Color Correcting,$39.00,4.6
pimprod2038220,https://www.ulta.com/p/icon-velvet-liquid-lipstick-pimprod2038220,FENTY BEAUTY by Rihanna,Icon Velvet Liquid Lipstick - C-Suite'Heart,Lipstick,$14.50,3.7
pimprod2031396,https://www.ulta.com/p/flyliner-longwear-liquid-eyeliner-pimprod2031396,FENTY BEAUTY by Rihanna,Flyliner Longwear Liquid Eyeliner - Cuz I'm Black,Eyeliner,$24.00,3.5
pimprod2046217,https://www.ulta.com/p/mini-hella-thicc-volumizing-mascara-pimprod2046217,FENTY BEAUTY by Rihanna,Mini Hella Thicc Volumizing Mascara - Cuz I'm Black,Travel Size Makeup,$13.00,4.1
pimprod2053273,https://www.ulta.com/p/shadowstix-diamonds-diamond-veil-eyeshadow-stick-pimprod2053273,FENTY BEAUTY by Rihanna,Shadowstix Diamonds Diamond Veil Eyeshadow Stick - MISS PRI$$Y,Eyeshadow,$26.00,4.4
pimprod2046790,https://www.ulta.com/p/fenty-cheeks-suede-waterproof-powder-blush-pimprod2046790,FENTY BEAUTY by Rihanna,Fenty Cheeks Suede Waterproof Powder Blush - BAKIN' CAKEZ,Blush,$14.00,4.7
pimprod2035187,https://www.ulta.com/p/gloss-bomb-ice-cooling-lip-luminizer-pimprod2035187,FENTY BEAUTY by Rihanna,Gloss Bomb Ice Cooling Lip Luminizer - Cold Heart'd,Lip Gloss,$26.00,4.7
pimprod2041516,https://www.ulta.com/p/shadowstix-longwear-eyeshadow-stick-pimprod2041516,FENTY BEAUTY by Rihanna,Shadowstix Longwear Eyeshadow Stick - Sip & Sparkle,Eyeshadow,$26.00,4.3
pimprod2049607,https://www.ulta.com/p/you-mist-makeup-extending-setting-spray-pimprod2049607,FENTY BEAUTY by Rihanna,You Mist Makeup-Extending Setting Spray - 3.4 oz,Setting Spray & Powder,$33.00,4.6
pimprod2031455,https://www.ulta.com/p/match-stix-shimmer-skinstick-pimprod2031455,FENTY BEAUTY by Rihanna,Match Stix Shimmer Skinstick - Yacht Life,Highlighter,$32.00,4.1
pimprod2045517,https://www.ulta.com/p/foundation-brush-145-pimprod2045517,FENTY BEAUTY by Rihanna,Foundation Brush 145,Makeup Brushes,$36.00,4.8
pimprod2041876,https://www.ulta.com/p/match-stix-color-adaptive-cheek-lipstick-pimprod2041876,FENTY BEAUTY by Rihanna,Match Stix Color-Adaptive Cheek + Lipstick - Strawberry Pop,Lipstick,$32.00,4.3
pimprod2031362,https://www.ulta.com/p/bright-fix-eye-brightener-pimprod2031362,FENTY BEAUTY by Rihanna,Bright Fix Eye Brightener - Crepe,Eye Primer & Base,$28.00,4.2
pimprod2051361,https://www.ulta.com/p/hella-extra-mascara-primer-pimprod2051361,FENTY BEAUTY by Rihanna,Hella Extra Mascara Primer,Lash Primer & Serums,$24.00,5.0
pimprod2052743,https://www.ulta.com/p/body-lava-body-luminizer-pimprod2052743,FENTY BEAUTY by Rihanna, Body Lava Body Luminizer - OYSTER PEARLZ,Body Serums & Oils,$59.00,3.6
pimprod2031395,https://www.ulta.com/p/face-body-kabuki-brush-160-pimprod2031395,FENTY BEAUTY by Rihanna,Face & Body Kabuki Brush 160,Makeup Brushes,$34.00,5.0
pimprod2031415,https://www.ulta.com/p/cheek-hugging-bronzer-brush-190-pimprod2031415,FENTY BEAUTY by Rihanna,Cheek-Hugging Bronzer Brush 190,Makeup Brushes,$36.00,4.8
pimprod2031448,https://www.ulta.com/p/precision-concealer-brush-180-pimprod2031448,FENTY BEAUTY by Rihanna,Precision Concealer Brush 180,Makeup Brushes,$26.00,4.3
pimprod2038995,https://www.ulta.com/p/pro-filtr-mini-soft-matte-longwear-foundation-pimprod2038995,FENTY BEAUTY by Rihanna,Pro Filt'r Mini Soft Matte Longwear Foundation - 100,Travel Size Makeup,$18.00,4.7
pimprod2031450,https://www.ulta.com/p/powder-puff-setting-brush-170-pimprod2031450,FENTY BEAUTY by Rihanna,Powder Puff Setting Brush 170,Makeup Brushes,$34.00,4.7
pimprod2031399,https://www.ulta.com/p/full-bodied-foundation-brush-110-pimprod2031399,FENTY BEAUTY by Rihanna,Full-Bodied Foundation Brush 110,Makeup Brushes,$34.00,4.2
pimprod2031414,https://www.ulta.com/p/cheek-hugging-highlight-brush-120-pimprod2031414,FENTY BEAUTY by Rihanna,Cheek-Hugging Highlight Brush 120,Makeup Brushes,$32.00,5.0
pimprod2056858,https://www.ulta.com/p/do-it-all-sheer-tint-face-balm-pimprod2056858,IT Cosmetics,Do It All Sheer Tint Face Balm - 110,Tinted Moisturizer,$34.00,4.5
pimprod2031824,https://www.ulta.com/p/cc-nude-glow-lightweight-foundation-glow-serum-with-spf-40-pimprod2031824,IT Cosmetics,CC+ Nude Glow Lightweight Foundation + Glow Serum with SPF 40 - Light Medium,Tinted Moisturizer,$47.00,4.4
pimprod2013015,https://www.ulta.com/p/mini-cc-cream-foundation-with-spf-50-pimprod2013015,IT Cosmetics,Mini CC+ Cream Foundation with SPF 50+ - Light,Travel Size Makeup,$22.00,4.3
pimprod2051236,https://www.ulta.com/p/do-it-all-radiant-concealer-pimprod2051236,IT Cosmetics,Do It All Radiant Concealer - Fairest Neutral,Concealer,$30.00,4.4
pimprod2033684,https://www.ulta.com/p/confidence-in-a-cream-anti-aging-hydrating-moisturizer-pimprod2033684,IT Cosmetics,Confidence in a Cream Anti-Aging Hydrating Moisturizer - 2.0 oz,Face Moisturizer,$49.00,4.5
pimprod2044261,https://www.ulta.com/p/cc-cream-natural-matte-foundation-with-spf-40-pimprod2044261,IT Cosmetics,CC+ Cream Natural Matte Foundation with SPF 40 - Light Medium,BB & CC Creams,$47.00,4.4
pimprod2005433,https://www.ulta.com/p/cc-airbrush-perfecting-powder-foundation-pimprod2005433,IT Cosmetics,CC+ Airbrush Perfecting Powder Foundation - Fair,Foundation,$42.00,3.9
pimprod2029751,https://www.ulta.com/p/superhero-no-tug-longwear-eyeshadow-stick-pimprod2029751,IT Cosmetics,Superhero No-Tug Longwear Eyeshadow Stick - Silk Armour,Eyeshadow,$25.00,4.6
pimprod2033049,https://www.ulta.com/p/confidence-in-eye-cream-anti-aging-peptide-eye-cream-pimprod2033049,IT Cosmetics,Confidence in an Eye Cream Anti-Aging Peptide Eye Cream - 0.5 oz,Eye Cream,$44.00,4.5
pimprod2045180,https://www.ulta.com/p/do-it-all-serum-color-balm-sun-cream-blush-bronzer-pimprod2045180,IT Cosmetics,Do It All Serum Color Balm Sun Cream Blush & Bronzer - Sun Blossom,Blush,$34.00,4.7
pimprod2038998,https://www.ulta.com/p/bye-bye-under-eye-bags-daytime-treatment-pimprod2038998,IT Cosmetics,Bye Bye Under Eye Bags Daytime Treatment,Eye Cream,$42.00,3.9
pimprod2012938,https://www.ulta.com/p/confidence-in-your-beauty-sleep-night-cream-pimprod2012938,IT Cosmetics,Confidence in Your Beauty Sleep Night Cream - 2.0 oz,Night Cream,$52.00,4.5
pimprod2038114,https://www.ulta.com/p/bye-bye-dark-spots-concealer-serum-pimprod2038114,IT Cosmetics,Bye Bye Dark Spots Concealer + Serum - Fair Neutral 11,Concealer,$30.00,4.5
pimprod2051284,https://www.ulta.com/p/hydrate-with-confidence-anti-aging-skincare-gift-set-pimprod2051284,IT Cosmetics,Hydrate with Confidence Anti-Aging Skincare Gift Set,$100 and Under,$67.00,4.1
pimprod2044384,https://www.ulta.com/p/hello-sunshine-invisible-sunscreen-face-spf-50-pimprod2044384,IT Cosmetics,Hello Sunshine Invisible Sunscreen For Face SPF 50 - 1.7 oz,Sunscreen,$36.00,4.7
pimprod2022001,https://www.ulta.com/p/your-skin-but-better-makeup-primer-oil-free-pimprod2022001,IT Cosmetics,Your Skin But Better Makeup Primer+ Oil-Free,Face Primer,$42.00,4.4
pimprod2049032,https://www.ulta.com/p/confidence-in-a-cream-barrier-boost-skin-barrier-repair-daily-moisturizer-pimprod2049032,IT Cosmetics,Confidence in a Cream Barrier Boost Skin Barrier Repair Daily Moisturizer - 2.0 oz,Face Moisturizer,$49.00,4.7
pimprod2004880,https://www.ulta.com/p/brow-powerfull-universal-volumizing-eyebrow-pencil-pimprod2004880,IT Cosmetics,Brow PowerFULL Universal Volumizing Eyebrow Pencil - Universal Taupe,Eyebrows,$26.00,4.4
pimprod2033682,https://www.ulta.com/p/superhero-no-tug-retractable-eyeliner-pimprod2033682,IT Cosmetics,Superhero No-Tug Retractable Eyeliner - Black,Eyeliner,$24.00,4.6
pimprod2038138,https://www.ulta.com/p/superhero-volumizing-waterproof-mascara-pimprod2038138,IT Cosmetics,Superhero Volumizing Waterproof Mascara - Black,Mascara,$19.60,4.2
pimprod2042623,https://www.ulta.com/p/confidence-in-a-gel-cream-oil-free-moisturizer-pimprod2042623,IT Cosmetics,Confidence in a Gel Cream Oil-Free Moisturizer,Face Moisturizer,$49.00,4.7
pimprod2004881,https://www.ulta.com/p/brow-power-micro-universal-defining-eyebrow-pencil-pimprod2004881,IT Cosmetics,Brow Power Micro Universal Defining Eyebrow Pencil - Universal Taupe,Eyebrows,$26.00,4.2
pimprod2026281,https://www.ulta.com/p/bye-bye-lines-hyaluronic-acid-serum-pimprod2026281,IT Cosmetics,Bye Bye Lines Hyaluronic Acid Serum,Face Serums,$36.00,4.5
pimprod2042911,https://www.ulta.com/p/bye-bye-redness-serum-pimprod2042911,IT Cosmetics,Bye Bye Redness Serum,Face Serums,$36.00,4.4
pimprod2042362,https://www.ulta.com/p/confidence-in-a-serum-lip-gloss-pimprod2042362,IT Cosmetics,Confidence in a Serum Lip Gloss - Self-worth,Lip Gloss,$26.00,4.7
pimprod2015099,https://www.ulta.com/p/your-skin-but-better-setting-spray-hydrating-mist-pimprod2015099,IT Cosmetics,Your Skin But Better Setting Spray + Hydrating Mist,Setting Spray & Powder,$32.00,4.5
pimprod2033408,https://www.ulta.com/p/je-ne-sais-quoi-hydrating-lip-balm-treatment-pimprod2033408,IT Cosmetics,Je Ne Sais Quoi Hydrating Lip Balm Treatment - Perfect Pink,Lip Balms,$25.00,4.5
pimprod2031748,https://www.ulta.com/p/bye-bye-makeup-3-in-1-makeup-melting-cleansing-balm-pimprod2031748,IT Cosmetics,Bye Bye Makeup 3-in-1 Makeup Melting Cleansing Balm,Cleansing Balms & Oils,$47.00,4.4
pimprod2036576,https://www.ulta.com/p/confidence-in-your-beauty-sleep-serum-pimprod2036576,IT Cosmetics,Confidence in Your Beauty Sleep Serum,Face Serums,$62.00,4.5
pimprod2026280,https://www.ulta.com/p/bye-bye-pores-glycolic-acid-serum-pimprod2026280,IT Cosmetics,Bye Bye Pores Glycolic Acid Serum,Face Serums,$36.00,4.5
pimprod2026351,https://www.ulta.com/p/bye-bye-dark-spots-niacinamide-serum-pimprod2026351,IT Cosmetics,Bye Bye Dark Spots Niacinamide Serum,Face Serums,$36.00,4.4
pimprod2033095,https://www.ulta.com/p/bye-bye-breakout-salicylic-acid-acne-serum-pimprod2033095,IT Cosmetics,Bye Bye Breakout Salicylic Acid Acne Serum,Acne & Blemish Treatments,$36.00,4.5
pimprod2015100,https://www.ulta.com/p/superhero-no-tug-sharpenable-gel-eyeliner-pimprod2015100,IT Cosmetics,Superhero No-Tug Sharpenable Gel Eyeliner - Super Black,Eyeliner,$24.00,2.9
pimprod2038996,https://www.ulta.com/p/your-radiance-boosting-best-sellers-skincare-gift-set-pimprod2038996,IT Cosmetics,Your Radiance Boosting Best Sellers Skincare Gift Set,Skin Gifts,$49.00,4.7
pimprod2039028,https://www.ulta.com/p/teint-idole-ultra-wear-24h-full-coverage-foundation-pimprod2039028,Lancôme,Teint Idole Ultra Wear 24H Full Coverage Foundation - 200N,Foundation,$53.00,4.5
pimprod2033657,https://www.ulta.com/p/teint-idole-ultra-wear-care-glow-foundation-pimprod2033657,Lancôme,Teint Idole Ultra Wear Care and Glow Foundation - 105W,Foundation,$53.00,4.5
pimprod2019332,https://www.ulta.com/p/lash-idole-lash-lifting-volumizing-mascara-pimprod2019332,Lancôme,Lash Idôle Lash-Lifting Volumizing Mascara - Glossy Black,Mascara,$30.00,4.6
pimprod2008623,https://www.ulta.com/p/idole-eau-de-parfum-pimprod2008623,Lancôme,Idôle Eau de Parfum - 0.8 oz,Perfume,$69.00,4.6
pimprod2049388,https://www.ulta.com/p/genifique-ultimate-recovery-serum-pimprod2049388,Lancôme,Genifique Ultimate Recovery Serum - 0.67 oz,Face Serums,$65.00,4.7
pimprod2025302,https://www.ulta.com/p/teint-idole-ultra-wear-all-over-concealer-pimprod2025302,Lancôme,Teint Idôle Ultra Wear All Over Concealer - 090 Ivoire N,Concealer,$32.00,4.6
pimprod2053620,https://www.ulta.com/p/la-vie-est-belle-vanille-nude-eau-de-parfum-pimprod2053620,Lancôme,La Vie Est Belle Vanille Nude Eau de Parfum - 1.7 oz,Perfume,$135.00,4.8
pimprod2028232,https://www.ulta.com/p/le-stylo-waterproof-long-lasting-eyeliner-pencil-pimprod2028232,Lancôme,Le Stylo Waterproof Long-Lasting Eyeliner Pencil - Noir Onyx,Eyeliner,$29.00,4.7
pimprod2047753,https://www.ulta.com/p/la-vie-est-belle-lelixir-eau-de-parfum-pimprod2047753,Lancôme,La Vie Est Belle L'Elixir Eau de Parfum - 1.7 oz,Perfume,$137.00,4.7
pimprod2057115,https://www.ulta.com/p/lash-idole-curl-goddess-curling-volumizing-mascara-pimprod2057115,Lancôme,Lash Idôle Curl Goddess Curling & Volumizing Mascara - 0.28 oz,Mascara,$30.00,4.4
pimprod2049472,https://www.ulta.com/p/lash-idole-flutter-extension-lengthening-mascara-pimprod2049472,Lancôme,Lash Idôle Flutter Extension Lengthening Mascara - 0.28 oz,Travel Size Makeup,$21.00,4.5
pimprod2040492,https://www.ulta.com/p/renergie-hpn-300-peptide-cream-pimprod2040492,Lancôme,Rénergie H.P.N. 300-Peptide Cream - 1.7 oz,Face Moisturizer,$150.00,4.6
pimprod2041176,https://www.ulta.com/p/care-glow-hydrating-serum-concealer-pimprod2041176,Lancôme,Care and Glow Hydrating Serum Concealer - 220C,Concealer,$32.00,4.5
pimprod2030262,https://www.ulta.com/p/labsolu-rouge-cream-lipstick-pimprod2030262,Lancôme,L'Absolu Rouge Cream Lipstick - 112 Creme De Marron,Lipstick,$35.00,4.5
pimprod2045622,https://www.ulta.com/p/lip-idole-squalane-12-butterglow-hydrating-lip-balm-pimprod2045622,Lancôme,Lip Idôle Squalane-12 Butterglow Hydrating Lip Balm - 10 Keep It Glowy,Lip Balms,$32.00,4.8
pimprod2056559,https://www.ulta.com/p/idole-peach-n-roses-eau-de-parfum-pimprod2056559,Lancôme,Idôle Peach 'N Roses Eau de Parfum - 3.4 oz,Perfume,$149.00,4.5
pimprod2045705,https://www.ulta.com/p/hypnose-drama-extreme-volumizing-mascara-pimprod2045705,Lancôme,Hypnôse Drama Extreme Volumizing Mascara - 0.27 oz,Mascara,$22.40,4.5
pimprod2051917,https://www.ulta.com/p/renergie-crx-triple-serum-retinol-pimprod2051917,Lancôme,Renergie C.R.x Triple Serum Retinol - 0.67 oz,Face Serums,$73.00,4.6
pimprod2030158,https://www.ulta.com/p/renergie-hcf-triple-serum-pimprod2030158,Lancôme,Rénergie H.C.F. Triple Serum - 1.7 oz,Face Serums,$150.00,4.5
pimprod2051873,https://www.ulta.com/p/skin-idole-3-serum-supertint-skin-tint-pimprod2051873,Lancôme,Skin Idôle 3 Serum Supertint Skin Tint - 20N,Tinted Moisturizer,$45.00,4.4
pimprod2040493,https://www.ulta.com/p/renergie-hpn-300-peptide-anti-aging-cream-spf-25-pimprod2040493,Lancôme,Rénergie H.P.N. 300-Peptide Anti-Aging Cream SPF 25 - 1.7 oz,Face Moisturizer,$150.00,4.6
pimprod2031648,https://www.ulta.com/p/lash-idole-lash-lifting-waterproof-volumizing-mascara-pimprod2031648,Lancôme,Lash Idôle Lash-Lifting Waterproof Volumizing Mascara - 01 Black,Mascara,$30.00,4.6
pimprod2051931,https://www.ulta.com/p/genifique-ultimate-eye-cream-with-beta-glucan-cm-pimprod2051931,Lancôme,Génifique Ultimate Eye Cream with Beta Glucan-CM,Eye Cream,$87.00,4.0
pimprod2023126,https://www.ulta.com/p/teint-idole-ultra-wear-foundation-stick-pimprod2023126,Lancôme,Teint Idôle Ultra Wear Foundation Stick - 420 Bisque N,Foundation,$50.00,4.5
pimprod2021492,https://www.ulta.com/p/travel-size-lash-idole-lash-lifting-volumizing-mascara-pimprod2021492,Lancôme,Travel Size Lash Idôle Lash-Lifting Volumizing Mascara,Travel Size Makeup,$16.00,4.6
pimprod2040491,https://www.ulta.com/p/renergie-lift-multi-action-ultra-eye-cream-pimprod2040491,Lancôme,Rénergie Lift Multi-Action Ultra Eye Cream,Eye Cream,$85.00,4.6
pimprod2052904,https://www.ulta.com/p/lip-idole-juicytreat-oil-in-gloss-pimprod2052904,Lancôme,Lip Idôle JuicyTreat Oil-in-Gloss - 10 Pink Ôh La La,Lip Gloss,$32.00,4.8
pimprod2015321,https://www.ulta.com/p/juicy-tubes-original-lip-gloss-pimprod2015321,Lancôme,Juicy Tubes Original Lip Gloss - 05 Marshmallow Electro,Lip Gloss,$25.00,4.6
pimprod2028231,https://www.ulta.com/p/drama-liqui-pencil-longwear-eyeliner-pimprod2028231,Lancôme,Drama Liqui-Pencil Longwear Eyeliner - 02 French Chocolate,Eyeliner,$26.00,4.6
pimprod2046625,https://www.ulta.com/p/teint-idole-ultra-wear-skin-transforming-powder-bronzer-pimprod2046625,Lancôme,Teint Idole Ultra Wear Skin Transforming Powder Bronzer - Fair,Bronzer,$45.00,4.8
pimprod2054124,https://www.ulta.com/p/hypnose-drama-waterproof-mascara-pimprod2054124,Lancôme,Hypnôse Drama Waterproof Mascara - Black,Mascara,$22.40,4.5
pimprod2007836,https://www.ulta.com/p/hypnose-eyeshadow-palette-pimprod2007836,Lancôme,Hypnôse Eyeshadow Palette - Reflet D'améthyste,$100 and Under,$65.00,4.5
pimprod2031649,https://www.ulta.com/p/idole-ultra-precise-felt-tip-waterproof-liquid-eyeliner-pimprod2031649,Lancôme,Idole Ultra-Precise Felt Tip Waterproof Liquid Eyeliner - 02 Syrup Brown,Eyeliner,$25.00,4.2
pimprod2045707,https://www.ulta.com/p/lip-idole-lip-shaper-pimprod2045707,Lancôme,Lip Idôle Lip Shaper - 21 Throwing Beige,Lip Liner,$25.00,4.7
pimprod2048794,https://www.ulta.com/p/hydra-zen-gel-cream-pimprod2048794,Lancôme,Hydra Zen Gel Cream,Face Moisturizer,$60.00,4.7
pimprod2057001,https://www.ulta.com/p/la-vie-est-belle-mini-duo-perfume-gift-set-pimprod2057001,Lancôme,La Vie Est Belle Mini Duo Perfume Gift Set,$30 and Under,$29.00,
pimprod2048816,https://www.ulta.com/p/hydra-zen-cream-pimprod2048816,Lancôme,Hydra Zen Cream,Face Moisturizer,$60.00,3.9
pimprod2049981,https://www.ulta.com/p/idole-power-eau-de-parfum-intense-pimprod2049981,Lancôme,Idôle Power Eau De Parfum Intense - 0.8 oz,Perfume,$72.00,4.5
pimprod2047154,https://www.ulta.com/p/renergie-hcf-triple-serum-eye-pimprod2047154,Lancôme,Rénergie H.C.F. Triple Serum Eye,Eye Serums,$95.00,4.4
pimprod2034810,https://www.ulta.com/p/advanced-genifique-night-cream-pimprod2034810,Lancôme,Advanced Génifique Night Cream,Night Cream,$110.00,4.6
pimprod2056240,https://www.ulta.com/p/advanced-genifique-radiance-boosting-face-serum-pimprod2056240,Lancôme,Advanced Génifique Radiance Boosting Face Serum,Face Serums,$220.00,
pimprod2038452,https://www.ulta.com/p/clarifique-pro-solution-brightening-dark-spot-reducing-serum-pimprod2038452,Lancôme,Clarifique Pro-Solution Brightening & Dark Spot Reducing Serum - 1.0 oz,Face Serums,$89.00,4.4
pimprod2049567,https://www.ulta.com/p/tonique-confort-hydrating-hyaluronic-acid-toner-pimprod2049567,Lancôme,Tonique Confort Hydrating Hyaluronic Acid Toner - 6.7 oz,Toner,$42.00,3.4
pimprod2022037,https://www.ulta.com/p/tresor-eau-de-parfum-pimprod2022037,Lancôme,Trésor Eau de Parfum - 1.7 oz,Perfume,$132.00,4.7
pimprod2056999,https://www.ulta.com/p/renergie-starter-set-pimprod2056999,Lancôme,Rénergie Starter Set,Skin Gifts,$45.00,
pimprod2004242,https://www.ulta.com/p/uv-expert-defense-spf-50-primer-moisturizer-pimprod2004242,Lancôme,UV Expert Defense SPF 50+ Primer & Moisturizer - 1.0 oz,Face Primer,$45.00,4.4
pimprod2040101,https://www.ulta.com/p/idole-now-eau-de-parfum-pimprod2040101,Lancôme,Idôle Now Eau De Parfum - 1.7 oz,Perfume,$128.00,4.6
pimprod2039068,https://www.ulta.com/p/glossing-detangler-pimprod2039068,LolaVie,Glossing Detangler - 5.0 oz,Travel Size Hair Care,$29.00,4.7
pimprod2039070,https://www.ulta.com/p/restorative-shampoo-pimprod2039070,LolaVie,Restorative Shampoo - 8.5 oz,Shampoo,$32.00,4.2
pimprod2054449,https://www.ulta.com/p/peptide-plumping-volume-shampoo-pimprod2054449,LolaVie,Peptide Plumping Volume Shampoo - 8.5 oz,Travel Size Hair Care,$32.00,4.4
pimprod2039071,https://www.ulta.com/p/restorative-conditioner-pimprod2039071,LolaVie,Restorative Conditioner - 8.5 oz,Conditioner,$32.00,4.3
pimprod2054451,https://www.ulta.com/p/peptide-plumping-volume-conditioner-pimprod2054451,LolaVie,Peptide Plumping Volume Conditioner - 8.5 oz,Travel Size Hair Care,$32.00,4.4
pimprod2039072,https://www.ulta.com/p/perfecting-leave-in-pimprod2039072,LolaVie,Perfecting Leave-In - 5.0 oz,Styling Products,$33.00,4.6
pimprod2051288,https://www.ulta.com/p/peptide-plumping-volume-spray-pimprod2051288,LolaVie,Peptide Plumping Volume Spray - 5.0 oz,Travel Size Hair Care,$30.00,4.4
pimprod2039074,https://www.ulta.com/p/restore-protect-travel-kit-pimprod2039074,LolaVie,Restore & Protect Travel Kit,Travel Size Hair Care,$45.00,4.1
pimprod2054446,https://www.ulta.com/p/peptide-plumping-volume-travel-kit-pimprod2054446,LolaVie,Peptide Plumping Volume Travel Kit,Travel Size Hair Care,$35.00,4.5
pimprod2056177,https://www.ulta.com/p/let-there-be-hair-scalp-serum-pimprod2056177,LolaVie,Let There Be Hair Scalp Serum,Scalp Care,$49.00,4.3
pimprod2044783,https://www.ulta.com/p/sculpting-paste-pimprod2044783,LolaVie,Sculpting Paste,Wax & Pomade,$29.00,4.5
pimprod2039073,https://www.ulta.com/p/lightweight-hair-oil-pimprod2039073,LolaVie,Lightweight Hair Oil,Treatment,$33.00,4.5
pimprod2047097,https://www.ulta.com/p/exfoliate-detox-scalp-shampoo-pimprod2047097,LolaVie,Exfoliate & Detox Scalp Shampoo,Scalp Care,$39.00,4.5
pimprod2053113,https://www.ulta.com/p/powder-perfect-dry-shampoo-pimprod2053113,LolaVie,Powder Perfect Dry Shampoo,Dry Shampoo,$25.00,4.1
pimprod2039833,https://www.ulta.com/p/intensive-repair-treatment-pimprod2039833,LolaVie,Intensive Repair Treatment,Treatment,$35.00,4.3
pimprod2053114,https://www.ulta.com/p/sculpting-paste-styling-wand-pimprod2053114,LolaVie,Sculpting Paste Styling Wand,Wax & Pomade,$15.00,4.4
pimprod2044371,https://www.ulta.com/p/lolavie-x-wet-brush-pro-flex-dry-pimprod2044371,LolaVie,LolaVie x Wet Brush Pro Flex Dry,Hair Brushes & Combs,$16.00,4.4
pimprod2047988,https://www.ulta.com/p/puppy-love-dog-shampoo-pimprod2047988,LolaVie,Puppy Love Dog Shampoo,Pet Care,$32.00,5.0
pimprod2055909,https://www.ulta.com/p/jelly-job-lip-gloss-pimprod2055909,NYX Professional Makeup,Jelly Job Lip Gloss - Toast N' Jelly,Lip Gloss,$12.00,4.6
pimprod2056065,https://www.ulta.com/p/epic-inky-stix-mechanical-cream-gel-eyeliner-pimprod2056065,NYX Professional Makeup,Epic Inky Stix Mechanical Cream Gel Eyeliner - Wired White,Eyeliner,$13.00,4.8
pimprod2056438,https://www.ulta.com/p/make-em-wonder-24h-soft-matte-foundation-pimprod2056438,NYX Professional Makeup,"Make 'EM Wonder, 24H Soft Matte Foundation - Light Nutmeg",Foundation,$16.00,4.5
pimprod2054837,https://www.ulta.com/p/lingerie-lip-liner-stain-pimprod2054837,NYX Professional Makeup,Lingerie Lip Liner Stain - Tease U Later,Lip Stain,$12.00,4.2
pimprod2021268,https://www.ulta.com/p/brow-glue-laminating-setting-gel-pimprod2021268,NYX Professional Makeup,The Brow Glue Laminating Setting Gel - Medium Brown,Eyebrows,$10.00,4.1
pimprod2045333,https://www.ulta.com/p/buttermelt-pressed-powder-blush-pimprod2045333,NYX Professional Makeup,Buttermelt Pressed Powder Blush - U Know Butta,Blush,$11.00,4.5
pimprod2052349,https://www.ulta.com/p/brow-glue-crazy-lift-pimprod2052349,NYX Professional Makeup,The Brow Glue Crazy Lift,Eyebrows,$12.00,4.4
pimprod2037823,https://www.ulta.com/p/fat-oil-lip-drip-lip-oil-pimprod2037823,NYX Professional Makeup,Fat Oil Lip Drip Lip Oil - Chillin Like a Villian,Lip Oil,$10.00,4.5
pimprod2024490,https://www.ulta.com/p/lip-lingerie-xxl-long-lasting-matte-liquid-lipstick-pimprod2024490,NYX Professional Makeup,Lip Lingerie XXL Long-Lasting Matte Liquid Lipstick - Untamable,Lipstick,$11.00,4.2
pimprod2031750,https://www.ulta.com/p/line-loud-longwear-lip-liner-pimprod2031750,NYX Professional Makeup,Line Loud Longwear Lip Liner - Global Citizen,Lip Liner,$8.00,3.8
pimprod2044366,https://www.ulta.com/p/buttermelt-pressed-powder-natural-finish-bronzer-pimprod2044366,NYX Professional Makeup,Buttermelt Pressed Powder Natural Finish Bronzer - Butta Biscuit,Bronzer,$11.00,4.3
pimprod2052066,https://www.ulta.com/p/smushy-matte-lip-balm-pimprod2052066,NYX Professional Makeup,Smushy Matte Lip Balm - Swipe Sesh,Lip Balms,$9.00,4.4
pimprod2047574,https://www.ulta.com/p/face-glue-gripping-primer-pimprod2047574,NYX Professional Makeup,The Face Glue Gripping Primer - 1.18 oz,Face Primer,$9.00,4.5
pimprod2016400,https://www.ulta.com/p/epic-wear-liner-stick-long-lasting-eyeliner-pencil-pimprod2016400,NYX Professional Makeup,Epic Wear Liner Stick Long Lasting Eyeliner Pencil - All Time Olive,Eyeliner,$9.00,4.2
pimprod2049052,https://www.ulta.com/p/lip-iv-hydrating-gloss-stain-pimprod2049052,NYX Professional Makeup,Lip IV Hydrating Gloss Stain - Berry Thirsty,Lip Gloss,$12.00,4.5
pimprod2050942,https://www.ulta.com/p/buttermelt-highlight-pimprod2050942,NYX Professional Makeup,Buttermelt Highlight - Bright & Butta,Highlighter,$12.00,4.7
pimprod2028567,https://www.ulta.com/p/bare-with-me-hydrating-face-body-concealer-serum-pimprod2028567,NYX Professional Makeup,Bare With Me Hydrating Face & Body Concealer Serum - Light,Concealer,$12.00,4.5
pimprod2049028,https://www.ulta.com/p/duck-plump-retractable-plumping-lip-liner-pimprod2049028,NYX Professional Makeup,Duck Plump Retractable Plumping Lip Liner - Pinkjection,Lip Liner,$10.00,4.1
pimprod2042790,https://www.ulta.com/p/retractable-vivid-rich-mechanical-eyeliner-pencil-pimprod2042790,NYX Professional Makeup,Retractable Vivid Rich Mechanical Eyeliner Pencil - Tigers Prize,Eyeliner,$8.00,4.4
pimprod2021269,https://www.ulta.com/p/lift-snatch-brow-tint-pen-waterproof-eyebrow-pen-pimprod2021269,NYX Professional Makeup,Lift & Snatch Brow Tint Pen Waterproof Eyebrow Pen - Auburn,Eyebrows,$13.00,4.2
pimprod2012498,https://www.ulta.com/p/epic-wear-long-lasting-liquid-eyeliner-pimprod2012498,NYX Professional Makeup,Epic Wear Long Lasting Liquid Eyeliner - Brown,Eyeliner,$12.00,3.2
pimprod2049129,https://www.ulta.com/p/buttermelt-glaze-skin-tint-spf-30-pimprod2049129,NYX Professional Makeup,Buttermelt Glaze Skin Tint SPF 30 - Cashew Butta,Tinted Moisturizer,$16.00,4.2
pimprod2056064,https://www.ulta.com/p/buttermelt-glaze-highlighter-stix-pimprod2056064,NYX Professional Makeup,Buttermelt Glaze Highlighter Stix - A Whole Melt,Highlighter,$14.00,4.5
pimprod2056066,https://www.ulta.com/p/wonder-snatch-setting-powder-pimprod2056066,NYX Professional Makeup,Wonder Snatch Setting Powder - Apricot Attitude,Setting Spray & Powder,$12.00,4.6
pimprod2042632,https://www.ulta.com/p/fat-oil-slick-click-vegan-lip-balm-pimprod2042632,NYX Professional Makeup,Fat Oil Slick Click Vegan Lip Balm - Going Live,Lip Balms,$12.00,4.5
pimprod2049528,https://www.ulta.com/p/brow-blade-shade-nano-brow-mechanical-pencil-pimprod2049528,NYX Professional Makeup,Brow Blade and Shade Nano Brow Mechanical Pencil - Blonde,Eyebrows,$12.00,4.5
pimprod2020796,https://www.ulta.com/p/shine-loud-high-shine-long-lasting-liquid-lipstick-pimprod2020796,NYX Professional Makeup,Shine Loud High Shine Long-Lasting Liquid Lipstick - Magic Maker,Lip Gloss,$13.00,4.0
pimprod2047575,https://www.ulta.com/p/face-glue-gripping-setting-spray-pimprod2047575,NYX Professional Makeup,The Face Glue Gripping Setting Spray - 2.03 oz,Setting Spray & Powder,$10.00,4.4
pimprod2032505,https://www.ulta.com/p/wonder-stick-cream-highlight-contour-stick-pimprod2032505,NYX Professional Makeup,Wonder Stick Cream Highlight & Contour Stick - Rich,Contouring,$14.00,4.2
pimprod2042801,https://www.ulta.com/p/pro-fix-stick-color-correcting-concealers-pimprod2042801,NYX Professional Makeup,Pro Fix Stick Color Correcting Concealers - Golden,Concealer,$10.00,4.3
pimprod2042775,https://www.ulta.com/p/duck-plump-high-pigment-lip-plumping-gloss-pimprod2042775,NYX Professional Makeup,Duck Plump High Pigment Lip Plumping Gloss - Cherry Spice,Lip Plumpers,$13.00,3.6
pimprod2001745,https://www.ulta.com/p/cant-stop-wont-stop-24hr-full-coverage-matte-concealer-pimprod2001745,NYX Professional Makeup,Can't Stop Won't Stop 24HR Full Coverage Matte Concealer - Golden,Concealer,$4.75,4.2
pimprod2021267,https://www.ulta.com/p/marshmellow-smoothing-face-primer-pimprod2021267,NYX Professional Makeup,Marshmellow Smoothing Face Primer - 1.01 oz,Face Primer,$17.00,4.4
pimprod2042789,https://www.ulta.com/p/marsh-mellow-matte-setting-spray-pimprod2042789,NYX Professional Makeup,Marsh Mellow Matte Setting Spray,Setting Spray & Powder,$10.00,4.5
pimprod2029852,https://www.ulta.com/p/thick-it-stick-it-thickening-brow-gel-mascara-pimprod2029852,NYX Professional Makeup,Thick it Stick it! Thickening Brow Gel Mascara - Espresso,Eyebrows,$13.00,4.1
pimprod2036633,https://www.ulta.com/p/bare-with-me-blur-tint-soft-matte-foundation-pimprod2036633,NYX Professional Makeup,Bare With Me Blur Tint Soft Matte Foundation - 05: Vanilla,Foundation,$14.00,3.6
pimprod2029851,https://www.ulta.com/p/plump-right-back-electrolytes-plumping-primer-serum-pimprod2029851,NYX Professional Makeup,Plump Right Back Electrolytes Plumping Primer Serum - 1.01 oz,Face Primer,$17.00,4.5
pimprod2022021,https://www.ulta.com/p/pore-filler-blurring-face-primer-pimprod2022021,NYX Professional Makeup,Pore Filler Blurring Face Primer - 0.67 oz,Face Primer,$15.00,4.0
pimprod2004905,https://www.ulta.com/p/fill-fluff-eyebrow-pencil-pomade-pimprod2004905,NYX Professional Makeup,Fill & Fluff Eyebrow Pencil Pomade - Black,Eyebrows,$14.00,4.3
pimprod2051184,https://www.ulta.com/p/fat-oil-lip-drip-chillz-cooling-lip-oil-pimprod2051184,NYX Professional Makeup,Fat Oil Lip Drip Chillz Cooling Lip Oil - Citrus Chiller,Lip Gloss,$10.00,4.6
pimprod2051115,https://www.ulta.com/p/epic-ink-glitz-waterproof-liquid-eyeliner-pimprod2051115,NYX Professional Makeup,Epic Ink Glitz Waterproof Liquid Eyeliner - Bootcut Bling,Eyeliner,$11.00,4.0
pimprod2052350,https://www.ulta.com/p/fat-cheeks-dewy-liquid-blush-pimprod2052350,NYX Professional Makeup,Fat Cheeks Dewy Liquid Blush - Papaya Plump,Blush,$10.00,4.5
pimprod2036639,https://www.ulta.com/p/vivid-matte-longwear-liquid-eyeliner-pimprod2036639,NYX Professional Makeup,Vivid Matte Longwear Liquid Eyeliner - Black,Eyeliner,$10.00,3.3
pimprod2039711,https://www.ulta.com/p/ultimate-color-shadow-palette-warm-neutrals-pimprod2039711,NYX Professional Makeup,Ultimate Color Shadow Palette Warm Neutrals,Eyeshadow,$20.00,4.5
pimprod2026311,https://www.ulta.com/p/cant-stop-wont-stop-all-day-mattifying-powder-pimprod2026311,NYX Professional Makeup,Can't Stop Won't Stop All Day Mattifying Powder - Golden,Setting Spray & Powder,$9.50,4.2
pimprod2044637,https://www.ulta.com/p/butter-gloss-bling-non-sticky-lip-gloss-pimprod2044637,NYX Professional Makeup,Butter Gloss Bling Non-Sticky Lip Gloss - Bring The Bling,Lip Gloss,$6.00,4.5
pimprod2039713,https://www.ulta.com/p/ultimate-color-shadow-palette-i-know-thats-bright-pimprod2039713,NYX Professional Makeup,Ultimate Color Shadow Palette I Know That's Bright,Eyeshadow,$20.00,4.5
pimprod2029854,https://www.ulta.com/p/epic-smoke-liner-sticks-vegan-smokey-eyeliner-pimprod2029854,NYX Professional Makeup,Epic Smoke Liner Sticks Vegan Smokey Eyeliner - Sage Sparks,Eyeliner,$6.00,4.0
pimprod2045731,https://www.ulta.com/p/powder-louder-brow-powder-pencil-pimprod2045731,NYX Professional Makeup,Powder Louder Brow Powder Pencil - Blonde,Eyebrows,$4.00,4.5
pimprod2039967,https://www.ulta.com/p/zero-brow-longwear-eyebrow-gel-pimprod2039967,NYX Professional Makeup,Zero to Brow Longwear Eyebrow Gel - Ash Blond,Eyebrows,$13.00,4.2
pimprod2015770,https://www.ulta.com/p/clarifying-detox-shampoo-pimprod2015770,OUAI,Clarifying Detox Shampoo - 10.0 oz,Travel Size Hair Care,$34.00,4.5
pimprod2012515,https://www.ulta.com/p/lightweight-hair-oil-frizz-control-pimprod2012515,OUAI,Lightweight Hair Oil for Frizz Control - 1.5 oz,Travel Size Hair Care,$32.00,4.6
pimprod2049054,https://www.ulta.com/p/st-barts-hair-body-mist-pimprod2049054,OUAI,St. Barts Hair & Body Mist - 8.0 oz,Travel Size Hair Care,$38.00,4.7
pimprod2012524,https://www.ulta.com/p/detangling-frizz-control-leave-in-conditioner-pimprod2012524,OUAI,Detangling And Frizz Control Leave In Conditioner - 4.7 oz,Travel Size Hair Care,$32.00,4.2
pimprod2014620,https://www.ulta.com/p/shampoo-fine-hair-pimprod2014620,OUAI,Shampoo for Fine Hair - 10.0 oz,Travel Size Hair Care,$32.00,3.7
pimprod2014616,https://www.ulta.com/p/conditioner-fine-hair-pimprod2014616,OUAI,Conditioner for Fine Hair - 10.0 oz,Travel Size Hair Care,$32.00,4.0
pimprod2014617,https://www.ulta.com/p/conditioner-medium-hair-pimprod2014617,OUAI,Conditioner for Medium Hair - 10.0 oz,Travel Size Hair Care,$32.00,4.2
pimprod2023428,https://www.ulta.com/p/treatment-mask-fine-medium-hair-pimprod2023428,OUAI,Treatment Mask for Fine to Medium Hair - 8.0 oz,Travel Size Hair Care,$38.00,4.6
pimprod2014607,https://www.ulta.com/p/shampoo-medium-hair-pimprod2014607,OUAI,Shampoo for Medium Hair - 10.0 oz,Travel Size Hair Care,$32.00,4.0
pimprod2021310,https://www.ulta.com/p/frizz-free-curl-cream-pimprod2021310,OUAI,Frizz-Free Curl Cream - 8.0 oz,Curl Enhancing,$32.00,4.3
pimprod2014622,https://www.ulta.com/p/conditioner-thick-hair-pimprod2014622,OUAI,Conditioner for Thick Hair - 10.0 oz,Travel Size Hair Care,$32.00,4.2
pimprod2054141,https://www.ulta.com/p/melrose-place-super-dry-invisible-dry-shampoo-pimprod2054141,OUAI,Melrose Place Super Dry Invisible Dry Shampoo - 4.5 oz,Travel Size Hair Care,$30.00,4.8
pimprod2049800,https://www.ulta.com/p/texturizing-wave-spray-pimprod2049800,OUAI,Texturizing Wave Spray - 6.0 oz,Travel Size Hair Care,$30.00,4.5
pimprod2043906,https://www.ulta.com/p/anti-frizz-styling-creme-pimprod2043906,OUAI,Anti-Frizz Styling Crème - 6.0 oz,Travel Size Hair Care,$30.00,4.6
pimprod2039348,https://www.ulta.com/p/st-barts-moisturizing-body-cream-pimprod2039348,OUAI,St. Barts Moisturizing Body Cream - 7.5 oz,Travel Size Body Care,$40.00,4.8
pimprod2014621,https://www.ulta.com/p/shampoo-thick-hair-pimprod2014621,OUAI,Shampoo for Thick Hair - 10.0 oz,Travel Size Hair Care,$32.00,4.0
pimprod2033359,https://www.ulta.com/p/hydrating-scalp-serum-pimprod2033359,OUAI,Hydrating Scalp Serum,Scalp Care,$54.00,4.4
pimprod2023436,https://www.ulta.com/p/treatment-mask-thick-hair-pimprod2023436,OUAI,Treatment Mask for Thick Hair - 8.0 oz,Travel Size Hair Care,$38.00,4.6
pimprod2037858,https://www.ulta.com/p/anti-dandruff-shampoo-pimprod2037858,OUAI,Anti-Dandruff Shampoo,Shampoo,$38.00,4.4
pimprod2054139,https://www.ulta.com/p/cape-town-super-dry-invisible-dry-shampoo-pimprod2054139,OUAI,Cape Town Super Dry Invisible Dry Shampoo - 4.5 oz,Travel Size Hair Care,$30.00,4.8
pimprod2042591,https://www.ulta.com/p/st-barts-gentle-body-wash-pimprod2042591,OUAI,St. Barts Gentle Body Wash - 10.0 oz,Travel Size Body Care,$28.00,4.8
pimprod2031691,https://www.ulta.com/p/st-barts-cleansing-scalp-body-sugar-scrub-pimprod2031691,OUAI,St. Barts Cleansing Scalp & Body Sugar Scrub - 8.8 oz,Body Scrubs & Exfoliants,$42.00,4.8
pimprod2054658,https://www.ulta.com/p/st-barts-aluminum-free-deodorant-pimprod2054658,OUAI,St. Barts Aluminum-Free Deodorant,Deodorant,$22.00,4.7
pimprod2051509,https://www.ulta.com/p/thickening-volume-spray-fine-hair-pimprod2051509,OUAI,Thickening & Volume Spray for Fine Hair,Volume & Texture,$30.00,4.7
pimprod2013115,https://www.ulta.com/p/melrose-place-eau-de-parfum-pimprod2013115,OUAI,Melrose Place Eau de Parfum - 1.7 oz,Perfume,$64.00,4.4
pimprod2053903,https://www.ulta.com/p/melrose-place-aluminum-free-deodorant-pimprod2053903,OUAI,Melrose Place Aluminum-Free Deodorant,Deodorant,$22.00,4.6
pimprod2012535,https://www.ulta.com/p/melrose-place-cleansing-scalp-body-sugar-scrub-pimprod2012535,OUAI,Melrose Place Cleansing Scalp & Body Sugar Scrub - 8.8 oz,Body Scrubs & Exfoliants,$42.00,4.6
pimprod2012519,https://www.ulta.com/p/heat-free-air-dry-styling-foam-pimprod2012519,OUAI,Heat-Free Air Dry Styling Foam,Volume & Texture,$28.00,3.8
pimprod2029834,https://www.ulta.com/p/melrose-place-moisturizing-body-cream-pimprod2029834,OUAI,Melrose Place Moisturizing Body Cream - 7.5 oz,Travel Size Body Care,$40.00,4.7
pimprod2044212,https://www.ulta.com/p/hair-gloss-in-shower-shine-treatment-pimprod2044212,OUAI,Hair Gloss In-Shower Shine Treatment,Gloss & Shine,$34.00,4.3
pimprod2029723,https://www.ulta.com/p/melrose-place-gentle-body-wash-pimprod2029723,OUAI,Melrose Place Gentle Body Wash - 10.0 oz,Travel Size Body Care,$28.00,4.7
pimprod2013118,https://www.ulta.com/p/north-bondi-eau-de-parfum-pimprod2013118,OUAI,North Bondi Eau de Parfum - 1.7 oz,Perfume,$64.00,4.2
pimprod2053902,https://www.ulta.com/p/cape-town-aluminum-free-deodorant-pimprod2053902,OUAI,Cape Town Aluminum-Free Deodorant,Deodorant,$22.00,4.7
pimprod2020250,https://www.ulta.com/p/nourishing-hand-wash-pimprod2020250,OUAI,Nourishing Hand Wash - 16.0 oz,Hand Soap & Sanitizers,$32.00,4.6
pimprod2020249,https://www.ulta.com/p/lightweight-hand-lotion-pimprod2020249,OUAI,Lightweight Hand Lotion,Hand Cream & Foot Cream,$32.00,4.7
pimprod2023962,https://www.ulta.com/p/fur-bebe-pet-shampoo-pimprod2023962,OUAI,Fur Bébé Pet Shampoo,Pet Care,$32.00,4.8
pimprod2025730,https://www.ulta.com/p/dean-street-eau-de-parfum-pimprod2025730,OUAI,Dean Street Eau de Parfum,Perfume,$64.00,4.7
pimprod2055364,https://www.ulta.com/p/gentle-detox-face-cleanser-pimprod2055364,OUAI,Gentle Detox Face Cleanser,Face Wash,$30.00,4.8
pimprod2025729,https://www.ulta.com/p/rue-st-honore-eau-de-parfum-pimprod2025729,OUAI,Rue St. Honoré Eau de Parfum,Perfume,$64.00,4.7
pimprod2012520,https://www.ulta.com/p/dean-street-gentle-body-wash-pimprod2012520,OUAI,Dean Street Gentle Body Wash - 10.0 oz,Shower Gel & Body Wash,$28.00,4.7
pimprod2040434,https://www.ulta.com/p/skin-fetish-sublime-perfection-foundation-pimprod2040434,PAT McGRATH LABS,Skin Fetish: Sublime Perfection Foundation - Medium 16,Foundation,$69.00,4.2
pimprod2040428,https://www.ulta.com/p/satinallure-lipstick-pimprod2040428,PAT McGRATH LABS,SatinAllure Lipstick - Nude Romantique 2,Lipstick,$30.00,4.0
pimprod2040426,https://www.ulta.com/p/skin-fetish-sublime-perfection-blurring-under-eye-powder-pimprod2040426,PAT McGRATH LABS,Skin Fetish: Sublime Perfection Blurring Under Eye Powder - Medium,Concealer,$35.00,4.6
pimprod2040437,https://www.ulta.com/p/skin-fetish-divine-blush-pimprod2040437,PAT McGRATH LABS,Skin Fetish Divine Blush - Divine Rose,Blush,$39.00,4.5
pimprod2040432,https://www.ulta.com/p/divine-cream-blush-legendary-glow-colour-balm-pimprod2040432,PAT McGRATH LABS,Divine Cream Blush: Legendary Glow Colour Balm - Fleurotique,Blush,$29.00,4.9
pimprod2040456,https://www.ulta.com/p/perma-precision-liquid-eyeliner-pimprod2040456,PAT McGRATH LABS,Perma Precision Liquid Eyeliner - Xtreme Black,Eyeliner,$36.00,3.6
pimprod2040526,https://www.ulta.com/p/divine-skin-rose-001-essence-pimprod2040526,PAT McGRATH LABS,Divine Skin: Rose 001 The Essence,Face Mists & Essences,$86.00,4.6
pimprod2040422,https://www.ulta.com/p/venus-in-fleurs-luxe-quad-voyeuristic-vixen-pimprod2040422,PAT McGRATH LABS,Venus In Fleurs Luxe Quad: Voyeuristic Vixen,Eyeshadow,$62.00,4.3
pimprod2040433,https://www.ulta.com/p/skin-fetish-sublime-perfection-full-coverage-concealer-pimprod2040433,PAT McGRATH LABS,Skin Fetish: Sublime Perfection Full Coverage Concealer - Light 2,Concealer,$34.00,4.3
pimprod2040413,https://www.ulta.com/p/celestial-divinity-luxe-quad-interstellar-icon-pimprod2040413,PAT McGRATH LABS,Celestial Divinity Luxe Quad: Interstellar Icon,Eyeshadow,$62.00,5.0
pimprod2040435,https://www.ulta.com/p/skin-fetish-divine-bronzer-pimprod2040435,PAT McGRATH LABS,Skin Fetish: Divine Bronzer - Naked Desire,Bronzer,$39.00,4.5
pimprod2045108,https://www.ulta.com/p/dramatique-mega-lip-pencil-pimprod2045108,PAT McGRATH LABS,Dramatique Mega Lip Pencil - Nude Venus,Lip Liner,$29.00,4.3
pimprod2040445,https://www.ulta.com/p/lust-gloss-pimprod2040445,PAT McGRATH LABS,Lust: Gloss - Divine Rose,Lip Gloss,$29.00,4.1
pimprod2052006,https://www.ulta.com/p/legendary-longwear-lip-liner-pimprod2052006,PAT McGRATH LABS,Legendary Longwear Lip Liner - Buff,Lip Liner,$29.00,3.7
pimprod2040417,https://www.ulta.com/p/mothership-x-moonlit-seduction-pimprod2040417,PAT McGRATH LABS,Mothership X: Moonlit Seduction,Eyeshadow,$128.00,5.0
pimprod2040430,https://www.ulta.com/p/mattetrance-lipstick-pimprod2040430,PAT McGRATH LABS,MatteTrance Lipstick - Divine Rose,Lipstick,$39.00,3.9
pimprod2052377,https://www.ulta.com/p/permagel-ultra-glide-eye-pencil-pimprod2052377,PAT McGRATH LABS,PermaGel Ultra Glide Eye Pencil - Xtreme Black,Eyeliner,$29.00,4.0
pimprod2040419,https://www.ulta.com/p/mothership-vii-divine-rose-pimprod2040419,PAT McGRATH LABS,Mothership VII: Divine Rose,Eyeshadow,$128.00,4.5
pimprod2040529,https://www.ulta.com/p/skin-fetish-sublime-perfection-primer-pimprod2040529,PAT McGRATH LABS,Skin Fetish: Sublime Perfection Primer,Face Primer,$38.00,4.3
pimprod2042739,https://www.ulta.com/p/mothership-xi-sunlit-seduction-pimprod2042739,PAT McGRATH LABS,Mothership XI: Sunlit Seduction,Eyeshadow,$128.00,4.7
pimprod2040418,https://www.ulta.com/p/mothership-v-bronze-seduction-pimprod2040418,PAT McGRATH LABS,Mothership V: Bronze Seduction,Eyeshadow,$128.00,4.4
pimprod2051256,https://www.ulta.com/p/divine-skin-rose-001-hydrating-glow-cream-pimprod2051256,PAT McGRATH LABS,Divine Skin: Rose 001 The Hydrating Glow Cream,Face Moisturizer,$78.00,5.0
pimprod2055254,https://www.ulta.com/p/skin-fetish-glass-001-legendary-glow-setting-spray-pimprod2055254,PAT McGRATH LABS,Skin Fetish: Glass 001 Legendary Glow Setting Spray,Setting Spray & Powder,$38.00,
pimprod2040416,https://www.ulta.com/p/mothership-ix-huetopian-dream-pimprod2040416,PAT McGRATH LABS,Mothership IX: Huetopian Dream,Eyeshadow,$128.00,4.6
pimprod2040458,https://www.ulta.com/p/dark-star-mascara-pimprod2040458,PAT McGRATH LABS,Dark Star Mascara - Xtreme Black,Mascara,$34.00,3.4
pimprod2040455,https://www.ulta.com/p/blitz-astral-quad-ritualistic-rose-pimprod2040455,PAT McGRATH LABS,Blitz Astral Quad: Ritualistic Rose,Eyeshadow,$62.00,3.2
pimprod2056924,https://www.ulta.com/p/skin-fetish-sublime-perfection-longwear-blurring-setting-spray-pimprod2056924,PAT McGRATH LABS,Skin Fetish: Sublime Perfection Longwear Blurring Setting Spray,Setting Spray & Powder,$38.00,4.3
pimprod2040527,https://www.ulta.com/p/intensifeyes-longwear-primer-pimprod2040527,PAT McGRATH LABS,IntensifEYES Longwear Primer,Eye Primer & Base,$32.00,4.0
pimprod2040421,https://www.ulta.com/p/skin-fetish-highlighter-balm-duo-pimprod2040421,PAT McGRATH LABS,Skin Fetish: Highlighter + Balm Duo - Bronze,Highlighter,$50.00,4.3
pimprod2040459,https://www.ulta.com/p/fetisheyes-mascara-pimprod2040459,PAT McGRATH LABS,FetishEYES Mascara - Xtreme Black,Mascara,$34.00,3.8
pimprod2040528,https://www.ulta.com/p/skin-fetish-sublime-perfection-concealer-brush-pimprod2040528,PAT McGRATH LABS,Skin Fetish: Sublime Perfection Concealer Brush,Makeup Brushes,$36.00,3.8
pimprod2040423,https://www.ulta.com/p/skin-fetish-sublime-perfection-setting-powder-pimprod2040423,PAT McGRATH LABS,Skin Fetish: Sublime Perfection Setting Powder - Medium 2,Setting Spray & Powder,$42.00,3.4
pimprod2051674,https://www.ulta.com/p/divine-rose-jet-set-kit-pimprod2051674,PAT McGRATH LABS,Divine Rose: Jet-Set Kit,$100 and Under,$52.00,2.7
pimprod2046741,https://www.ulta.com/p/eye-shadow-quad-nirvana-nectar-pimprod2046741,PAT McGRATH LABS,Eye​ Shadow Quad: Nirvana Nectar,$100 and Under,$56.00,3.8
pimprod2053927,https://www.ulta.com/p/gilded-nirvana-mega-eyeshadow-palette-pimprod2053927,PAT McGRATH LABS,Gilded Nirvana: Mega Eyeshadow Palette,Eyeshadow Palettes,$72.00,3.9
pimprod2040414,https://www.ulta.com/p/divine-rose-luxe-quad-eternal-eden-pimprod2040414,PAT McGRATH LABS,Divine Rose Luxe Quad: Eternal Eden,Eyeshadow,$62.00,4.0
pimprod2042381,https://www.ulta.com/p/mothership-ii-sublime-pimprod2042381,PAT McGRATH LABS,Mothership II: Sublime,Eyeshadow,$128.00,5.0
pimprod2055920,https://www.ulta.com/p/liquilust-legendary-wear-metallic-lipstick-pimprod2055920,PAT McGRATH LABS,LiquiLUST: Legendary Wear Metallic Lipstick - Vivid Blue Red,Lipstick,$34.00,3.2
pimprod2046077,https://www.ulta.com/p/mini-mattetrance-lipstick-duo-iconic-hues-pimprod2046077,PAT McGRATH LABS,Mini MatteTrance Lipstick Duo: Iconic Hues,Travel Size Makeup,$25.00,5.0
pimprod2042383,https://www.ulta.com/p/mothership-viii-divine-rose-ii-pimprod2042383,PAT McGRATH LABS,Mothership VIII: Divine Rose II,Eyeshadow,$128.00,5.0
pimprod2042379,https://www.ulta.com/p/lip-fetish-sheer-colour-lip-balm-pimprod2042379,PAT McGRATH LABS,Lip Fetish Sheer Colour Lip Balm - Clear,Lip Balms,$39.00,4.2
pimprod2042002,https://www.ulta.com/p/divine-line-lash-duo-pimprod2042002,PAT McGRATH LABS,Divine Line & Lash Duo,Makeup & Nail Gifts,$48.00,
pimprod2040425,https://www.ulta.com/p/skin-fetish-divine-glow-highlighter-pimprod2040425,PAT McGRATH LABS,Skin Fetish: Divine Glow Highlighter - Venus Nectar,Highlighter,$48.00,3.8
pimprod2051255,https://www.ulta.com/p/mothership-xii-petalmorphosis-pimprod2051255,PAT McGRATH LABS,Mothership XII: Petalmorphosis,Eyeshadow,$128.00,4.5
pimprod2045618,https://www.ulta.com/p/dual-precision-pencil-sharpener-pimprod2045618,PAT McGRATH LABS,Dual Precision Pencil Sharpener,Brow & Lash Tools,$7.00,
pimprod2042380,https://www.ulta.com/p/mothership-i-subliminal-pimprod2042380,PAT McGRATH LABS,Mothership I: Subliminal,Eyeshadow,$128.00,3.4
pimprod2040415,https://www.ulta.com/p/luxe-eye-shadow-quad-passion-fleur-pimprod2040415,PAT McGRATH LABS,Luxe Eye Shadow Quad: Passion Fleur,Eyeshadow,$62.00,5.0
pimprod2042382,https://www.ulta.com/p/mothership-vi-midnight-sun-pimprod2042382,PAT McGRATH LABS,Mothership VI: Midnight Sun,Eyeshadow,$128.00,5.0
pimprod2010478,https://www.ulta.com/p/spresso-energizing-eye-balm-pimprod2010478,TULA,‘Spresso Energizing Eye Balm - Cappuccino,Eye Cream,$38.00,4.5
pimprod2036708,https://www.ulta.com/p/24-7-moisture-intense-ultra-hydrating-day-night-cream-pimprod2036708,TULA,24-7 Moisture Intense Ultra Hydrating Day & Night Cream - 1.48 oz,Travel Size Skin Care,$58.00,4.6
pimprod2024916,https://www.ulta.com/p/blurring-moisturizing-filter-primer-pimprod2024916,TULA,Blurring & Moisturizing Filter Primer - Sunrise,Face Primer,$38.00,4.5
pimprod2024917,https://www.ulta.com/p/supersize-blurring-moisturizing-filter-primer-pimprod2024917,TULA,Supersize Blurring & Moisturizing Filter Primer - Luna,Face Primer,$60.00,4.5
pimprod2016249,https://www.ulta.com/p/protect-glow-daily-sunscreen-gel-broad-spectrum-spf-30-pimprod2016249,TULA,Protect + Glow Daily Sunscreen Gel Broad Spectrum SPF 30 - 3.38 oz,Sunscreen,$58.00,4.5
pimprod2043909,https://www.ulta.com/p/24-7-moisture-fragrance-free-hydrating-day-night-cream-pimprod2043909,TULA,24-7 Moisture Fragrance Free Hydrating Day & Night Cream,Night Cream,$58.00,4.3
pimprod2045112,https://www.ulta.com/p/24-7-weightless-moisture-day-night-gel-cream-pimprod2045112,TULA,24-7 Weightless Moisture Day & Night Gel Cream - 1.5 oz,Night Cream,$58.00,4.6
pimprod2043908,https://www.ulta.com/p/cult-classic-fragrance-free-purifying-face-cleanser-pimprod2043908,TULA,The Cult Classic Fragrance Free Purifying Face Cleanser,Face Wash,$34.00,4.5
pimprod2019793,https://www.ulta.com/p/brightening-treatment-drops-triple-vitamin-c-serum-pimprod2019793,TULA,Brightening Treatment Drops Triple Vitamin C Serum,Face Serums,$58.00,4.3
pimprod2006051,https://www.ulta.com/p/glow-get-it-cooling-brightening-eye-balm-pimprod2006051,TULA,Glow & Get It Cooling & Brightening Eye Balm,Eye Cream,$38.00,4.3
pimprod2008508,https://www.ulta.com/p/so-polished-exfoliating-sugar-face-scrub-pimprod2008508,TULA,So Polished Exfoliating Sugar Face Scrub,Face Peels & Exfoliators,$34.00,4.6
pimprod2048836,https://www.ulta.com/p/a-renewal-advanced-retinal-peptides-serum-pimprod2048836,TULA,A+ Renewal Advanced Retinal & Peptides Serum,Face Serums,$58.00,4.7
pimprod2024933,https://www.ulta.com/p/glow-starts-here-bestselling-skin-essentials-kit-pimprod2024933,TULA,Glow Starts Here Bestselling Skin Essentials Kit,Eye Serums,$138.00,4.3
pimprod2037800,https://www.ulta.com/p/24-7-ultra-hydration-triple-hydra-complex-day-night-serum-pimprod2037800,TULA,24-7 Ultra Hydration Triple-Hydra Complex Day & Night Serum,Face Serums,$48.00,4.7
pimprod2009323,https://www.ulta.com/p/beauty-sleep-overnight-repair-treatment-pimprod2009323,TULA,Beauty Sleep Overnight Repair Treatment,Night Cream,$68.00,4.3
pimprod2045196,https://www.ulta.com/p/skincare-starting-lineup-full-size-skincare-discovery-kit-pimprod2045196,TULA,Skincare Starting Lineup Full-Size Skincare Discovery Kit,Skin Gifts,$88.00,4.6
pimprod2051854,https://www.ulta.com/p/acne-heroes-acne-clearing-routine-pimprod2051854,TULA,Acne Heroes Acne-Clearing Routine,Acne & Blemish Treatments,$88.00,3.4
pimprod2034255,https://www.ulta.com/p/on-go-best-sellers-travel-kit-pimprod2034255,TULA,On-The-Go Best Sellers Travel Kit,Skin Gifts,$49.00,4.7
pimprod2050096,https://www.ulta.com/p/24-7-moisture-hydrating-day-cream-with-spf-30-pimprod2050096,TULA,24-7 Moisture Hydrating Day Cream with SPF 30,Face Moisturizer,$58.00,4.6
pimprod2017781,https://www.ulta.com/p/so-poreless-deep-exfoliating-scrub-pimprod2017781,TULA,So Poreless Deep Exfoliating Scrub,Face Peels & Exfoliators,$34.00,4.6
pimprod2009337,https://www.ulta.com/p/keep-it-clear-acne-foam-cleanser-pimprod2009337,TULA,Keep It Clear Acne Foam Cleanser,Acne & Blemish Treatments,$36.00,4.4
pimprod2014625,https://www.ulta.com/p/breakout-star-acne-moisturizer-pimprod2014625,TULA,Breakout Star Acne Moisturizer,Acne & Blemish Treatments,$52.00,4.4
pimprod2019788,https://www.ulta.com/p/protect-plump-firming-hydrating-face-moisturizer-pimprod2019788,TULA,Protect + Plump Firming & Hydrating Face Moisturizer,Face Moisturizer,$68.00,4.2
pimprod2046128,https://www.ulta.com/p/glaze-plumping-lip-treatment-pimprod2046128,TULA,‘Glaze Plumping Lip Treatment - Pink,Lip Balms,$18.00,4.5
pimprod2026425,https://www.ulta.com/p/24-7-power-swipe-hydrating-day-night-treatment-eye-balm-pimprod2026425,TULA,24-7 Power Swipe Hydrating Day & Night Treatment Eye Balm,Eye Cream,$44.00,4.4
pimprod2051852,https://www.ulta.com/p/clear-up-pore-clearing-gel-pimprod2051852,TULA,Clear Up Pore Clearing Gel,Acne & Blemish Treatments,$38.00,5.0
pimprod2030892,https://www.ulta.com/p/bright-start-vitamin-c-antioxidant-brightening-moisturizer-pimprod2030892,TULA,Bright Start Vitamin C Antioxidant Brightening Moisturizer,Face Moisturizer,$58.00,4.1
pimprod2019791,https://www.ulta.com/p/wrinkle-treatment-drops-retinol-alternative-serum-pimprod2019791,TULA,Wrinkle Treatment Drops Retinol Alternative Serum,Face Serums,$58.00,4.3
pimprod2045197,https://www.ulta.com/p/skincare-starting-lineup-travel-size-skincare-discovery-kit-pimprod2045197,TULA,Skincare Starting Lineup Travel-Size Skincare Discovery Kit,Skin Gifts,$39.00,4.8
pimprod2046127,https://www.ulta.com/p/24-7-moisture-day-night-peptide-lip-mask-pimprod2046127,TULA,24-7 Moisture Day & Night Peptide Lip Mask,Lip Balms,$18.00,4.3
pimprod2045111,https://www.ulta.com/p/bronze-boost-glow-bronzing-drops-pimprod2045111,TULA,Bronze Boost Glow Bronzing Drops,Self-Tanning & Bronzing,$34.00,4.8
pimprod2045113,https://www.ulta.com/p/clarifying-tonic-alcohol-free-daily-toner-pimprod2045113,TULA,Clarifying Tonic Alcohol-Free Daily Toner,Toner,$28.00,4.7
pimprod2046126,https://www.ulta.com/p/dark-spot-serum-7-pro-niacinamide-treatment-pimprod2046126,TULA,Dark Spot Serum 7% Pro-Niacinamide Treatment,Acne & Blemish Treatments,$44.00,4.3
pimprod2048861,https://www.ulta.com/p/eye-recharge-replenish-pro-ferm-overnight-eye-cream-pimprod2048861,TULA,Eye Recharge + Replenish Pro-Ferm Overnight Eye Cream,Eye Cream,$56.00,4.2
pimprod2051853,https://www.ulta.com/p/clear-skin-starters-travel-size-acne-blemish-fighting-kit-pimprod2051853,TULA,Clear Skin Starters Travel-Size Acne & Blemish Fighting Kit,Acne & Blemish Treatments,$49.00,3.0
pimprod2054108,https://www.ulta.com/p/treat-trio-bestsellers-set-pimprod2054108,TULA,The Treat Trio Bestsellers Set,Skin Gifts,$33.60,
pimprod2050099,https://www.ulta.com/p/barrier-balance-ceramide-body-moisturizer-pimprod2050099,TULA,Barrier Balance Ceramide Body Moisturizer,Body Lotion & Creams,$32.00,4.8
pimprod2042849,https://www.ulta.com/p/h2oasis-instant-skin-reviving-mask-pimprod2042849,TULA,H2Oasis Instant Skin Reviving Mask,Face Masks,$34.00,4.5
pimprod2042851,https://www.ulta.com/p/bedtime-bright-vita-charge-overnight-brightening-treatment-pimprod2042851,TULA,Bedtime Bright Vita-Charge Overnight Brightening Treatment,Face Serums,$58.00,4.2
pimprod2057213,https://www.ulta.com/p/rich-rinse-nourishing-cream-cleanser-pimprod2057213,TULA,The Rich Rinse Nourishing Cream Cleanser,Face Wash,$34.00,
pimprod2054195,https://www.ulta.com/p/petite-treats-best-selling-minis-set-pimprod2054195,TULA,Petite Treats Best Selling Minis Set,Skin Gifts,$17.50,
pimprod2046130,https://www.ulta.com/p/24-7-moisture-minis-hydrating-moisturizer-trio-pimprod2046130,TULA,24-7 Moisture Minis Hydrating Moisturizer Trio,Night Cream,$48.00,4.7
pimprod2050104,https://www.ulta.com/p/protect-go-dewy-glow-sunscreen-stick-spf-50-pimprod2050104,TULA,Protect + Go Dewy Glow Sunscreen Stick SPF 50,Sunscreen,$29.00,4.3
pimprod2040353,https://www.ulta.com/p/radiant-skin-brightening-serum-concealer-pimprod2040353,TULA,Radiant Skin Brightening Serum Concealer - 170,Concealer,$32.00,3.3
pimprod2049861,https://www.ulta.com/p/hidden-gems-hydrocolloid-pimple-patches-with-salicylic-acid-pimprod2049861,af94,Hidden Gems Hydrocolloid Pimple Patches with Salicylic Acid,Acne & Blemish Treatments,$12.00,4.3
pimprod2034257,https://www.ulta.com/p/firewall-argan-shine-flat-iron-spray-pimprod2034257,AG Care,Firewall Argan Shine & Flat Iron Spray,Heat Protectant,$32.00,3.8
pimprod2037269,https://www.ulta.com/p/recoil-curl-activator-pimprod2037269,AG Care,Re:Coil Curl Activator - 6.0 oz,Curl Enhancing,$28.00,4.8
pimprod2053133,https://www.ulta.com/p/jumbo-liter-pump-1l-338-fl-oz-bottles-pimprod2053133,AG Care,Jumbo Liter Pump for 1L and 33.8 fl. oz Bottles,Shampoo,$5.00,2.8
pimprod2040371,https://www.ulta.com/p/mousse-gel-extra-firm-curl-retention-pimprod2040371,AG Care,Mousse Gel Extra-Firm Curl Retention,Curl Enhancing,$32.00,4.2
pimprod2034215,https://www.ulta.com/p/balance-apple-cider-vinegar-sulfate-free-shampoo-pimprod2034215,AG Care,Balance Apple Cider Vinegar Sulfate-Free Shampoo - 12.0 oz,Shampoo,$36.00,4.6
pimprod2034214,https://www.ulta.com/p/fast-food-leave-on-conditioner-pimprod2034214,AG Care,Fast Food Leave-On Conditioner - 8.0 oz,Leave-In Conditioner,$28.00,4.8
pimprod2034220,https://www.ulta.com/p/curl-fresh-coconut-avocado-conditioner-pimprod2034220,AG Care,Curl Fresh Coconut Avocado Conditioner - 12.0 oz,Conditioner,$36.00,4.5
pimprod2037270,https://www.ulta.com/p/beach-bomb-wave-enhancing-cream-pimprod2037270,AG Care,Beach Bomb Wave-Enhancing Cream,Curl Enhancing,$28.00,4.3
pimprod2034210,https://www.ulta.com/p/colour-savour-colour-protecting-shampoo-pimprod2034210,AG Care,Colour Savour Colour Protecting Shampoo - 10.0 oz,Shampoo,$28.00,4.7
pimprod2034226,https://www.ulta.com/p/vita-c-strengthening-conditioner-pimprod2034226,AG Care,Vita C Strengthening Conditioner - 8.0 oz,Conditioner,$28.00,4.7
pimprod2034221,https://www.ulta.com/p/curl-fresh-curl-enhancing-shampoo-pimprod2034221,AG Care,Curl Fresh Curl Enhancing Shampoo - 12.0 oz,Shampoo,$36.00,4.3
pimprod2034274,https://www.ulta.com/p/boost-apple-cider-vinegar-silicone-free-conditioner-pimprod2034274,AG Care,Boost Apple Cider Vinegar Silicone-Free Conditioner - 12.0 oz,Conditioner,$36.00,4.8
pimprod2034262,https://www.ulta.com/p/sea-spray-beachy-wave-finish-pimprod2034262,AG Care,Sea Spray Beachy Wave Finish,Curl Enhancing,$26.00,4.4
pimprod2043389,https://www.ulta.com/p/details-defining-cream-pimprod2043389,AG Care,Details Defining Cream,Curl Enhancing,$26.00,4.7
pimprod2034212,https://www.ulta.com/p/curl-trigger-defining-spray-pimprod2034212,AG Care,Curl Trigger Defining Spray,Curl Enhancing,$26.00,4.2
pimprod2034269,https://www.ulta.com/p/foam-weightless-volumizer-pimprod2034269,AG Care,Foam Weightless Volumizer,Smoothing,$26.00,4.4
pimprod2040370,https://www.ulta.com/p/curl-fresh-definer-silicone-free-soft-hold-styling-cream-pimprod2040370,AG Care,Curl Fresh Definer Silicone-Free Soft Hold Styling Cream,Curl Enhancing,$30.00,4.3
pimprod2034213,https://www.ulta.com/p/conditioning-mist-detangling-spray-pimprod2034213,AG Care,Conditioning Mist Detangling Spray,Smoothing,$30.00,4.8
pimprod2034216,https://www.ulta.com/p/cloud-air-light-volumizing-mousse-pimprod2034216,AG Care,Cloud Air Light Volumizing Mousse,Smoothing,$30.00,4.5
pimprod2051013,https://www.ulta.com/p/liquid-effects-medium-hold-weightless-styling-gel-pimprod2051013,AG Care,Liquid Effects Medium-Hold Weightless Styling Gel,Wax & Pomade,$24.00,4.9
pimprod2037271,https://www.ulta.com/p/colour-savour-colour-protecting-conditioner-pimprod2037271,AG Care,Colour Savour Colour Protecting Conditioner - 8.0 oz,Conditioner,$28.00,4.6
pimprod2034222,https://www.ulta.com/p/dry-lift-texture-volume-paste-pimprod2034222,AG Care,Dry Lift Texture & Volume Paste,Wax & Pomade,$28.00,4.6
pimprod2034268,https://www.ulta.com/p/bigwigg-root-volumizer-pimprod2034268,AG Care,Bigwigg Root Volumizer,Volume & Texture,$32.00,4.7
pimprod2034261,https://www.ulta.com/p/frizzproof-argan-anti-humidity-finishing-spray-pimprod2034261,AG Care,Frizzproof Argan Anti-Humidity Finishing Spray,Smoothing,$34.00,4.2
pimprod2034271,https://www.ulta.com/p/tousled-texture-body-shine-finishing-spray-pimprod2034271,AG Care,Tousled Texture Body & Shine Finishing Spray,Smoothing,$32.00,4.3
pimprod2034263,https://www.ulta.com/p/ultradynamics-extra-firm-finishing-spray-pimprod2034263,AG Care,Ultradynamics Extra-Firm Finishing Spray,Smoothing,$30.00,4.5
pimprod2034266,https://www.ulta.com/p/sterling-silver-toning-shampoo-pimprod2034266,AG Care,Sterling Silver Toning Shampoo - 10.0 oz,Shampoo,$28.00,4.7
pimprod2034224,https://www.ulta.com/p/nourish-snow-mushroom-moisture-mask-pimprod2034224,AG Care,Nourish Snow Mushroom Moisture Mask,Masks,$30.00,4.7
pimprod2034258,https://www.ulta.com/p/set-it-straight-argan-straightening-lotion-pimprod2034258,AG Care,Set It Straight Argan Straightening Lotion,Smoothing,$24.00,4.5
pimprod2034260,https://www.ulta.com/p/oil-extra-virgin-argan-smoothing-oil-pimprod2034260,AG Care,The Oil Extra-Virgin Argan Smoothing Oil,Oils & Serums,$22.00,4.8
pimprod2034217,https://www.ulta.com/p/coco-nut-milk-conditioning-spray-pimprod2034217,AG Care,Coco Nut Milk Conditioning Spray,Smoothing,$30.00,4.6
pimprod2034264,https://www.ulta.com/p/sterling-silver-toning-conditioner-pimprod2034264,AG Care,Sterling Silver Toning Conditioner - 8.0 oz,Conditioner,$28.00,4.7
pimprod2051011,https://www.ulta.com/p/curl-thrive-curl-hydrating-conditioner-pimprod2051011,AG Care,Curl Thrive Curl Hydrating Conditioner,Conditioner,$28.00,4.6
pimprod2051012,https://www.ulta.com/p/curl-revive-curl-hydrating-shampoo-pimprod2051012,AG Care,Curl Revive Curl Hydrating Shampoo,Shampoo,$28.00,4.5
pimprod2034235,https://www.ulta.com/p/vita-c-strengthening-shampoo-pimprod2034235,AG Care,Vita C Strengthening Shampoo - 10.0 oz,Shampoo,$28.00,4.6
pimprod2051009,https://www.ulta.com/p/xtramoist-moisturizing-shampoo-pimprod2051009,AG Care,Xtramoist Moisturizing Shampoo,Shampoo,$28.00,4.8
pimprod2051010,https://www.ulta.com/p/ultramoist-moisturizing-conditioner-pimprod2051010,AG Care,Ultramoist Moisturizing Conditioner,Conditioner,$28.00,4.9
pimprod2034234,https://www.ulta.com/p/vita-c-serum-vitamin-c-strengthening-sealant-pimprod2034234,AG Care,Vita C Serum Vitamin C Strengthening Sealant,Smoothing,$28.00,4.7
pimprod2034233,https://www.ulta.com/p/reconstruct-vitamin-c-strengthening-mask-pimprod2034233,AG Care,Reconstruct Vitamin C Strengthening Mask,Masks,$32.00,4.7
pimprod2051008,https://www.ulta.com/p/thikk-wash-volumizing-shampoo-pimprod2051008,AG Care,Thikk Wash Volumizing Shampoo,Shampoo,$28.00,4.8
pimprod2049789,https://www.ulta.com/p/multivitamin-day-cream-spf-30-pimprod2049789,Ahava,MultiVitamin Day Cream SPF 30,Face Moisturizer,$80.00,
pimprod2049792,https://www.ulta.com/p/dark-spot-correcting-gel-cream-pimprod2049792,Ahava,Dark Spot Correcting Gel Cream,Treatment & Serums,$59.00,
pimprod2036731,https://www.ulta.com/p/osmoter-concentrate-smoothing-lotion-pimprod2036731,Ahava,Osmoter Concentrate Smoothing Lotion,Face Moisturizer,$69.00,4.3
pimprod2036723,https://www.ulta.com/p/pretinol-eye-cream-smoothing-fine-lines-pimprod2036723,Ahava,pRetinol Eye Cream for Smoothing & Fine Lines,Eye Cream,$64.00,
pimprod2036724,https://www.ulta.com/p/pretinol-cream-smoothing-fine-lines-pimprod2036724,Ahava,pRetinol Cream for Smoothing & Fine Lines,Face Moisturizer,$79.00,
pimprod2036726,https://www.ulta.com/p/hyaluronic-acid-247-cream-pimprod2036726,Ahava,Hyaluronic Acid 24/7 Cream,Face Moisturizer,$59.00,5.0
pimprod2056787,https://www.ulta.com/p/osmoter-skin-responsive-eye-night-cream-pimprod2056787,Ahava,Osmoter Skin-Responsive Eye Night Cream,Eye Cream,$91.00,
pimprod2049786,https://www.ulta.com/p/multivitamin-c-firming-serum-pimprod2049786,Ahava,MultiVitamin C+ Firming Serum,Face Serums,$84.00,3.9
pimprod2049785,https://www.ulta.com/p/osmoter-skin-responsive-night-cream-pimprod2049785,Ahava,Osmoter Skin-Responsive Night Cream,Night Cream,$89.00,5.0
pimprod2049774,https://www.ulta.com/p/hyaluronic-acid-eye-cream-pimprod2049774,Ahava,Hyaluronic Acid Eye Cream,Eye Cream,$40.00,
pimprod2049794,https://www.ulta.com/p/osmoter-concentrate-illuminating-eye-serum-pimprod2049794,Ahava,Osmoter Concentrate Illuminating Eye Serum,Eye Serums,$64.00,4.5
pimprod2004001,https://www.ulta.com/p/sea-kissed-mineral-shower-gel-pimprod2004001,Ahava,Sea-Kissed Mineral Shower Gel,Shower Gel & Body Wash,$24.00,4.7
pimprod2049775,https://www.ulta.com/p/refreshing-cleansing-gel-pimprod2049775,Ahava,Refreshing Cleansing Gel,Face Wash,$25.00,3.7
pimprod2010023,https://www.ulta.com/p/apple-of-sodom-advanced-deep-wrinkle-cream-pimprod2010023,Ahava,Apple Of Sodom Advanced Deep Wrinkle Cream,Face Moisturizer,$109.00,5.0
pimprod2004005,https://www.ulta.com/p/spring-blossom-mineral-hand-cream-pimprod2004005,Ahava,Spring Blossom Mineral Hand Cream,Hand Cream & Foot Cream,$25.00,4.7
pimprod2036728,https://www.ulta.com/p/hyaluronic-acid-leave-on-mask-pimprod2036728,Ahava,Hyaluronic Acid Leave On Mask,Face Masks,$59.00,
pimprod2004000,https://www.ulta.com/p/natural-dead-sea-mud-packet-pimprod2004000,Ahava,Natural Dead Sea Mud Packet,Body Treatments,$19.00,4.3
pimprod2004002,https://www.ulta.com/p/24k-gold-mineral-mud-mask-pimprod2004002,Ahava,24K Gold Mineral Mud Mask,Face Masks,$70.00,3.6
pimprod2014604,https://www.ulta.com/p/osmoter-concentrate-hydrating-cream-pimprod2014604,Ahava,Osmoter Concentrate Hydrating Cream,Face Moisturizer,$89.00,4.5
pimprod2049790,https://www.ulta.com/p/advanced-smoothing-serum-pimprod2049790,Ahava,Advanced Smoothing Serum,Face Serums,$85.00,
pimprod2036725,https://www.ulta.com/p/pretinol-serum-smoothing-fine-lines-pimprod2036725,Ahava,pRetinol Serum for Smoothing & Fine Lines,Eye Serums,$79.00,
pimprod2049791,https://www.ulta.com/p/dark-spot-correcting-serum-pimprod2049791,Ahava,Dark Spot Correcting Serum,Face Serums,$74.00,
pimprod2034256,https://www.ulta.com/p/crystal-osmoter-x6-smoothing-cream-pimprod2034256,Ahava,Crystal Osmoter X6 Smoothing Cream,Face Moisturizer,$94.00,5.0
pimprod2040985,https://www.ulta.com/p/caviar-anti-aging-professional-styling-working-hairspray-pimprod2040985,Alterna,Caviar Anti-Aging Professional Styling Working Hairspray - 7.4 oz,Travel Size Hair Care,$28.00,4.6
pimprod2013640,https://www.ulta.com/p/caviar-anti-aging-smoothing-anti-frizz-multi-styling-air-dry-balm-pimprod2013640,Alterna,Caviar Anti-Aging Smoothing Anti-Frizz Multi-Styling Air Dry Balm,Smoothing,$32.00,4.2
pimprod2047007,https://www.ulta.com/p/caviar-anti-aging-rapid-repair-spray-pimprod2047007,Alterna,Caviar Anti-Aging Rapid Repair Spray,Gloss & Shine,$34.00,4.0
pimprod2047006,https://www.ulta.com/p/caviar-anti-aging-universal-heat-styling-spray-pimprod2047006,Alterna,Caviar Anti-Aging Universal Heat Styling Spray,Heat Protectant,$36.00,4.7
pimprod2027100,https://www.ulta.com/p/caviar-anti-aging-restructuring-bond-repair-conditioner-pimprod2027100,Alterna,Caviar Anti-Aging Restructuring Bond Repair Conditioner - 8.5 oz,Conditioner,$37.00,4.8
pimprod2000186,https://www.ulta.com/p/caviar-anti-aging-multiplying-volume-shampoo-pimprod2000186,Alterna,Caviar Anti-Aging Multiplying Volume Shampoo - 8.5 oz,Shampoo,$36.00,4.4
pimprod2000191,https://www.ulta.com/p/caviar-anti-aging-smoothing-anti-frizz-dry-oil-mist-pimprod2000191,Alterna,Caviar Anti-Aging Smoothing Anti-Frizz Dry Oil Mist,Gloss & Shine,$34.00,4.1
pimprod2040925,https://www.ulta.com/p/bond-repair-intensive-leave-in-treatment-masque-pimprod2040925,Alterna,Bond Repair Intensive Leave-In Treatment Masque,Leave-In Conditioner,$55.00,4.9
pimprod2046745,https://www.ulta.com/p/caviar-anti-aging-replenishing-moisture-hair-masque-pimprod2046745,Alterna,Caviar Anti-Aging Replenishing Moisture Hair Masque,Masks,$50.00,4.7
pimprod2027098,https://www.ulta.com/p/caviar-anti-aging-restructuring-bond-repair-shampoo-pimprod2027098,Alterna,Caviar Anti-Aging Restructuring Bond Repair Shampoo - 16.5 oz,Travel Size Hair Care,$55.00,4.7
pimprod2000185,https://www.ulta.com/p/caviar-anti-aging-multiplying-volume-conditioner-pimprod2000185,Alterna,Caviar Anti-Aging Multiplying Volume Conditioner - 8.5 oz,Travel Size Hair Care,$37.00,4.5
pimprod2000187,https://www.ulta.com/p/caviar-anti-aging-multiplying-volume-styling-mousse-pimprod2000187,Alterna,Caviar Anti-Aging Multiplying Volume Styling Mousse,Volume & Texture,$33.00,4.7
pimprod2000188,https://www.ulta.com/p/caviar-anti-aging-multiplying-volume-styling-mist-pimprod2000188,Alterna,Caviar Anti-Aging Multiplying Volume Styling Mist - 5.0 oz,Travel Size Hair Care,$30.00,4.6
pimprod2052863,https://www.ulta.com/p/caviar-anti-aging-replenishing-moisture-overnight-serum-pimprod2052863,Alterna,Caviar Anti-Aging Replenishing Moisture Overnight Serum,Oils & Serums,$38.00,4.5
pimprod2040986,https://www.ulta.com/p/caviar-anti-aging-professional-styling-perfect-texture-spray-pimprod2040986,Alterna,Caviar Anti-Aging Professional Styling Perfect Texture Spray,Hairspray,$32.00,4.8
pimprod2002299,https://www.ulta.com/p/caviar-transformational-care-replenishing-moisture-essentials-kit-pimprod2002299,Alterna,Caviar Transformational Care Replenishing Moisture Essentials Kit,Hair Gifts,$25.00,4.0
pimprod2046746,https://www.ulta.com/p/caviar-anti-aging-replenishing-moisture-hair-oil-pimprod2046746,Alterna,Caviar Anti-Aging Replenishing Moisture Hair Oil,Oils & Serums,$40.00,4.7
pimprod2000189,https://www.ulta.com/p/caviar-anti-aging-smoothing-anti-frizz-blowout-butter-pimprod2000189,Alterna,Caviar Anti-Aging Smoothing Anti-Frizz Blowout Butter,Smoothing,$35.00,4.5
pimprod2005408,https://www.ulta.com/p/caviar-anti-aging-priming-leave-in-conditioner-pimprod2005408,Alterna,Caviar Anti-Aging Priming Leave-In Conditioner,Leave-In Conditioner,$32.00,3.7
pimprod2000563,https://www.ulta.com/p/caviar-anti-aging-restructuring-bond-repair-3-in-1-sealing-serum-pimprod2000563,Alterna,Caviar Anti-Aging Restructuring Bond Repair 3-in-1 Sealing Serum,Oils & Serums,$38.00,4.5
pimprod2000754,https://www.ulta.com/p/caviar-restructuring-bond-repair-leave-in-heat-protection-spray-pimprod2000754,Alterna,Caviar Restructuring Bond Repair Leave-in Heat Protection Spray,Leave-In Treatment,$32.00,4.3
pimprod2027109,https://www.ulta.com/p/restructuring-bond-repair-masque-pimprod2027109,Alterna,Restructuring Bond Repair Masque - 5.7 oz,Travel Size Hair Care,$50.00,4.8
pimprod2047352,https://www.ulta.com/p/caviar-anti-aging-sheer-dry-shampoo-pimprod2047352,Alterna,Caviar Anti-Aging Sheer Dry Shampoo,Dry Shampoo,$32.00,4.6
pimprod2000178,https://www.ulta.com/p/caviar-anti-aging-replenishing-moisture-leave-in-smoothing-gelee-pimprod2000178,Alterna,Caviar Anti-Aging Replenishing Moisture Leave-In Smoothing Gelee,Smoothing,$30.00,4.5
pimprod2000206,https://www.ulta.com/p/caviar-anti-aging-multiplying-volume-try-me-kit-pimprod2000206,Alterna,Caviar Anti-Aging Multiplying Volume Try Me Kit,Hair Gifts,$25.00,4.5
pimprod2009633,https://www.ulta.com/p/caviar-anti-aging-replenishing-leave-in-conditioning-milk-pimprod2009633,Alterna,Caviar Anti-Aging Replenishing Leave-in Conditioning Milk,Leave-In Conditioner,$32.00,3.9
pimprod2027110,https://www.ulta.com/p/transformational-bond-repair-kit-pimprod2027110,Alterna,Transformational Bond Repair Kit,Hair Gifts,$28.00,4.7
pimprod2020059,https://www.ulta.com/p/caviar-anti-aging-clinical-densifying-shampoo-pimprod2020059,Alterna,Caviar Anti-Aging Clinical Densifying Shampoo,Shampoo,$38.00,4.3
pimprod2051283,https://www.ulta.com/p/caviar-anti-aging-multiplying-volume-masque-pimprod2051283,Alterna,Caviar Anti-Aging Multiplying Volume Masque,Masks,$45.00,4.5
pimprod2031506,https://www.ulta.com/p/renewing-scalp-care-scrub-foam-pimprod2031506,Alterna,Renewing Scalp Care Scrub To Foam,Scalp Care,$48.00,4.7
pimprod2000197,https://www.ulta.com/p/caviar-anti-aging-infinite-color-hold-conditioner-pimprod2000197,Alterna,Caviar Anti-Aging Infinite Color Hold Conditioner,Conditioner,$37.00,4.1
pimprod2031508,https://www.ulta.com/p/scalp-care-peppermint-leave-on-treatment-pimprod2031508,Alterna,Scalp Care Peppermint Leave-On Treatment,Leave-In Treatment,$48.00,4.8
pimprod2031507,https://www.ulta.com/p/scalp-care-hemp-leave-on-treatment-pimprod2031507,Alterna,Scalp Care Hemp Leave-On Treatment,Leave-In Treatment,$48.00,4.7
pimprod2000183,https://www.ulta.com/p/caviar-anti-aging-bond-repair-leave-in-overnight-serum-pimprod2000183,Alterna,Caviar Anti-Aging Bond Repair Leave-In Overnight Serum,Oils & Serums,$40.00,4.1
pimprod2024136,https://www.ulta.com/p/matte-clay-pimprod2024136,American Crew,Matte Clay,Styling,$23.00,5.0
pimprod2042127,https://www.ulta.com/p/3-in-1-ginger-tea-shampoo-conditioner-body-wash-pimprod2042127,American Crew,"3-in-1 Ginger + Tea Shampoo, Conditioner and Body Wash",Shower Gel & Body Wash,$25.00,5.0
pimprod2053101,https://www.ulta.com/p/beard-balm-pimprod2053101,American Crew,Beard Balm,Beard Care,$21.00,
pimprod2038900,https://www.ulta.com/p/anti-dandruff-dry-scalp-shampoo-pimprod2038900,American Crew,Anti-Dandruff + Dry Scalp Shampoo,Scalp Care,$17.00,5.0
pimprod2032563,https://www.ulta.com/p/daily-cleansing-shampoo-pimprod2032563,American Crew,Daily Cleansing Shampoo - 15.2 oz,Shampoo,$24.00,4.9
pimprod2032564,https://www.ulta.com/p/daily-deep-moisturizer-shampoo-pimprod2032564,American Crew,Daily Deep Moisturizer Shampoo - 15.2 oz,Shampoo,$24.00,5.0
pimprod2032548,https://www.ulta.com/p/daily-moisturizing-conditioner-pimprod2032548,American Crew,Daily Moisturizing Conditioner - 15.2 oz,Conditioner,$24.00,5.0
pimprod2032558,https://www.ulta.com/p/whip-styling-cream-pimprod2032558,American Crew,WHIP Styling Cream,Styling,$23.00,2.5
pimprod2039265,https://www.ulta.com/p/matte-clay-spray-pimprod2039265,American Crew,Matte Clay Spray,Styling,$22.00,4.7
pimprod2032654,https://www.ulta.com/p/detox-shampoo-pimprod2032654,American Crew,Detox Shampoo - 8.4 oz,Shampoo,$17.00,
pimprod2050195,https://www.ulta.com/p/fiber-pre-styling-cleanser-shampoo-pimprod2050195,American Crew,Fiber Pre-Styling Cleanser Shampoo,Shampoo,$17.00,
pimprod2055530,https://www.ulta.com/p/wizard-detangling-primer-pimprod2055530,amika,The Wizard Detangling Primer - 5.0 oz,Leave-In Conditioner,$32.00,4.9
pimprod2055452,https://www.ulta.com/p/soulfood-nourishing-mask-pimprod2055452,amika,Soulfood Nourishing Mask - 8.0 oz,Masks,$36.00,4.9
pimprod2055258,https://www.ulta.com/p/perk-up-dry-shampoo-pimprod2055258,amika,Perk Up Dry Shampoo - 5.3 oz,Dry Shampoo,$29.00,4.8
pimprod2055532,https://www.ulta.com/p/hydro-rush-intense-moisture-leave-in-conditioner-pimprod2055532,amika,Hydro Rush Intense Moisture Leave-In Conditioner - 6.7 oz,Leave-In Conditioner,$31.00,4.8
pimprod2055490,https://www.ulta.com/p/frizz-me-not-hydrating-anti-frizz-treatment-pimprod2055490,amika,Frizz-Me-Not Hydrating Anti-Frizz Treatment - 6.7 oz,Smoothing,$30.00,4.8
pimprod2055512,https://www.ulta.com/p/superfruit-star-lightweight-hair-styling-oil-pimprod2055512,amika,Superfruit Star Lightweight Hair Styling Oil - 1.7 oz,Travel Size Hair Care,$32.00,4.9
pimprod2055261,https://www.ulta.com/p/perk-up-ultra-oil-control-dry-shampoo-pimprod2055261,amika,Perk Up Ultra Oil Control Dry Shampoo - 5.3 oz,Dry Shampoo,$31.00,4.6
pimprod2055264,https://www.ulta.com/p/perk-up-plus-extended-clean-dry-shampoo-pimprod2055264,amika,Perk Up Plus Extended Clean Dry Shampoo - 5.3 oz,Dry Shampoo,$31.00,4.8
pimprod2055449,https://www.ulta.com/p/normcore-signature-shampoo-pimprod2055449,amika,Normcore Signature Shampoo - 9.2 oz,Shampoo,$27.00,4.8
pimprod2055510,https://www.ulta.com/p/hydro-rush-intense-moisture-mask-pimprod2055510,amika,Hydro Rush Intense Moisture Mask - 8.0 oz,Masks,$44.00,4.9
pimprod2055564,https://www.ulta.com/p/fluxus-touchable-hairspray-pimprod2055564,amika,Fluxus Touchable Hairspray - 8.2 oz,Travel Size Hair Care,$26.00,4.8
pimprod2055561,https://www.ulta.com/p/undone-texture-spray-pimprod2055561,amika,Un.Done Texture Spray - 5.3 oz,Travel Size Hair Care,$30.00,4.8
pimprod2055486,https://www.ulta.com/p/normcore-signature-conditioner-pimprod2055486,amika,Normcore Signature Conditioner - 9.2 oz,Conditioner,$27.00,4.9
pimprod2055552,https://www.ulta.com/p/hydro-rush-intense-moisture-shampoo-pimprod2055552,amika,Hydro Rush Intense Moisture Shampoo - 9.2 oz,Shampoo,$28.00,4.8
pimprod2055543,https://www.ulta.com/p/hydro-rush-intense-moisture-conditioner-pimprod2055543,amika,Hydro Rush Intense Moisture Conditioner - 9.2 oz,Conditioner,$28.00,4.8
pimprod2055450,https://www.ulta.com/p/amikaaura-hair-body-mist-pimprod2055450,amika,Amika:Aura Hair And Body Mist,Body Mist & Hair Mist,$28.00,4.8
pimprod2055584,https://www.ulta.com/p/soft-strand-essentials-nourishing-wash-style-starters-set-pimprod2055584,amika,Soft Strand Essentials Nourishing Wash and Style Starters Set,$100 and Under,$56.00,4.6
pimprod2055582,https://www.ulta.com/p/revive-shine-styling-duo-pimprod2055582,amika,Revive and Shine Styling Duo,Hair Gifts,$35.00,5.0
pimprod2055583,https://www.ulta.com/p/major-minis-bestsellers-set-pimprod2055583,amika,Major Minis Bestsellers Set,Travel Size Hair Care,$32.00,3.0
pimprod2055585,https://www.ulta.com/p/signature-saviors-essential-trial-set-pimprod2055585,amika,Signature Saviors Essential Trial Set,Travel Size Hair Care,$30.00,4.8
pimprod2055494,https://www.ulta.com/p/shield-anti-humidity-spray-pimprod2055494,amika,The Shield Anti-Humidity Spray - 5.3 oz,Travel Size Hair Care,$32.00,4.7
pimprod2055557,https://www.ulta.com/p/big-hit-volumizing-shampoo-pimprod2055557,amika,Big Hit Volumizing Shampoo - 9.2 oz,Shampoo,$29.00,4.7
pimprod2055586,https://www.ulta.com/p/hydro-dream-hydration-routine-trial-set-pimprod2055586,amika,Hydro Dream Hydration Routine Trial Set,Travel Size Hair Care,$32.00,4.8
pimprod2055566,https://www.ulta.com/p/brooklyn-bombshell-blowout-spray-pimprod2055566,amika,Brooklyn Bombshell Blowout Spray - 6.7 oz,Volume & Texture,$32.00,4.7
pimprod2055487,https://www.ulta.com/p/forget-frizz-anti-frizz-conditioner-pimprod2055487,amika,Forget Frizz Anti-Frizz Conditioner - 9.2 oz,Conditioner,$28.00,4.8
pimprod2055562,https://www.ulta.com/p/plus-size-perfect-body-mousse-pimprod2055562,amika,Plus Size Perfect Body Mousse,Volume & Texture,$31.00,4.1
pimprod2055492,https://www.ulta.com/p/forget-frizz-anti-frizz-shampoo-pimprod2055492,amika,Forget Frizz Anti-Frizz Shampoo - 9.2 oz,Shampoo,$28.00,4.7
pimprod2055511,https://www.ulta.com/p/dream-routine-overnight-hydration-treatment-pimprod2055511,amika,Dream Routine Overnight Hydration Treatment,Leave-In Treatment,$34.00,4.9
pimprod2055553,https://www.ulta.com/p/bust-your-brass-cool-blonde-strength-repair-shampoo-pimprod2055553,amika,Bust Your Brass Cool Blonde Strength Repair Shampoo - 9.2 oz,Shampoo,$29.00,4.9
pimprod2055559,https://www.ulta.com/p/big-hit-volumizing-conditioner-pimprod2055559,amika,Big Hit Volumizing Conditioner - 9.2 oz,Conditioner,$29.00,4.8
pimprod2055550,https://www.ulta.com/p/bust-your-brass-toning-strength-repair-mask-pimprod2055550,amika,Bust Your Brass Toning and Strength Repair Mask,Masks,$44.00,4.9
pimprod2055578,https://www.ulta.com/p/mirrorball-high-shine-protect-shampoo-pimprod2055578,amika,Mirrorball High Shine + Protect Shampoo - 9.2 oz,Shampoo,$28.00,4.6
pimprod2055579,https://www.ulta.com/p/mirrorball-high-shine-protect-conditioner-pimprod2055579,amika,Mirrorball High Shine + Protect Conditioner - 9.2 oz,Conditioner,$28.00,4.8
pimprod2055581,https://www.ulta.com/p/rising-star-volumizing-finishing-spray-pimprod2055581,amika,Rising Star Volumizing Finishing Spray - 5.3 oz,Volume & Texture,$30.00,4.7
pimprod2055551,https://www.ulta.com/p/bust-your-brass-cool-blonde-strength-repair-conditioner-pimprod2055551,amika,Bust Your Brass Cool Blonde Strength Repair Conditioner - 9.2 oz,Conditioner,$29.00,4.9
pimprod2055570,https://www.ulta.com/p/curl-corps-defining-cream-pimprod2055570,amika,Curl Corps Defining Cream,Curl Enhancing,$30.00,4.7
pimprod2055574,https://www.ulta.com/p/reset-pink-charcoal-scalp-cleansing-oil-pimprod2055574,amika,Reset Pink Charcoal Scalp Cleansing Oil,Scalp Care,$33.00,4.8
pimprod2055568,https://www.ulta.com/p/headstrong-intense-hold-hairspray-pimprod2055568,amika,Headstrong Intense Hold Hairspray - 8.2 oz,Travel Size Hair Care,$27.00,4.8
pimprod2055575,https://www.ulta.com/p/flash-instant-shine-mask-pimprod2055575,amika,Flash Instant Shine Mask,Masks,$32.00,4.8
pimprod2055488,https://www.ulta.com/p/velveteen-dream-smoothing-balm-pimprod2055488,amika,Velveteen Dream Smoothing Balm,Smoothing,$30.00,4.8
pimprod2055572,https://www.ulta.com/p/power-hour-curl-refreshing-spray-pimprod2055572,amika,Power Hour Curl Refreshing Spray,Curl Enhancing,$30.00,
pimprod2055513,https://www.ulta.com/p/water-sign-hydrating-hair-oil-pimprod2055513,amika,Water Sign Hydrating Hair Oil,Oils & Serums,$33.00,4.6
pimprod2055491,https://www.ulta.com/p/smooth-over-frizz-fighting-treatment-mask-pimprod2055491,amika,Smooth Over Frizz-Fighting Treatment Mask,Leave-In Treatment,$34.00,4.0
pimprod2055573,https://www.ulta.com/p/top-gloss-shine-spray-pimprod2055573,amika,Top Gloss Shine Spray,Gloss & Shine,$29.00,4.6
pimprod2055558,https://www.ulta.com/p/reset-clarifying-gel-shampoo-pimprod2055558,amika,Reset Clarifying Gel Shampoo,Shampoo,$30.00,4.8
pimprod2055453,https://www.ulta.com/p/supernova-moisture-shine-cream-pimprod2055453,amika,Supernova Moisture & Shine Cream,Gloss & Shine,$30.00,4.8
pimprod2055580,https://www.ulta.com/p/reset-cooling-gel-conditioner-pimprod2055580,amika,Reset Cooling Gel Conditioner,Conditioner,$30.00,4.7
pimprod2055571,https://www.ulta.com/p/curl-corps-enhancing-gel-pimprod2055571,amika,Curl Corps Enhancing Gel,Curl Enhancing,$30.00,4.7
pimprod2043815,https://www.ulta.com/p/daily-nourish-lotion-with-12-lactic-acid-aha-pimprod2043815,AmLactin,Daily Nourish Lotion with 12% Lactic Acid AHA - 7.9 oz,Body Lotion & Creams,$15.99,4.8
pimprod2043813,https://www.ulta.com/p/kp-bumps-be-gone-cream-with-15-lactic-acid-aha-pimprod2043813,AmLactin,KP Bumps Be Gone Cream with 15% Lactic Acid AHA - 3.0 oz,Travel Size Body Care,$19.99,4.5
pimprod2043814,https://www.ulta.com/p/intensive-healing-cream-with-15-lactic-acid-aha-pimprod2043814,AmLactin,Intensive Healing Cream with 15% Lactic Acid AHA,Body Lotion & Creams,$24.99,4.8
pimprod2055227,https://www.ulta.com/p/intensive-healing-body-aha-lotion-pimprod2055227,AmLactin,Intensive Healing Body AHA Lotion,Face Moisturizer,$19.99,2.0
pimprod2055964,https://www.ulta.com/p/calm-renew-aha-body-butter-cream-pimprod2055964,AmLactin,Calm and Renew AHA Body Butter Cream,Body Lotions,$19.99,3.0
pimprod2055226,https://www.ulta.com/p/calm-renew-aha-body-lotion-pimprod2055226,AmLactin,Calm and Renew AHA Body Lotion,Face Moisturizer,$19.99,
