product_id,product_url,brand,product_name,category,price,rating
pimprod2057051,https://www.ulta.com/p/complexion-rescue-luminous-hydrating-skin-tint-stick-with-magnesium-pimprod2057051,bareMinerals,COMPLEXION RESCUE Luminous Hydrating Skin Tint Stick with Magnesium - Opal 01,Tinted Moisturizer,$39.50,4.5
pimprod2049741,https://www.ulta.com/p/complexion-rescue-tinted-moisturizer-with-hyaluronic-acid-mineral-spf-30-pimprod2049741,bareMinerals,COMPLEXION RESCUE Tinted Moisturizer with Hyaluronic Acid and Mineral SPF 30 - Opal 01,Tinted Moisturizer,$39.50,4.4
pimprod2049595,https://www.ulta.com/p/barepro-24hr-skin-perfecting-talc-free-matte-powder-foundation-pimprod2049595,bareMinerals,BAREPRO 24HR Skin Perfecting Talc-Free Matte Powder Foundation - Light 25 Warm,Foundation,$42.00,4.5
pimprod2043221,https://www.ulta.com/p/barepro-24hr-wear-skin-perfecting-matte-liquid-foundation-mineral-spf-20-pimprod2043221,bareMinerals,BAREPRO 24HR Wear Skin-Perfecting Matte Liquid Foundation Mineral SPF 20 - Deep 65 Neutral,Foundation,$44.00,4.0
pimprod2052850,https://www.ulta.com/p/original-talc-free-pressed-powder-foundation-mineral-spf-15-pimprod2052850,bareMinerals,ORIGINAL Talc-Free Pressed Powder Foundation Mineral SPF 15 - Fair 01,Foundation,$39.50,4.6
pimprod2049733,https://www.ulta.com/p/complexion-rescue-natural-matte-tinted-moisturizer-mineral-spf-30-pimprod2049733,bareMinerals,COMPLEXION RESCUE Natural Matte Tinted Moisturizer Mineral SPF 30 - Opal 01,Tinted Moisturizer,$39.50,4.2
pimprod2049596,https://www.ulta.com/p/gen-nude-powder-blush-pimprod2049596,bareMinerals,GEN NUDE Powder Blush - Call My Blush,Blush,$29.00,4.3
pimprod2052830,https://www.ulta.com/p/original-liquid-mineral-brightening-concealer-pimprod2052830,bareMinerals,ORIGINAL Liquid Mineral Brightening Concealer - Fair 1W,Concealer,$31.00,4.3
pimprod2049591,https://www.ulta.com/p/original-mineral-veil-talc-free-pressed-setting-powder-pimprod2049591,bareMinerals,ORIGINAL Mineral Veil Talc-Free Pressed Setting Powder - Translucent,Setting Spray & Powder,$36.00,4.5
pimprod2046677,https://www.ulta.com/p/barepro-16hr-all-over-skin-perfecting-matte-concealer-mineral-spf-25-pimprod2046677,bareMinerals,BAREPRO 16HR All Over Skin-Perfecting Matte Concealer Mineral SPF 25 - Fair 100 Cool​,Concealer,$32.00,4.6
pimprod2031864,https://www.ulta.com/p/gen-nude-blonzer-blush-bronzer-pimprod2031864,bareMinerals,GEN NUDE BLONZER Blush + Bronzer - Kiss of Copper,Blush,$29.00,4.7
pimprod2053501,https://www.ulta.com/p/prime-time-original-blurring-foundation-primer-pimprod2053501,bareMinerals,PRIME TIME Original Blurring Foundation Primer - 1.0 oz,Travel Size Makeup,$31.00,4.5
pimprod2039778,https://www.ulta.com/p/gen-nude-highlighting-blush-pimprod2039778,bareMinerals,GEN NUDE Highlighting Blush - Mauve Glow,Blush,$29.00,4.7
pimprod2025826,https://www.ulta.com/p/mineralist-talc-free-eyeshadow-palette-pimprod2025826,bareMinerals,MINERALIST Talc-Free Eyeshadow Palette - Ultranatural,Eyeshadow Palettes,$33.00,4.2
pimprod2025825,https://www.ulta.com/p/mineralist-lasting-eyeliner-pimprod2025825,bareMinerals,MINERALIST Lasting Eyeliner - Sapphire,Eyeliner,$23.00,4.4
pimprod2052867,https://www.ulta.com/p/skinlongevity-butter-drench-hydrating-moisturizer-with-peptides-pimprod2052867,bareMinerals,SKINLONGEVITY Butter Drench Hydrating Moisturizer with Peptides,Face Moisturizer,$45.00,4.6
pimprod2039214,https://www.ulta.com/p/beautiful-finish-brush-pimprod2039214,bareMinerals,Beautiful Finish Brush,Makeup Brushes,$39.00,4.5
pimprod2049180,https://www.ulta.com/p/lip-gloss-balm-pimprod2049180,bareMinerals,Lip Gloss-Balm - Heart,Lip Gloss,$24.00,4.6
pimprod2036902,https://www.ulta.com/p/prime-time-hydrate-glow-primer-pimprod2036902,bareMinerals,PRIME TIME Hydrate & Glow Primer,Face Primer,$31.00,4.3
pimprod2049742,https://www.ulta.com/p/mini-complexion-rescue-tinted-moisturizer-with-hyaluronic-acid-mineral-spf-30-pimprod2049742,bareMinerals,Mini COMPLEXION RESCUE Tinted Moisturizer with Hyaluronic Acid and Mineral SPF 30 - Opal 01,Travel Size Makeup,$23.00,4.4
pimprod2052869,https://www.ulta.com/p/skinlongevity-nourishing-barrier-boosting-serum-with-niacinamide-pimprod2052869,bareMinerals,SKINLONGEVITY Nourishing Barrier Boosting Serum with Niacinamide - 1.6 oz,Face Serums,$74.00,4.6
pimprod2016877,https://www.ulta.com/p/strength-length-serum-infused-mascara-pimprod2016877,bareMinerals,Strength & Length Serum Infused Mascara,Mascara,$15.40,4.1
pimprod2053046,https://www.ulta.com/p/precision-face-brush-pimprod2053046,bareMinerals,Precision Face Brush,Makeup Brushes,$36.00,4.7
pimprod2052460,https://www.ulta.com/p/original-get-started-kit-3-piece-mineral-makeup-set-pimprod2052460,bareMinerals,The ORIGINAL Get Started Kit 3-Piece Mineral Makeup Set - Fair,Makeup & Nail Gifts,$42.00,4.7
pimprod2039215,https://www.ulta.com/p/smoothing-face-foundation-brush-pimprod2039215,bareMinerals,Smoothing Face Foundation Brush,Makeup Brushes,$34.00,4.4
pimprod2050722,https://www.ulta.com/p/original-mineral-veil-24hr-natural-matte-setting-spray-pimprod2050722,bareMinerals,ORIGINAL Mineral Veil 24HR Natural Matte Setting Spray,Setting Spray & Powder,$36.00,4.7
pimprod2052870,https://www.ulta.com/p/skinlongevity-revitalizing-eye-cream-with-niacinamide-pimprod2052870,bareMinerals,SKINLONGEVITY Revitalizing Eye Cream with Niacinamide,Eye Cream,$44.00,4.6
pimprod2039216,https://www.ulta.com/p/full-flawless-face-brush-pimprod2039216,bareMinerals,Full Flawless Face Brush,Makeup Brushes,$34.00,3.9
pimprod2044820,https://www.ulta.com/p/complexion-rescue-liquid-blonzer-blush-bronzer-pimprod2044820,bareMinerals,COMPLEXION RESCUE Liquid Blonzer Blush + Bronzer - Kiss of Copper,Blush,$28.00,4.5
pimprod2040524,https://www.ulta.com/p/original-pure-serum-radiant-natural-liquid-foundation-mineral-spf-20-pimprod2040524,bareMinerals,Original Pure Serum Radiant Natural Liquid Foundation Mineral SPF 20 - Medium Warm 3,Foundation,$44.00,3.8
pimprod2039237,https://www.ulta.com/p/mini-mineral-veil-setting-powder-pimprod2039237,bareMinerals,Mini Mineral Veil Setting Powder,Setting Spray & Powder,$21.00,4.5
pimprod2052868,https://www.ulta.com/p/skinlongevity-cushion-cloud-gentle-foaming-cleanser-pimprod2052868,bareMinerals,SKINLONGEVITY Cushion Cloud Gentle Foaming Cleanser,Face Wash,$28.00,4.6
pimprod2031609,https://www.ulta.com/p/maximist-phyto-fiber-volumizing-mascara-pimprod2031609,bareMinerals,MAXIMIST Phyto-Fiber Volumizing Mascara,Mascara,$15.40,4.0
pimprod2045195,https://www.ulta.com/p/original-mineral-veil-set-protect-talc-free-setting-powder-mineral-spf-25-pa-pimprod2045195,bareMinerals,ORIGINAL​ Mineral Veil​ Set + Protect Talc-Free ​Setting Powder ​Mineral SPF 25 PA++​ - 0.18 oz,Setting Spray & Powder,$36.00,4.3
pimprod2045186,https://www.ulta.com/p/complexion-rescue-liquid-highlighting-blush-pimprod2045186,bareMinerals,COMPLEXION RESCUE Liquid Highlighting Blush - Mauve Glow,Blush,$28.00,4.1
pimprod2045193,https://www.ulta.com/p/skin-rescue-pure-smooth-serum-with-5-niacinamide-chebula-pimprod2045193,bareMinerals,SKIN RESCUE Pure Smooth Serum with 5% Niacinamide and Chebula,Face Serums,$65.00,4.7
pimprod2045187,https://www.ulta.com/p/dewy-lip-gloss-balm-pimprod2045187,bareMinerals,Dewy Lip Gloss-Balm - Soul,Lip Gloss,$25.00,4.5
pimprod2034497,https://www.ulta.com/p/talc-free-loose-mineral-blush-pimprod2034497,bareMinerals,Talc-Free Loose Mineral Blush - Vintage Peach,Blush,$26.00,4.5
pimprod2040586,https://www.ulta.com/p/luxe-performance-foundation-brush-pimprod2040586,bareMinerals,Luxe Performance Foundation Brush,Makeup Brushes,$36.00,4.6
pimprod2039779,https://www.ulta.com/p/mineralist-micro-defining-brow-pencil-pimprod2039779,bareMinerals,Mineralist Micro-Defining Brow Pencil - Chestnut,Eyebrows,$23.00,2.5
pimprod2045194,https://www.ulta.com/p/skin-rescue-pure-moisture-serum-with-1-pga-plant-algae-pimprod2045194,bareMinerals,SKIN RESCUE Pure Moisture Serum with 1% PGA and Plant Algae,Face Serums,$65.00,4.6
pimprod2045192,https://www.ulta.com/p/skin-rescue-pure-glow-serum-with-10-vitamin-c-complex-rainbow-seaweed-pimprod2045192,bareMinerals,SKIN RESCUE Pure Glow Serum with 10% Vitamin C Complex and Rainbow Seaweed,Face Serums,$65.00,4.7
pimprod2050724,https://www.ulta.com/p/nourishing-lip-oil-pimprod2050724,bareMinerals,Nourishing Lip Oil - Adore,Lip Oil,$23.00,4.6
pimprod2036903,https://www.ulta.com/p/prime-time-redness-reducing-primer-pimprod2036903,bareMinerals,PRIME TIME Redness Reducing Primer,Face Primer,$31.00,4.1
pimprod2033931,https://www.ulta.com/p/mineralist-lasting-matte-liquid-lipstick-pimprod2033931,bareMinerals,MINERALIST Lasting Matte Liquid Lipstick - Brave,Lipstick,$23.00,4.5
pimprod2036905,https://www.ulta.com/p/prime-time-eyeshadow-extender-pimprod2036905,bareMinerals,PRIME TIME Eyeshadow Extender,Eye Primer & Base,$23.00,3.5
pimprod2038770,https://www.ulta.com/p/ageless-10-phyto-procollagen-firming-sleeping-mask-pimprod2038770,bareMinerals,Ageless 10% Phyto ProCollagen Firming Sleeping Mask,Face Masks,$55.00,4.6
pimprod2033863,https://www.ulta.com/p/mineralist-lasting-lip-liner-pimprod2033863,bareMinerals,MINERALIST Lasting Lip Liner - Blissful Blush,Lip Liner,$23.00,4.7
pimprod2039780,https://www.ulta.com/p/strength-length-brow-gel-pimprod2039780,bareMinerals,Strength & Length Brow Gel - Taupe,Eyebrows,$23.00,4.4
pimprod2045775,https://www.ulta.com/p/light-dry-shampoo-mellow-melon-pimprod2045775,Batiste,Light Dry Shampoo - Mellow Melon,Dry Shampoo,$10.99,4.5
pimprod2049243,https://www.ulta.com/p/zen-matcha-light-dry-shampoo-pimprod2049243,Batiste,Zen Matcha Light Dry Shampoo,Dry Shampoo,$10.99,4.5
pimprod2009019,https://www.ulta.com/p/hint-of-color-dry-shampoo-divine-dark-pimprod2009019,Batiste,Hint of Color Dry Shampoo - Divine Dark - 3.81,Dry Shampoo,$10.99,4.3
pimprod2005535,https://www.ulta.com/p/volumizing-dry-shampoo-pimprod2005535,Batiste,Volumizing Dry Shampoo - 3.81 oz,Dry Shampoo,$10.99,4.3
pimprod2009893,https://www.ulta.com/p/bare-dry-shampoo-barely-scented-pimprod2009893,Batiste,Bare Dry Shampoo - Barely Scented - 3.81 oz,Dry Shampoo,$10.99,4.5
pimprod2009866,https://www.ulta.com/p/tropical-dry-shampoo-coconut-exotic-pimprod2009866,Batiste,Tropical Dry Shampoo - Coconut & Exotic - 3.81 oz,Dry Shampoo,$10.99,4.5
pimprod2009899,https://www.ulta.com/p/hint-of-color-dry-shampoo-brilliant-blonde-pimprod2009899,Batiste,Hint of Color Dry Shampoo - Brilliant Blonde,Dry Shampoo,$10.99,4.3
pimprod2031990,https://www.ulta.com/p/dry-shampoo-overnight-deep-cleanse-pimprod2031990,Batiste,Dry Shampoo Overnight Deep Cleanse,Dry Shampoo,$11.99,4.5
pimprod2049247,https://www.ulta.com/p/refresh-impress-dry-shampoo-mini-set-pimprod2049247,Batiste,Refresh to Impress Dry Shampoo Mini Set,Travel Size Hair Care,$19.99,5.0
pimprod2055972,https://www.ulta.com/p/dark-dry-shampoo-powder-pimprod2055972,Batiste,Dark Dry Shampoo Powder,Dry Shampoo,$16.49,3.3
pimprod2055969,https://www.ulta.com/p/original-dry-shampoo-powder-pimprod2055969,Batiste,Original Dry Shampoo Powder,Dry Shampoo,$16.49,4.1
pimprod2008396,https://www.ulta.com/p/pink-pineapple-dry-shampoo-fruity-carefree-pimprod2008396,Batiste,Pink Pineapple Dry Shampoo - Fruity & Carefree - 3.81 oz,Dry Shampoo,$10.99,4.6
pimprod2042929,https://www.ulta.com/p/sweat-activated-dry-shampoo-pimprod2042929,Batiste,Sweat Activated Dry Shampoo - 3.81 oz,Dry Shampoo,$11.99,4.5
pimprod2055970,https://www.ulta.com/p/bare-dry-shampoo-powder-pimprod2055970,Batiste,Bare Dry Shampoo Powder,Dry Shampoo,$16.49,4.0
pimprod2055973,https://www.ulta.com/p/hint-of-color-dry-shampoo-black-pimprod2055973,Batiste,Hint of Color Dry Shampoo - Black,Dry Shampoo,$11.99,3.0
pimprod2009870,https://www.ulta.com/p/blush-dry-shampoo-floral-flirty-pimprod2009870,Batiste,Blush Dry Shampoo - Floral & Flirty - 3.81 oz,Dry Shampoo,$10.99,4.5
pimprod2052373,https://www.ulta.com/p/courtside-couture-dry-shampoo-pimprod2052373,Batiste,Courtside Couture Dry Shampoo,Dry Shampoo,$10.99,4.5
pimprod2055974,https://www.ulta.com/p/fragrance-free-light-dry-shampoo-pimprod2055974,Batiste,Fragrance Free Light Dry Shampoo - 1.06 oz,Travel Size Hair Care,$4.99,5.0
pimprod2009868,https://www.ulta.com/p/fresh-dry-shampoo-light-breezy-pimprod2009868,Batiste,Fresh Dry Shampoo - Light & Breezy - 3.81,Dry Shampoo,$10.99,4.5
pimprod2036887,https://www.ulta.com/p/texturizing-dry-shampoo-pimprod2036887,Batiste,Texturizing Dry Shampoo,Dry Shampoo,$10.99,4.7
pimprod2042930,https://www.ulta.com/p/touch-activated-dry-shampoo-pimprod2042930,Batiste,Touch Activated Dry Shampoo,Dry Shampoo,$11.99,4.5
pimprod2055977,https://www.ulta.com/p/vanilla-souffle-dry-shampoo-pimprod2055977,Batiste,Vanilla Souffle Dry Shampoo - 3.81 oz,Dry Shampoo,$10.99,
pimprod2052250,https://www.ulta.com/p/renewing-overnight-body-serum-with-bakuchiol-hyaluronic-acid-pimprod2052250,bdy.,Renewing Overnight Body Serum with Bakuchiol + Hyaluronic Acid,Body Serums & Oils,$29.00,4.7
pimprod2052248,https://www.ulta.com/p/brightening-dual-phase-body-serum-mist-with-niacinamide-squalane-pimprod2052248,bdy.,Brightening Dual Phase Body Serum Mist with Niacinamide + Squalane - 8 oz,Body Treatments,$26.00,4.5
pimprod2052246,https://www.ulta.com/p/foaming-oil-hydrating-body-wash-with-hyaluronic-acid-squalane-pimprod2052246,bdy.,Foaming Oil Hydrating Body Wash with Hyaluronic Acid + Squalane,Shower Gel & Body Wash,$20.00,4.6
pimprod2052258,https://www.ulta.com/p/glow-body-buff-purifying-gentle-scrub-with-glycerin-salicylic-acid-pimprod2052258,bdy.,Glow Body Buff Purifying Gentle Scrub with Glycerin + Salicylic Acid - 8.0 oz,Body Scrubs & Exfoliants,$26.00,4.5
pimprod2052251,https://www.ulta.com/p/restoring-weightless-body-lotion-with-glycerin-hyaluronic-acid-pimprod2052251,bdy.,Restoring Weightless Body Lotion with Glycerin + Hyaluronic Acid,Body Lotion & Creams,$20.00,4.3
pimprod2024677,https://www.ulta.com/p/midnight-rose-3b-waver-pimprod2024677,Beachwaver Co.,Midnight Rose 3B Waver,Curling Irons & Stylers,$99.00,2.9
pimprod2056015,https://www.ulta.com/p/darling-discoveries-pimprod2056015,Beauty Finds by ULTA Beauty,Darling Discoveries,Fragrance Gifts,$24.00,2.8
pimprod2056016,https://www.ulta.com/p/valentine-edit-pimprod2056016,Beauty Finds by ULTA Beauty,The Valentine Edit,Fragrance Gifts,$24.00,5.0
pimprod2057464,https://www.ulta.com/p/skincare-heroes-pimprod2057464,Beauty Finds by ULTA Beauty,Skincare Heroes,Skin Gifts,$34.00,
pimprod2056013,https://www.ulta.com/p/skin-reset-pimprod2056013,Beauty Finds by ULTA Beauty,The Skin Reset,Skin Gifts,$29.00,5.0
pimprod2057467,https://www.ulta.com/p/galentines-glow-pimprod2057467,Beauty Finds by ULTA Beauty,Galentine's Glow,$30 and Under,$24.00,
pimprod2057466,https://www.ulta.com/p/fresh-lash-lineup-pimprod2057466,Beauty Finds by ULTA Beauty,Fresh Lash Lineup,Makeup & Nail Gifts,$29.00,
pimprod2056014,https://www.ulta.com/p/everyday-wellness-heroes-pimprod2056014,Beauty Finds by ULTA Beauty,Everyday Wellness Heroes,$30 and Under,$24.00,5.0
pimprod2054801,https://www.ulta.com/p/meno-pause-pack-pimprod2054801,Beauty Finds by ULTA Beauty,The Meno Pause Pack,Menopausal Care,$18.00,5.0
pimprod2054791,https://www.ulta.com/p/luxury-sampler-holiday-fragrances-all-pimprod2054791,Beauty Finds by ULTA Beauty,The Luxury Sampler - Holiday Fragrances for All,Fragrance Gifts,$19.00,2.0
pimprod2057465,https://www.ulta.com/p/radiance-reset-pimprod2057465,Beauty Finds by ULTA Beauty,Radiance Reset,Skin Gifts,$24.00,
pimprod2051721,https://www.ulta.com/p/luminous-skin-set-pimprod2051721,Beauty Finds by ULTA Beauty,Luminous Skin Set,Skin Gifts,$34.00,5.0
pimprod2053323,https://www.ulta.com/p/clean-hair-heroes-pimprod2053323,Beauty Finds by ULTA Beauty,Clean Hair Heroes,Hair Gifts,$29.00,5.0
pimprod2052010,https://www.ulta.com/p/total-body-treats-pimprod2052010,Beauty Finds by ULTA Beauty,Total Body Treats,Body Care Gifts,$25.00,4.5
pimprod2057547,https://www.ulta.com/p/from-stressed-rest-wellness-kit-pimprod2057547,Beauty Finds by ULTA Beauty,From Stressed To Rest Wellness Kit,$30 and Under,$29.00,
pimprod2051303,https://www.ulta.com/p/new-year-new-you-skincare-edition-pimprod2051303,Beauty Finds by ULTA Beauty,"New Year, New You: Skincare Edition",Skin Gifts,$30.00,3.4
pimprod2052007,https://www.ulta.com/p/golden-hour-essentials-pimprod2052007,Beauty Finds by ULTA Beauty,Golden Hour Essentials,Skin Gifts,$45.00,3.5
pimprod2051304,https://www.ulta.com/p/tried-true-skincare-faves-pimprod2051304,Beauty Finds by ULTA Beauty,Tried & True Skincare Faves,Skin Gifts,$30.00,2.5
pimprod2052845,https://www.ulta.com/p/study-break-essentials-pimprod2052845,Beauty Finds by ULTA Beauty,Study Break Essentials,$30 and Under,$17.40,4.8
pimprod2051722,https://www.ulta.com/p/spring-beauty-essentials-pimprod2051722,Beauty Finds by ULTA Beauty,Spring Beauty Essentials,$30 and Under,$29.00,5.0
pimprod2049072,https://www.ulta.com/p/countdown-new-years-pimprod2049072,Beauty Finds by ULTA Beauty,Countdown To New Year's,Skin Gifts,$20.00,3.3
pimprod2052008,https://www.ulta.com/p/curly-essential-set-pimprod2052008,Beauty Finds by ULTA Beauty,The Curly Essential Set,Hair Gifts,$9.99,4.8
pimprod2054797,https://www.ulta.com/p/hair-holiday-favorites-pimprod2054797,Beauty Finds by ULTA Beauty,Hair Holiday Favorites,Hair Gifts,$5.99,3.4
pimprod2054802,https://www.ulta.com/p/holiday-stocking-stuffers-pimprod2054802,Beauty Finds by ULTA Beauty,Holiday Stocking Stuffers,$30 and Under,$7.24,5.0
pimprod2052336,https://www.ulta.com/p/period-positivity-pimprod2052336,Beauty Finds by ULTA Beauty,Period Positivity,Body Care Gifts,$29.00,3.3
pimprod2052839,https://www.ulta.com/p/come-clean-with-conscious-beauty-pimprod2052839,Beauty Finds by ULTA Beauty,Come Clean With Conscious Beauty,$50 and Under,$20.40,4.2
pimprod2052844,https://www.ulta.com/p/campus-chic-back-school-beauty-essentials-pimprod2052844,Beauty Finds by ULTA Beauty,Campus Chic: Back-To-School Beauty Essentials,$30 and Under,$29.00,3.7
pimprod2052840,https://www.ulta.com/p/top-of-class-skincare-essentials-pimprod2052840,Beauty Finds by ULTA Beauty,Top Of Class: Skincare Essentials,Skin Gifts,$20.40,4.5
pimprod2052846,https://www.ulta.com/p/nourished-lips-kit-pimprod2052846,Beauty Finds by ULTA Beauty,Nourished Lips Kit,Makeup & Nail Gifts,$24.00,4.6
pimprod2052837,https://www.ulta.com/p/dermatologist-recommended-pimprod2052837,Beauty Finds by ULTA Beauty,Dermatologist Recommended,Skin Gifts,$6.00,5.0
pimprod2019388,https://www.ulta.com/p/balance-ph-balancing-gel-cleanser-pimprod2019388,BeautyBio,The Balance pH Balancing Gel Cleanser,Face Wash,$39.00,4.7
pimprod2019610,https://www.ulta.com/p/quench-eye-pro-strength-brightening-balm-pimprod2019610,BeautyBio,The Quench Eye Pro-Strength Brightening Balm,Eye Serums,$95.00,4.7
pimprod2019390,https://www.ulta.com/p/glopro-lip-microtip-attachment-pimprod2019390,BeautyBio,GloPRO LIP MicroTip Attachment,Lip Plumpers,$39.00,4.8
pimprod2019383,https://www.ulta.com/p/quench-rapid-recovery-face-cream-pimprod2019383,BeautyBio,The Quench Rapid Recovery Face Cream,Face Moisturizer,$129.00,4.7
pimprod2019384,https://www.ulta.com/p/zenbubble-oil-free-calming-gel-cream-pimprod2019384,BeautyBio,The ZenBubble Oil-Free Calming Gel Cream,Face Moisturizer,$69.00,4.6
pimprod2032776,https://www.ulta.com/p/swipe-glow-peel-pads-with-aha-bha-pha-niacinamide-pimprod2032776,BeautyBio,"Swipe & Glow Peel Pads with AHA, BHA, PHA + Niacinamide",Face Peels & Exfoliators,$45.00,4.8
pimprod2034691,https://www.ulta.com/p/glofacial-antimicrobial-treatment-replacement-tips-pimprod2034691,BeautyBio,GLOfacial Antimicrobial Treatment Replacement Tips,Anti-Aging,$30.00,3.3
pimprod2046079,https://www.ulta.com/p/plumping-booster-hyaluronic-acid-supercharged-complex-pimprod2046079,BeautyBio,Plumping Booster Hyaluronic Acid Supercharged Complex,Face Serums,$42.00,4.7
pimprod2046080,https://www.ulta.com/p/clarifying-booster-salicylic-acid-treatment-serum-pimprod2046080,BeautyBio,Clarifying Booster - Salicylic Acid Treatment Serum,Face Serums,$42.00,4.7
pimprod2019381,https://www.ulta.com/p/bright-eyes-depuffing-brightening-eye-gels-pimprod2019381,BeautyBio,Bright Eyes Depuffing and Brightening Eye Gels,Eye Masks,$40.00,4.6
pimprod2040042,https://www.ulta.com/p/glofacial-collagen-concentrate-pimprod2040042,BeautyBio,GLOfacial Collagen Concentrate,Face Serums,$45.00,4.8
pimprod2030729,https://www.ulta.com/p/eyelighter-concentrate-serum-depuffing-tool-pimprod2030729,BeautyBio,The Eyelighter Concentrate Serum & Depuffing Tool,Eye Serums,$58.00,4.6
pimprod2034125,https://www.ulta.com/p/glofacial-hydro-infusion-pore-cleansing-blue-led-clarifying-tool-pimprod2034125,BeautyBio,GLOfacial Hydro-Infusion Pore Cleansing + Blue LED Clarifying Tool,Skin Gifts,$199.00,4.2
pimprod2030802,https://www.ulta.com/p/get-that-glow-glopro-facial-microneedling-discovery-set-pimprod2030802,BeautyBio,Get That Glow GloPRO Facial Microneedling Discovery Set,Anti-Aging,$199.00,4.6
pimprod2027270,https://www.ulta.com/p/eye-want-it-all-face-eye-rejuvenation-set-pimprod2027270,BeautyBio,Eye Want It All Face + Eye Rejuvenation Set,Anti-Aging,$249.00,5.0
pimprod2048981,https://www.ulta.com/p/firm-glow-glopro-set-pimprod2048981,BeautyBio,Firm and Glow GloPRO Set,Skin Gifts,$179.00,
pimprod2019382,https://www.ulta.com/p/pout-sparkling-rose-volumizing-lip-serum-pimprod2019382,BeautyBio,The Pout Sparkling Rosé Volumizing Lip Serum,Lip Balms,$39.00,4.2
pimprod2019391,https://www.ulta.com/p/glopro-face-microtip-attachment-pimprod2019391,BeautyBio,GloPRO FACE MicroTip Attachment,Anti-Aging,$39.00,4.3
pimprod2019612,https://www.ulta.com/p/glopro-eye-microtip-attachment-pimprod2019612,BeautyBio,GloPRO EYE MicroTip Attachment,Anti-Aging,$39.00,4.4
pimprod2051859,https://www.ulta.com/p/brightening-booster-vitamin-c-pimprod2051859,BeautyBio,Brightening Booster Vitamin C,Face Serums,$42.00,5.0
pimprod2019614,https://www.ulta.com/p/glopro-cryo-roller-attachment-duo-pimprod2019614,BeautyBio,GloPRO CRYO Roller Attachment Duo,Facial Rollers,$75.00,4.5
pimprod2019394,https://www.ulta.com/p/glopro-skin-prep-pads-clarifying-skin-cleansing-wipes-with-peptides-pimprod2019394,BeautyBio,GloPRO Skin Prep Pads Clarifying Skin Cleansing Wipes with Peptides,Face Wipes,$39.00,4.2
pimprod2001936,https://www.ulta.com/p/power-pocket-puff-dual-sided-powder-puff-pimprod2001936,beautyblender,Power Pocket Puff Dual Sided Powder Puff,Sponges & Applicators,$18.00,4.6
pimprod2043197,https://www.ulta.com/p/all-stars-power-pink-starter-set-pimprod2043197,beautyblender,ALL STARS POWER PINK Starter Set,Brush Cleaner,$26.00,5.0
pimprod2026436,https://www.ulta.com/p/beautyblender-bubble-makeup-sponge-pimprod2026436,beautyblender,Beautyblender BUBBLE Makeup Sponge,Sponges & Applicators,$20.00,4.2
pimprod2049014,https://www.ulta.com/p/back-2-basics-blend-cleanse-set-pimprod2049014,beautyblender,BACK 2 BASICS Blend & Cleanse Set,Brush Cleaner,$39.00,4.9
pimprod2053989,https://www.ulta.com/p/cleantemporary-trio-blend-blot-cleanse-set-pimprod2053989,beautyblender,"Cleantemporary Trio Blend, Blot & Cleanse Set",Makeup & Nail Gifts,$26.00,5.0
pimprod2052067,https://www.ulta.com/p/blendercleanser-tool-scrub-charcoal-hand-sponge-brush-cleanser-pimprod2052067,beautyblender,"Blendercleanser Tool Scrub Charcoal Hand, Sponge & Brush Cleanser - 1.0 oz",Brush Cleaner,$20.00,4.9
pimprod2052467,https://www.ulta.com/p/tool-scrub-unscented-hand-sponge-brush-cleanser-pimprod2052467,beautyblender,"Tool Scrub Unscented Hand, Sponge & Brush Cleanser",Brush Cleaner,$20.00,4.9
pimprod2031801,https://www.ulta.com/p/bio-pure-makeup-sponge-pimprod2031801,beautyblender,BIO PURE Makeup Sponge,Sponges & Applicators,$20.00,4.6
pimprod2050514,https://www.ulta.com/p/beautyblender-high-tea-makeup-sponge-pimprod2050514,beautyblender,Beautyblender High Tea Makeup Sponge,Sponges & Applicators,$20.00,4.9
pimprod2052466,https://www.ulta.com/p/tool-scrub-lavender-hand-sponge-brush-cleanser-pimprod2052466,beautyblender,"Tool Scrub Lavender Hand, Sponge & Brush Cleanser",Brush Cleaner,$20.00,4.9
pimprod2049010,https://www.ulta.com/p/beautyblender-beautyblusher-cheeky-makeup-sponge-pimprod2049010,beautyblender,Beautyblender BEAUTY.BLUSHER CHEEKY Makeup Sponge,Sponges & Applicators,$16.00,4.8
pimprod2052435,https://www.ulta.com/p/beautyblender-sunshade-limited-edition-makeup-sponge-pimprod2052435,beautyblender,Beautyblender Sunshade Limited-Edition Makeup Sponge,Sponges & Applicators,$20.00,
pimprod2044128,https://www.ulta.com/p/make-a-splash-blending-duo-pimprod2044128,beautyblender,MAKE A SPLASH Blending Duo,Sponges & Applicators,$22.00,4.9
pimprod2053988,https://www.ulta.com/p/bounce-haus-essentials-set-pimprod2053988,beautyblender,Bounce Haus Essentials Set,Makeup & Nail Gifts,$29.25,5.0
pimprod2050410,https://www.ulta.com/p/universal-c-skin-refiner-20-vitamin-c-brightening-serum-pimprod2050410,BeautyStat Cosmetics,Universal C Skin Refiner 20% Vitamin C Brightening Serum,Face Serums,$62.00,4.3
pimprod2042397,https://www.ulta.com/p/peptide-wrinkle-relaxing-moisturizer-pimprod2042397,BeautyStat Cosmetics,Peptide Wrinkle Relaxing Moisturizer,Face Moisturizer,$68.00,4.4
pimprod2051757,https://www.ulta.com/p/c-lip-serum-spf-30-pimprod2051757,BeautyStat Cosmetics,C Lip Serum SPF 30 - Baby Pink,Lip Plumpers,$15.00,4.9
pimprod2050413,https://www.ulta.com/p/universal-microbiome-barrier-balancing-cleanser-pimprod2050413,BeautyStat Cosmetics,Universal Microbiome Barrier Balancing Cleanser,Face Wash,$26.00,4.7
pimprod2030151,https://www.ulta.com/p/probiotic-24hr-moisture-boost-cream-moisturizer-pimprod2030151,BeautyStat Cosmetics,Probiotic 24HR Moisture Boost Cream Moisturizer - 1.7 oz,Face Moisturizer,$50.00,4.5
pimprod2050412,https://www.ulta.com/p/universal-c-eye-perfector-pimprod2050412,BeautyStat Cosmetics,Universal C Eye Perfector,Eye Cream,$52.00,4.3
pimprod2046977,https://www.ulta.com/p/triple-plump-coconut-milk-serum-pimprod2046977,BeautyStat Cosmetics,Triple-Plump Coconut Milk Serum,Face Serums,$42.00,4.6
pimprod2049471,https://www.ulta.com/p/universal-triple-action-peel-pads-pimprod2049471,BeautyStat Cosmetics,Universal Triple Action Peel Pads,Face Peels & Exfoliators,$29.00,4.6
pimprod2022462,https://www.ulta.com/p/after-party-super-smoothing-cream-pimprod2022462,Bed Head,After Party Super Smoothing Cream - 3.38 oz,Travel Size Hair Care,$21.00,4.5
pimprod2022525,https://www.ulta.com/p/masterpiece-shiny-hairspray-with-extra-strong-hold-pimprod2022525,Bed Head,Masterpiece Extra Strong Hold Hairspray - 10.3 oz,Travel Size Hair Care,$22.00,4.5
pimprod2022530,https://www.ulta.com/p/hard-head-extreme-hold-hairspray-pimprod2022530,Bed Head,Hard Head Extreme Hold Hairspray - 11.7 oz,Travel Size Hair Care,$22.00,4.6
pimprod2055059,https://www.ulta.com/p/curls-rock-amplifier-curly-hair-cream-pimprod2055059,Bed Head,Curls Rock Amplifier Curly Hair Cream - 3.38 oz,Travel Size Hair Care,$21.00,4.2
pimprod2022520,https://www.ulta.com/p/small-talk-hair-thickening-cream-pimprod2022520,Bed Head,Small Talk Hair Thickening Cream - 8.12 oz,Travel Size Hair Care,$21.00,4.4
pimprod2022468,https://www.ulta.com/p/manipulator-texturizing-putty-with-firm-hold-pimprod2022468,Bed Head,Manipulator Texturizing Putty with Firm Hold,Volume & Texture,$21.00,4.3
pimprod2047292,https://www.ulta.com/p/keep-it-casual-flexible-hold-hairspray-pimprod2047292,Bed Head,Keep it Casual Flexible Hold Hairspray,Hairspray,$21.00,3.7
pimprod2022406,https://www.ulta.com/p/recovery-moisture-rush-conditioner-pimprod2022406,Bed Head,Recovery Moisture Rush Conditioner - 13.53 oz,Travel Size Hair Care,$17.50,4.3
pimprod2022404,https://www.ulta.com/p/recovery-moisturizing-shampoo-pimprod2022404,Bed Head,Recovery Moisturizing Shampoo - 13.53 oz,Travel Size Hair Care,$17.50,4.3
pimprod2022521,https://www.ulta.com/p/queen-a-day-thickening-spray-fine-hair-pimprod2022521,Bed Head,Queen For A Day Thickening Spray For Fine Hair,Volume & Texture,$21.00,4.1
pimprod2022467,https://www.ulta.com/p/manipulator-matte-hair-wax-paste-with-strong-hold-pimprod2022467,Bed Head,Manipulator Matte Hair Wax Paste With Strong Hold,Volume & Texture,$21.00,4.5
pimprod2022408,https://www.ulta.com/p/resurrection-repair-shampoo-pimprod2022408,Bed Head,Resurrection Repair Shampoo - 13.53 oz,Travel Size Hair Care,$17.50,4.3
pimprod2025797,https://www.ulta.com/p/some-like-it-hot-heat-protection-spray-pimprod2025797,Bed Head,Some Like It Hot Heat Protection Spray,Heat Protectant,$21.00,4.5
pimprod2022410,https://www.ulta.com/p/resurrection-repair-conditioner-pimprod2022410,Bed Head,Resurrection Repair Conditioner - 13.53 oz,Travel Size Hair Care,$17.50,3.5
pimprod2022527,https://www.ulta.com/p/headrush-shine-hair-spray-smooth-shiny-hair-pimprod2022527,Bed Head,Headrush Shine Hair Spray For Smooth Shiny Hair,Gloss & Shine,$21.00,4.3
pimprod2022471,https://www.ulta.com/p/travel-size-manipulator-texturizing-putty-with-firm-hold-pimprod2022471,Bed Head,Travel Size Manipulator Texturizing Putty With Firm Hold,Volume & Texture,$12.00,4.3
pimprod2048509,https://www.ulta.com/p/foxy-curls-curly-hair-mousse-strong-hold-pimprod2048509,Bed Head,Foxy Curls Curly Hair Mousse For Strong Hold,Curl Enhancing,$21.00,4.3
pimprod2022529,https://www.ulta.com/p/dirty-secret-instant-refresh-dry-shampoo-pimprod2022529,Bed Head,Dirty Secret Instant Refresh Dry Shampoo - 7.5 oz,Travel Size Hair Care,$21.00,4.2
pimprod2022522,https://www.ulta.com/p/oh-bee-hive-volumizing-dry-shampoo-day-2-hair-pimprod2022522,Bed Head,Oh Bee Hive Volumizing Dry Shampoo For Day 2 Hair,Dry Shampoo,$21.00,4.5
pimprod2038277,https://www.ulta.com/p/foxy-curls-contour-curl-cream-increased-definition-pimprod2038277,Bed Head,Foxy Curls Contour Curl Cream for Increased Definition,Curl Enhancing,$21.00,4.3
pimprod2022519,https://www.ulta.com/p/salty-not-sorry-texturizing-salt-spray-natural-undone-hairstyles-pimprod2022519,Bed Head,Salty Not Sorry Texturizing Salt Spray For Natural Undone Hairstyles,Volume & Texture,$21.00,4.6
pimprod2027508,https://www.ulta.com/p/straighten-out-anti-frizz-serum-smooth-shiny-hair-pimprod2027508,Bed Head,Straighten Out Anti Frizz Serum For Smooth Shiny Hair,Oils & Serums,$21.00,4.4
pimprod2022464,https://www.ulta.com/p/back-it-up-texturizing-cream-shape-texture-pimprod2022464,Bed Head,Back It Up Texturizing Cream For Shape And Texture,Volume & Texture,$21.00,4.3
pimprod2022412,https://www.ulta.com/p/colour-goddess-shampoo-coloured-hair-pimprod2022412,Bed Head,Colour Goddess Shampoo For Coloured Hair - 13.53 oz,Shampoo,$17.50,4.3
pimprod2056307,https://www.ulta.com/p/no-fry-zone-dry-hair-heat-protection-mist-pimprod2056307,Bed Head,No Fry Zone - Dry Hair Heat Protection Mist,Heat Protectant,$21.00,
pimprod2022428,https://www.ulta.com/p/colour-goddess-conditioner-coloured-hair-pimprod2022428,Bed Head,Colour Goddess Conditioner For Coloured Hair - 13.53 oz,Conditioner,$17.50,4.2
pimprod2027496,https://www.ulta.com/p/wanna-glow-hydrating-jelly-oil-shiny-smooth-hair-pimprod2027496,Bed Head,Wanna Glow Hydrating Jelly Oil For Shiny Smooth Hair,Oils & Serums,$21.00,4.3
pimprod2027411,https://www.ulta.com/p/serial-blonde-purple-shampoo-cool-blonde-hair-pimprod2027411,Bed Head,Serial Blonde Purple Shampoo For Cool Blonde Hair,Shampoo,$17.50,4.3
pimprod2022430,https://www.ulta.com/p/serial-blonde-shampoo-damaged-blonde-hair-pimprod2022430,Bed Head,Serial Blonde Shampoo For Damaged Blonde Hair - 13.53 oz,Shampoo,$17.50,3.9
pimprod2022433,https://www.ulta.com/p/serial-blonde-conditioner-damaged-blonde-hair-pimprod2022433,Bed Head,Serial Blonde Conditioner For Damaged Blonde Hair - 13.53 oz,Conditioner,$17.50,3.9
pimprod2056309,https://www.ulta.com/p/knot-this-time-anti-breakage-detangling-spray-pimprod2056309,Bed Head,Knot This Time - Anti-Breakage Detangling Spray,Smoothing,$21.00,4.0
pimprod2056308,https://www.ulta.com/p/a-glass-act-heat-uv-color-protect-oil-pimprod2056308,Bed Head,"A Glass Act - Heat, UV and Color Protect Oil",Heat Protectant,$21.00,
pimprod2056634,https://www.ulta.com/p/no-frizz-given-lightweight-curl-serum-pimprod2056634,Bed Head,No Frizz Given Lightweight Curl Serum,Curl Enhancing,$21.00,
pimprod2031341,https://www.ulta.com/p/milk-shake-hyaluronic-acid-squalane-facial-toner-mist-pimprod2031341,Beekman 1802,Milk Shake Hyaluronic Acid & Squalane Facial Toner Mist - 8.1 oz,Face Mists & Essences,$39.00,4.7
pimprod2017582,https://www.ulta.com/p/bloom-cream-daily-moisturizer-pimprod2017582,Beekman 1802,Bloom Cream Daily Moisturizer - 1.69 oz Jar,Travel Size Skin Care,$56.00,4.5
pimprod2046048,https://www.ulta.com/p/milk-rx-advanced-better-aging-cream-pimprod2046048,Beekman 1802,Milk RX Advanced Better Aging Cream - 1.7 oz,Face Moisturizer,$68.00,4.4
pimprod2037793,https://www.ulta.com/p/oh-mega-milky-oil-fermented-barrier-boosting-facial-oil-pimprod2037793,Beekman 1802,Oh! Mega Milky Oil Fermented Barrier Boosting Facial Oil - 1.0 oz,Face Oils,$56.00,4.6
pimprod2046253,https://www.ulta.com/p/healthy-skin-barrier-bestsellers-set-pimprod2046253,Beekman 1802,Healthy Skin Barrier Bestsellers Set,Skin Gifts,$49.00,4.5
pimprod2053049,https://www.ulta.com/p/milk-rx-advanced-better-aging-wrinkle-serum-pimprod2053049,Beekman 1802,Milk RX Advanced Better Aging Wrinkle Serum,Face Serums,$72.00,4.6
pimprod2057107,https://www.ulta.com/p/milk-rx-advanced-better-aging-dual-eye-treatments-pimprod2057107,Beekman 1802,Milk RX Advanced Better Aging Dual Eye Treatments,Eye Cream,$68.00,4.9
pimprod2017547,https://www.ulta.com/p/milk-drops-ceramide-serum-pimprod2017547,Beekman 1802,Milk Drops Ceramide Serum - 0.9 oz,Face Serums,$47.00,4.4
pimprod2042674,https://www.ulta.com/p/mushroom-milk-better-aging-eye-cream-pimprod2042674,Beekman 1802,Mushroom Milk Better Aging Eye Cream,Eye Cream,$52.00,4.4
pimprod2049360,https://www.ulta.com/p/micellar-milk-froth-cleansing-gel-makeup-remover-pimprod2049360,Beekman 1802,Micellar Milk Froth Cleansing Gel & Makeup Remover - 5.0 oz,Makeup Remover,$29.00,4.6
pimprod2049776,https://www.ulta.com/p/travel-size-milk-shake-moisture-mist-body-pimprod2049776,Beekman 1802,Travel Size Milk Shake Moisture Mist for Body - Coconut Cream,Body Mist & Hair Mist,$29.00,4.7
pimprod2040568,https://www.ulta.com/p/goat-milk-whipped-body-cream-pimprod2040568,Beekman 1802,Goat Milk Whipped Body Cream - Coconut Cream,Body Lotion & Creams,$39.00,4.7
pimprod2053058,https://www.ulta.com/p/milk-rx-advanced-better-aging-refill-duo-pimprod2053058,Beekman 1802,Milk RX Advanced Better Aging Refill Duo,$100 and Under,$98.00,4.5
pimprod2036763,https://www.ulta.com/p/milk-scrub-oat-goat-milk-exfoliating-facial-cleanser-pimprod2036763,Beekman 1802,Milk Scrub Oat and Goat Milk Exfoliating Facial Cleanser - 6.0 oz,Cleansing Exfoliators,$45.00,4.7
pimprod2052949,https://www.ulta.com/p/magnesium-milk-barrier-reset-jelly-mist-pimprod2052949,Beekman 1802,Magnesium Milk Barrier Reset Jelly Mist,Face Mists & Essences,$29.00,4.4
pimprod2023216,https://www.ulta.com/p/dream-booster-bakuchiol-better-aging-serum-pimprod2023216,Beekman 1802,Dream Booster Bakuchiol Better Aging Serum - 0.95 oz,Face Serums,$44.00,4.6
pimprod2023210,https://www.ulta.com/p/golden-booster-amla-berry-vitamin-c-brightening-serum-pimprod2023210,Beekman 1802,Golden Booster Amla Berry Vitamin C Brightening Serum - 0.95 oz,Face Serums,$44.00,4.6
pimprod2051470,https://www.ulta.com/p/milk-shake-moisture-mist-body-pimprod2051470,Beekman 1802,Milk Shake Moisture Mist for Body - Coconut Cream,Body Mist & Hair Mist,$49.00,4.7
pimprod2040185,https://www.ulta.com/p/potato-peel-rapid-resurfacing-milk-facial-pimprod2040185,Beekman 1802,Potato Peel Rapid Resurfacing Milk Facial - 1.69 oz,Face Peels & Exfoliators,$49.00,4.6
pimprod2049361,https://www.ulta.com/p/solar-milk-clear-spf-50-clear-sunscreen-gel-pimprod2049361,Beekman 1802,Solar Milk Clear SPF 50 Clear Sunscreen Gel,Sunscreen,$40.00,4.5
pimprod2036971,https://www.ulta.com/p/midnight-milk-better-aging-sleep-mask-pimprod2036971,Beekman 1802,Midnight Milk Better Aging Sleep Mask,Face Serums,$52.00,4.7
pimprod2050848,https://www.ulta.com/p/honey-orange-blossom-bodycare-discovery-kit-pimprod2050848,Beekman 1802,Honey & Orange Blossom Bodycare Discovery Kit,Skin Gifts,$26.00,4.4
pimprod2044125,https://www.ulta.com/p/milk-tint-spf-43-tinted-primer-serum-pimprod2044125,Beekman 1802,Milk Tint SPF 43 Tinted Primer Serum - Fair,Tinted Moisturizer,$48.00,4.0
pimprod2050849,https://www.ulta.com/p/pure-goat-milk-bodycare-discovery-kit-pimprod2050849,Beekman 1802,Pure Goat Milk Bodycare Discovery Kit,Skin Gifts,$26.00,5.0
pimprod2053050,https://www.ulta.com/p/mini-milk-rx-advanced-better-aging-cream-pimprod2053050,Beekman 1802,Mini Milk RX Advanced Better Aging Cream,Face Moisturizer,$27.00,3.0
pimprod2045972,https://www.ulta.com/p/coconut-cream-goat-milk-bodycare-discovery-kit-pimprod2045972,Beekman 1802,Coconut Cream Goat Milk Bodycare Discovery Kit,Body Care Gifts,$26.00,4.2
pimprod2049359,https://www.ulta.com/p/milk-rx-compress-advanced-better-aging-sheet-mask-pimprod2049359,Beekman 1802,Milk RX Compress Advanced Better Aging Sheet Mask,Face Masks,$16.00,4.6
pimprod2045017,https://www.ulta.com/p/hello-sunshine-spf-50-pa-face-body-pimprod2045017,Beekman 1802,Hello Sunshine SPF 50 PA ++++ For Face & Body,Sunscreen,$45.00,4.7
pimprod2017545,https://www.ulta.com/p/dewy-eyed-illuminating-depuffing-eye-serum-pimprod2017545,Beekman 1802,Dewy Eyed Illuminating & Depuffing Eye Serum - 0.5 oz,Eye Serums,$44.00,4.2
pimprod2043852,https://www.ulta.com/p/travel-size-goat-milk-hand-cream-pimprod2043852,Beekman 1802,Travel Size Goat Milk Hand Cream - Sunshine Lemon,Travel Size Body Care,$16.00,4.9
pimprod2046076,https://www.ulta.com/p/oh-mega-milk-lip-oil-pimprod2046076,Beekman 1802,Oh! Mega Milk Lip Oil,Lip Oil,$22.00,4.4
pimprod2017588,https://www.ulta.com/p/pure-goat-milk-facial-cleansing-wipes-pimprod2017588,Beekman 1802,Pure Goat Milk Facial Cleansing Wipes,Makeup Remover,$12.00,4.5
pimprod2050752,https://www.ulta.com/p/milk-scrub-exfoliating-body-scrub-pimprod2050752,Beekman 1802,Milk Scrub Exfoliating Body Scrub - Coconut Cream,Body Scrubs & Exfoliants,$30.00,4.6
pimprod2051739,https://www.ulta.com/p/travel-size-goat-milk-soap-pimprod2051739,Beekman 1802,Travel Size Goat Milk Soap - Honey & Orange Blossom,Travel Size Body Care,$7.00,4.9
pimprod2040164,https://www.ulta.com/p/goat-milk-soap-with-botanical-oils-extracts-pimprod2040164,Beekman 1802,Goat Milk Soap with Botanical Oils & Extracts - Fragrance Free,Shower Gel & Body Wash,$16.00,4.9
pimprod2051743,https://www.ulta.com/p/travel-size-goat-milk-whipped-body-cream-pimprod2051743,Beekman 1802,Travel Size Goat Milk Whipped Body Cream - Coconut Cream,Travel Size Body Care,$12.00,4.7
pimprod2040111,https://www.ulta.com/p/wonder-milk-buttery-botanical-jelly-pimprod2040111,Beekman 1802,Wonder Milk Buttery Botanical Jelly,Body Treatments,$39.00,4.7
pimprod2026729,https://www.ulta.com/p/pure-goat-milk-lip-balm-pimprod2026729,Beekman 1802,Pure Goat Milk Lip Balm,Lip Balms,$10.00,4.8
pimprod2040643,https://www.ulta.com/p/sunshine-lemon-whipped-body-cream-pimprod2040643,Beekman 1802,Sunshine Lemon Whipped Body Cream,Body Lotion & Creams,$39.00,4.5
pimprod2017716,https://www.ulta.com/p/milk-stick-invisible-deodorant-pimprod2017716,Beekman 1802,Milk Stick Invisible Deodorant - Fragrance Free,Deodorant,$20.00,4.5
pimprod2045163,https://www.ulta.com/p/bloom-with-pride-skincare-set-pimprod2045163,Beekman 1802,Bloom with Pride Skincare Set,Skin Gifts,$59.00,4.0
pimprod2026904,https://www.ulta.com/p/goat-ears-spa-headband-pimprod2026904,Beekman 1802,Goat Ears Spa Headband,Headbands,$15.00,4.9
pimprod2038326,https://www.ulta.com/p/blotting-booster-pha-calamine-blemish-serum-pimprod2038326,Beekman 1802,Blotting Booster Pha & Calamine Blemish Serum,Acne & Blemish Treatments,$29.00,4.8
pimprod2057113,https://www.ulta.com/p/silk-milk-barrier-boosting-body-oil-pimprod2057113,Beekman 1802,Silk Milk Barrier Boosting Body Oil - Coconut Cream,Body Serums & Oils,$45.00,
pimprod2056319,https://www.ulta.com/p/mega-no-frizz-smoothing-hair-mask-pimprod2056319,being,MEGA NO-FRIZZ Smoothing Hair Mask,Masks,$6.99,5.0
pimprod2056321,https://www.ulta.com/p/curl-power-curl-dening-conditioner-pimprod2056321,being,CURL POWER Curl Deﬁning Conditioner,Curl Enhancing,$6.99,5.0
pimprod2056317,https://www.ulta.com/p/goodbye-frizz-smoothing-conditioner-with-jojoba-almond-oil-pimprod2056317,being,GOODBYE FRIZZ Smoothing Conditioner with Jojoba and Almond Oil,Conditioner,$6.99,4.9
pimprod2056314,https://www.ulta.com/p/goodbye-frizz-smoothing-shampoo-with-jojoba-almond-oil-pimprod2056314,being,GOODBYE FRIZZ Smoothing Shampoo with Jojoba and Almond Oil,Shampoo,$6.99,5.0
pimprod2056320,https://www.ulta.com/p/curl-power-curl-dening-shampoo-pimprod2056320,being,CURL POWER Curl Deﬁning Shampoo,Curl Enhancing,$6.99,4.8
pimprod2056313,https://www.ulta.com/p/nourish-shine-daily-clean-shampoo-pimprod2056313,being,NOURISH + SHINE Daily Clean Shampoo ,Shampoo,$6.99,5.0
pimprod2056323,https://www.ulta.com/p/major-moisture-moisturizing-leave-in-conditioner-pimprod2056323,being,MAJOR MOISTURE Moisturizing Leave-In Conditioner,Leave-In Conditioner,$6.99,4.9
pimprod2056318,https://www.ulta.com/p/nourish-shine-daily-clean-conditioner-pimprod2056318,being,NOURISH + SHINE Daily Clean Conditioner,Conditioner,$6.99,5.0
pimprod2056322,https://www.ulta.com/p/major-no-frizz-smoothing-leave-in-conditioner-pimprod2056322,being,MAJOR NO-FRIZZ Smoothing Leave-In Conditioner,Leave-In Conditioner,$6.99,5.0
pimprod2056324,https://www.ulta.com/p/mega-moisture-moisturizing-hair-mask-pimprod2056324,being,MEGA MOISTURE Moisturizing Hair Mask,Masks,$6.99,5.0
pimprod2043259,https://www.ulta.com/p/true-cream-aqua-bomb-hydrating-moisturizer-pimprod2043259,belif,The True Cream - Aqua Bomb Hydrating Moisturizer - 1.69 oz,Travel Size Skin Care,$40.00,4.5
pimprod2043261,https://www.ulta.com/p/true-cream-moisturizing-bomb-pimprod2043261,belif,The True Cream - Moisturizing Bomb,Face Moisturizer,$40.00,4.7
pimprod2048708,https://www.ulta.com/p/aqua-bomb-depuffing-eye-gel-with-caffeine-hyaluronic-acid-pimprod2048708,belif,Aqua Bomb Depuffing Eye Gel with Caffeine + Hyaluronic Acid,Eye Cream,$32.00,4.3
pimprod2050255,https://www.ulta.com/p/super-drops-5-niacinamide-vitamin-c-brightening-serum-pimprod2050255,belif,Super Drops 5% Niacinamide and Vitamin C Brightening Serum,Face Serums,$34.00,4.7
pimprod2051467,https://www.ulta.com/p/dew-guard-glow-boost-serum-spf-40-pimprod2051467,belif,Dew Guard Glow Boost Serum SPF 40,Face Serums,$30.00,4.4
pimprod2051465,https://www.ulta.com/p/super-drops-multi-7-hyaluronic-frozen-serum-pimprod2051465,belif,Super Drops Multi-7 Hyaluronic Frozen Serum,Face Serums,$28.00,5.0
pimprod2056959,https://www.ulta.com/p/aqua-bomb-calming-soothing-frozen-gel-cream-pimprod2056959,belif,Aqua Bomb Calming & Soothing Frozen Gel Cream,Face Moisturizer,$26.00,3.0
pimprod2043263,https://www.ulta.com/p/aqua-bomb-brightening-vitamin-c-cream-pimprod2043263,belif,Aqua Bomb Brightening Vitamin C Cream,Face Moisturizer,$45.00,4.6
pimprod2039603,https://www.ulta.com/p/aqua-bomb-pha-exfoliating-toner-pads-pimprod2039603,belif,Aqua Bomb PHA Exfoliating Toner Pads,Toner,$24.00,5.0
pimprod2050254,https://www.ulta.com/p/super-drops-retinol-peptide-barrier-serum-pimprod2050254,belif,Super Drops Retinol and Peptide Barrier Serum,Face Serums,$34.00,4.5
pimprod2013171,https://www.ulta.com/p/aqua-bomb-hydrating-jelly-cleanser-pimprod2013171,belif,Aqua Bomb Hydrating Jelly Cleanser,Face Wash,$30.00,4.5
pimprod2057610,https://www.ulta.com/p/dew-guard-milky-sun-serum-hydrating-sunscreen-spf-40-pimprod2057610,belif,Dew Guard Milky Sun Serum Hydrating Sunscreen SPF 40,Sunscreen,$25.00,4.8
pimprod2052954,https://www.ulta.com/p/aqua-bomb-lifting-eye-gel-pimprod2052954,belif,Aqua Bomb Lifting Eye Gel,Eye Cream,$32.00,4.5
pimprod2043262,https://www.ulta.com/p/moisturizing-eye-bomb-eye-cream-pimprod2043262,belif,Moisturizing Eye Bomb Eye Cream,Eye Cream,$48.00,4.5
pimprod2050252,https://www.ulta.com/p/super-drops-niacinamide-vitamin-c-golden-glow-serum-pimprod2050252,belif,Super Drops Niacinamide and Vitamin C Golden Glow Serum,Face Serums,$38.00,4.3
pimprod2031358,https://www.ulta.com/p/aqua-bomb-hydrating-toner-with-hyaluronic-acid-pimprod2031358,belif,Aqua Bomb Hydrating Toner with Hyaluronic Acid,Toner,$30.00,4.5
pimprod2048707,https://www.ulta.com/p/hydration-on-go-travel-kit-pimprod2048707,belif,Hydration On-the-Go Travel Kit,Skin Gifts,$21.00,
pimprod2013175,https://www.ulta.com/p/aqua-bomb-hydrating-sleeping-mask-with-panthenol-pimprod2013175,belif,Aqua Bomb Hydrating Sleeping Mask with Panthenol,Face Masks,$38.00,4.5
pimprod2050256,https://www.ulta.com/p/super-drops-multi-7-hyaluronic-hydrating-serum-pimprod2050256,belif,Super Drops Multi-7 Hyaluronic Hydrating Serum,Face Serums,$34.00,4.5
pimprod2056960,https://www.ulta.com/p/glow-boost-starter-pack-pimprod2056960,belif,Glow Boost Starter Pack,Skin Gifts,$25.00,
pimprod2057609,https://www.ulta.com/p/dew-guard-daily-mineral-sunscreen-spf-50-pimprod2057609,belif,Dew Guard Daily Mineral Sunscreen SPF 50,Sunscreen,$30.00,4.5
pimprod2008308,https://www.ulta.com/p/benetint-liquid-lip-cheek-stain-pimprod2008308,Benefit Cosmetics,Benetint Liquid Lip & Cheek Stain - Benetint,Blush,$28.00,4.2
pimprod2049204,https://www.ulta.com/p/mighty-fine-brow-pen-pimprod2049204,Benefit Cosmetics,Mighty Fine Brow Pen - 3.5,Eyebrows,$28.00,4.4
pimprod2052738,https://www.ulta.com/p/porefessional-blurring-smoothing-foundation-with-niacinamide-pimprod2052738,Benefit Cosmetics,The POREfessional Blurring & Smoothing Foundation with Niacinamide - 1C Ultimate,Foundation,$47.00,4.3
pimprod2043821,https://www.ulta.com/p/precisely-my-brow-tinted-eyebrow-wax-pimprod2043821,Benefit Cosmetics,"Precisely, My Brow Tinted Eyebrow Wax - Shade 3.5",Eyebrows,$28.00,4.8
pimprod2002613,https://www.ulta.com/p/gimme-brow-tinted-volumizing-eyebrow-gel-mini-pimprod2002613,Benefit Cosmetics,Gimme Brow+ Tinted Volumizing Eyebrow Gel Mini - 2 Light,Travel Size Makeup,$16.00,4.7
pimprod2040008,https://www.ulta.com/p/fan-fest-fanning-volumizing-mascara-pimprod2040008,Benefit Cosmetics,Fan Fest Fanning and Volumizing Mascara - 0.3 oz,Travel Size Makeup,$29.00,4.6
pimprod2055978,https://www.ulta.com/p/porefessional-degunker-blackhead-pore-cleansing-mask-system-pimprod2055978,Benefit Cosmetics,The POREfessional Degunker Blackhead & Pore Cleansing Mask System,Face Masks,$36.00,4.2
pimprod2008305,https://www.ulta.com/p/cookie-golden-pearl-powder-highlighter-pimprod2008305,Benefit Cosmetics,Cookie Golden Pearl Powder Highlighter,Highlighter,$39.00,4.7
pimprod2032095,https://www.ulta.com/p/badgal-bang-volumizing-waterproof-mascara-pimprod2032095,Benefit Cosmetics,BADgal BANG! Volumizing Waterproof Mascara - Intense Pitch Black,Mascara,$14.50,4.4
pimprod2022310,https://www.ulta.com/p/theyre-real-magnet-extreme-lengthening-mascara-pimprod2022310,Benefit Cosmetics,They're Real! Magnet Extreme Lengthening Mascara - 0.32 oz,Travel Size Makeup,$29.00,4.1
pimprod2046073,https://www.ulta.com/p/porefessional-matte-pore-minimizing-primer-pimprod2046073,Benefit Cosmetics,The POREfessional Matte Pore Minimizing Primer,Face Primer,$36.00,4.8
pimprod2027005,https://www.ulta.com/p/gimme-brow-tinted-volumizing-eyebrow-gel-jumbo-pimprod2027005,Benefit Cosmetics,Gimme Brow+ Tinted Volumizing Eyebrow Gel Jumbo - Shade 5,Eyebrows,$40.00,4.7
pimprod2038018,https://www.ulta.com/p/porefessional-deep-retreat-pore-clearing-clay-mask-pimprod2038018,Benefit Cosmetics,The POREfessional Deep Retreat Pore-Clearing Clay Mask - 2.5 oz,Face Masks,$39.00,4.6
pimprod2046074,https://www.ulta.com/p/porefessional-matte-blurring-loose-setting-powder-pimprod2046074,Benefit Cosmetics,The POREfessional Matte Blurring Loose Setting Powder - 0.28 oz,Travel Size Makeup,$39.00,4.8
pimprod2002655,https://www.ulta.com/p/roller-liner-waterproof-liquid-eyeliner-pimprod2002655,Benefit Cosmetics,Roller Liner Waterproof Liquid Eyeliner - Black,Eyeliner,$26.00,3.8
pimprod2053122,https://www.ulta.com/p/bangin-lashes-mascara-set-pimprod2053122,Benefit Cosmetics,BANGIN' Lashes Mascara Set,Makeup & Nail Gifts,$34.00,4.8
pimprod2038888,https://www.ulta.com/p/goof-proof-brow-filling-powder-pimprod2038888,Benefit Cosmetics,Goof Proof Brow-Filling Powder - 3,Eyebrows,$24.00,4.8
pimprod2007903,https://www.ulta.com/p/boi-ing-cakeless-full-coverage-waterproof-liquid-concealer-pimprod2007903,Benefit Cosmetics,Boi-ing Cakeless Full Coverage Waterproof Liquid Concealer - 1 Amaze 'Em,Contouring,$29.00,4.3
pimprod2043819,https://www.ulta.com/p/value-size-liquid-lip-blush-cheek-tint-pimprod2043819,Benefit Cosmetics,Value Size Liquid Lip Blush & Cheek Tint - Rose-tinted,Blush,$36.00,4.2
pimprod2020913,https://www.ulta.com/p/porefessional-super-setter-long-lasting-makeup-setting-spray-pimprod2020913,Benefit Cosmetics,The POREfessional: Super Setter Long-Lasting Makeup Setting Spray - 4.0 oz,Setting Spray & Powder,$36.00,4.5
pimprod2043781,https://www.ulta.com/p/precisely-my-brow-detailer-microfine-waterproof-eyebrow-pencil-pimprod2043781,Benefit Cosmetics,"Precisely, My Brow Detailer Microfine Waterproof Eyebrow Pencil - 3",Eyebrows,$27.00,4.4
pimprod2007034,https://www.ulta.com/p/badgal-bang-24-hour-waterproof-eyeliner-pimprod2007034,Benefit Cosmetics,BADgal BANG! 24-Hour Waterproof Eyeliner - Black,Eyeliner,$26.00,4.1
pimprod2045483,https://www.ulta.com/p/brow-haul-of-fame-brow-pencil-gel-value-set-pimprod2045483,Benefit Cosmetics,Brow Haul of Fame Brow Pencil & Gel Value Set - Shade 3,Makeup & Nail Gifts,$39.00,5.0
pimprod2045528,https://www.ulta.com/p/hoola-matte-powder-bronzer-jumbo-pimprod2045528,Benefit Cosmetics,Hoola Matte Powder Bronzer Jumbo - Original,Bronzer,$58.00,4.5
pimprod2050979,https://www.ulta.com/p/hoola-wave-bronzing-balm-pimprod2050979,Benefit Cosmetics,Hoola Wave Bronzing Balm - Light,Bronzer,$36.00,4.5
pimprod2050077,https://www.ulta.com/p/badgal-bounce-volumizing-mascara-pimprod2050077,Benefit Cosmetics,BADGal Bounce Volumizing Mascara - Pump'd Up Black,Mascara,$14.50,4.4
pimprod2040598,https://www.ulta.com/p/porefessional-super-setter-long-lasting-makeup-setting-spray-mini-pimprod2040598,Benefit Cosmetics,The POREfessional: Super Setter Long-Lasting Makeup Setting Spray Mini - 1.0 oz,Travel Size Makeup,$17.00,4.5
pimprod2038021,https://www.ulta.com/p/porefessional-smooth-sip-lightweight-gel-cream-moisturizer-pimprod2038021,Benefit Cosmetics,The POREfessional Smooth Sip Lightweight Gel-Cream Moisturizer - 1.7 oz,Travel Size Skin Care,$44.00,4.5
pimprod2036628,https://www.ulta.com/p/fluff-up-flexible-texturizing-wax-pimprod2036628,Benefit Cosmetics,Fluff Up Flexible Texturizing Wax - 0.2 oz,Travel Size Makeup,$28.00,4.3
pimprod2049935,https://www.ulta.com/p/badgal-bounce-volumizing-mascara-mini-pimprod2049935,Benefit Cosmetics,BADGal Bounce Volumizing Mascara Mini - Pump'd Up Black,Mascara,$16.00,4.4
pimprod2042738,https://www.ulta.com/p/whoop-lash-lash-enhancing-serum-pimprod2042738,Benefit Cosmetics,Whoop Lash Lash Enhancing Serum,Lash Primer & Serums,$52.00,4.5
pimprod2050242,https://www.ulta.com/p/limited-edition-cheeky-love-letter-face-palette-pimprod2050242,Benefit Cosmetics,Limited Edition Cheeky Love Letter Face Palette,Blush,$45.00,4.1
pimprod2052252,https://www.ulta.com/p/glow-la-la-blurring-powder-highlighter-pimprod2052252,Benefit Cosmetics,Glow-La-La Blurring Powder Highlighter - Comet,Highlighter,$38.00,4.0
pimprod2039897,https://www.ulta.com/p/hubba-brow-brow-enhancing-serum-pimprod2039897,Benefit Cosmetics,Hubba Brow Brow Enhancing Serum,Eyebrows,$58.00,4.7
pimprod2050243,https://www.ulta.com/p/lash-fan-club-fan-fest-mascara-set-pimprod2050243,Benefit Cosmetics,Lash Fan Club Fan Fest Mascara Set,Mascara,$34.00,3.9
pimprod2051676,https://www.ulta.com/p/lets-get-real-mascara-set-pimprod2051676,Benefit Cosmetics,Let's Get Real! Mascara Set,Makeup & Nail Gifts,$34.00,5.0
pimprod2044813,https://www.ulta.com/p/splashtint-moisturizing-dewy-lip-tint-pimprod2044813,Benefit Cosmetics,Splashtint Moisturizing Dewy Lip Tint - 03 Fresh Squeezed,Lip Stain,$26.00,4.5
pimprod2057450,https://www.ulta.com/p/precisely-my-brow-power-duo-pencil-brow-gel-pimprod2057450,Benefit Cosmetics,"Precisely, My Brow Power Duo: Pencil + Brow Gel - Shade 5",Eyebrows,$39.00,
pimprod2008301,https://www.ulta.com/p/high-beam-satin-pink-liquid-highlighter-pimprod2008301,Benefit Cosmetics,High Beam Satin Pink Liquid Highlighter,Highlighter,$28.00,4.0
pimprod2044543,https://www.ulta.com/p/plushtint-moisturizing-matte-lip-tint-pimprod2044543,Benefit Cosmetics,Plushtint Moisturizing Matte Lip Tint - 02 Cream Puff,Lip Stain,$26.00,4.7
pimprod2008299,https://www.ulta.com/p/tickle-golden-pink-powder-highlighter-pimprod2008299,Benefit Cosmetics,Tickle Golden Pink Powder Highlighter,Highlighter,$39.00,4.3
pimprod2038022,https://www.ulta.com/p/porefessional-good-cleanup-foaming-cleanser-pimprod2038022,Benefit Cosmetics,The POREfessional Good Cleanup Foaming Cleanser - 5.0 oz,Face Wash,$29.00,4.6
pimprod2045422,https://www.ulta.com/p/dew-la-la-liquid-glow-highlighter-pimprod2045422,Benefit Cosmetics,Dew-la-la Liquid Glow Highlighter - Comet,Highlighter,$39.00,4.8
pimprod2053121,https://www.ulta.com/p/dew-benetint-duo-pimprod2053121,Benefit Cosmetics,Dew The Benetint Duo,Blush,$46.00,
pimprod2038024,https://www.ulta.com/p/porefessional-get-unblocked-makeup-removing-cleansing-oil-pimprod2038024,Benefit Cosmetics,The POREfessional Get Unblocked Makeup-Removing Cleansing Oil,Cleansing Balms & Oils,$39.00,4.6
pimprod2053123,https://www.ulta.com/p/smooth-pores-101-pimprod2053123,Benefit Cosmetics,Smooth Pores 101,Face Primer,$44.00,
pimprod2051517,https://www.ulta.com/p/precisely-my-brow-pack-pimprod2051517,Benefit Cosmetics,"Precisely, My Brow Pack - 4 Warm Deep Brown",Eyebrows,$38.00,4.4
pimprod2052027,https://www.ulta.com/p/summer-mink-eau-de-parfum-pimprod2052027,BETTER WORLD FRAGRANCE HOUSE,Summer Mink Eau de Parfum - 3.4 oz (with stand),Cologne,$152.00,4.6
pimprod2055082,https://www.ulta.com/p/summer-mink-2-piece-gift-set-pimprod2055082,BETTER WORLD FRAGRANCE HOUSE,Summer Mink 2-Piece Gift Set,Cologne Gift Sets,$160.00,4.4
pimprod2042368,https://www.ulta.com/p/carby-musk-scented-candle-pimprod2042368,BETTER WORLD FRAGRANCE HOUSE,Carby Musk Scented Candle,Candles & Home Fragrance,$84.00,4.5
pimprod2042369,https://www.ulta.com/p/sweeter-tings-scented-candle-pimprod2042369,BETTER WORLD FRAGRANCE HOUSE,Sweeter Tings Scented Candle,Candles & Home Fragrance,$54.00,4.8
pimprod2048710,https://www.ulta.com/p/3-piece-scented-candle-votive-set-pimprod2048710,BETTER WORLD FRAGRANCE HOUSE,3 piece Scented Candle Votive Set,Candles & Home Fragrance,$55.00,4.6
pimprod2055081,https://www.ulta.com/p/carby-musk-fragrance-oil-rollerball-pimprod2055081,BETTER WORLD FRAGRANCE HOUSE,Carby Musk Fragrance Oil Rollerball,Men's,$195.00,4.6
pimprod2042407,https://www.ulta.com/p/williamsburg-sleepover-scented-candle-pimprod2042407,BETTER WORLD FRAGRANCE HOUSE,Williamsburg Sleepover Scented Candle,Candles & Home Fragrance,$54.00,4.4
pimprod2042366,https://www.ulta.com/p/good-thoughts-scented-candle-pimprod2042366,BETTER WORLD FRAGRANCE HOUSE,Good Thoughts Scented Candle,Candles & Home Fragrance,$54.00,5.0
pimprod2042367,https://www.ulta.com/p/muskoka-scented-candle-pimprod2042367,BETTER WORLD FRAGRANCE HOUSE,Muskoka Scented Candle,Candles & Home Fragrance,$54.00,2.8
pimprod2052920,https://www.ulta.com/p/free-summer-mink-eau-de-parfum-mini-with-130-brand-purchase-pimprod2052920,,BETTER WORLD FRAGRANCE HOUSEFree Summer Mink Eau de Parfum mini with $130 brand purchase,Gifts with Purchase,,
pimprod2047258,https://www.ulta.com/p/trimmer-se-pimprod2047258,BEVEL,Trimmer SE,Shaving Cream & Razors,$99.95,5.0
pimprod2035284,https://www.ulta.com/p/safety-razor-pimprod2035284,BEVEL,Safety Razor,Hair Removal Tools,$49.95,4.5
pimprod2035259,https://www.ulta.com/p/face-beard-wash-with-aloe-vera-pimprod2035259,BEVEL,Face & Beard Wash with Aloe Vera,Face Wash,$11.95,4.8
pimprod2047256,https://www.ulta.com/p/beard-oil-pimprod2047256,BEVEL,Beard Oil,Beard Care,$14.95,4.8
pimprod2052862,https://www.ulta.com/p/electric-shaver-pimprod2052862,BEVEL,Electric Shaver,Shaving Cream & Razors,$69.95,5.0
pimprod2035285,https://www.ulta.com/p/post-shave-balm-with-tea-tree-oil-pimprod2035285,BEVEL,Post-Shave Balm with Tea Tree Oil,Aftershave,$12.95,3.5
pimprod2035289,https://www.ulta.com/p/shave-cream-with-aloe-vera-pimprod2035289,BEVEL,Shave Cream with Aloe Vera,Shaving Cream & Razors,$9.95,5.0
pimprod2035273,https://www.ulta.com/p/exfoliating-body-wash-dark-classic-scent-pimprod2035273,BEVEL,Exfoliating Body Wash Dark Classic Scent,Shower Gel & Body Wash,$9.95,5.0
pimprod2035268,https://www.ulta.com/p/2-in-1-hair-beard-pomade-pimprod2035268,BEVEL,2-in-1 Hair and Beard Pomade,Styling,$11.95,4.8
pimprod2049080,https://www.ulta.com/p/premium-comb-brush-set-pimprod2049080,BEVEL,Premium Comb and Brush Set,Hair,$19.95,4.7
pimprod2047257,https://www.ulta.com/p/beard-conditioner-pimprod2047257,BEVEL,Beard Conditioner,Beard Care,$9.95,4.8
pimprod2035283,https://www.ulta.com/p/pre-shave-oil-pimprod2035283,BEVEL,Pre Shave Oil,Moisturizers & Treatments,$12.95,4.9
pimprod2050513,https://www.ulta.com/p/exfoliating-toner-pads-pimprod2050513,BEVEL,Exfoliating Toner Pads,Moisturizers & Treatments,$12.95,4.8
pimprod2041243,https://www.ulta.com/p/post-shave-razor-bump-control-pimprod2041243,BEVEL,Post-Shave Razor Bump Control,Aftershave,$12.95,4.8
pimprod2035282,https://www.ulta.com/p/2-in-1-strengthening-shampoo-conditioner-with-hemp-seed-oil-pimprod2035282,BEVEL,2-in-1 Strengthening Shampoo & Conditioner with Hemp Seed Oil,Conditioner,$9.95,4.8
pimprod2047259,https://www.ulta.com/p/moisturizing-body-wash-pimprod2047259,BEVEL,Moisturizing Body Wash,Shower Gel & Body Wash,$9.95,4.8
pimprod2041140,https://www.ulta.com/p/3-in-1-hair-oil-with-jojoba-jamaican-black-castor-oils-pimprod2041140,BEVEL,3-in-1 Hair Oil with Jojoba and Jamaican Black Castor Oils,Styling,$11.95,4.8
pimprod2041153,https://www.ulta.com/p/cooling-clear-shave-gel-pimprod2041153,BEVEL,Cooling Clear Shave Gel,Shaving Cream & Razors,$9.95,4.9
pimprod2047261,https://www.ulta.com/p/all-day-body-lotion-pimprod2047261,BEVEL,All Day Body Lotion,Body Lotion,$9.95,4.8
pimprod2041156,https://www.ulta.com/p/essential-disposable-safety-razor-starter-kit-pimprod2041156,BEVEL,Essential Disposable Safety Razor Starter Kit,Shaving Cream & Razors,$29.95,4.7
pimprod2035260,https://www.ulta.com/p/hydrating-face-gel-with-vitamin-c-pimprod2035260,BEVEL,Hydrating Face Gel with Vitamin C,Moisturizers & Treatments,$12.95,4.8
pimprod2049079,https://www.ulta.com/p/shaving-kit-men-pimprod2049079,BEVEL,Shaving Kit for Men,$100 and Under,$89.95,
pimprod2035267,https://www.ulta.com/p/conditioning-leave-in-styler-with-hemp-seed-oil-pimprod2035267,BEVEL,Conditioning Leave-in-Styler with Hemp Seed Oil,Styling,$11.95,4.8
pimprod2035280,https://www.ulta.com/p/double-edged-razor-blades-20ct-pimprod2035280,BEVEL,Double-edged Razor Blades 20ct,Hair Removal Tools,$9.99,4.7
pimprod2035904,https://www.ulta.com/p/moisturizing-shampoo-with-shea-coconut-oil-pimprod2035904,BEVEL,Moisturizing Shampoo with Shea and Coconut Oil,Shampoo,$9.95,4.8
pimprod2035905,https://www.ulta.com/p/moisturizing-conditioner-with-shea-coconut-oil-pimprod2035905,BEVEL,Moisturizing Conditioner with Shea and Coconut Oil,Conditioner,$9.95,4.8
pimprod2056182,https://www.ulta.com/p/two-tone-duo-set-pimprod2056182,Beyoncé Parfums,Two Tone Duo Set,Fragrance Gifts,$44.00,4.3
pimprod2051943,https://www.ulta.com/p/ce-lumiere-eau-de-parfum-pimprod2051943,Beyoncé Parfums,CÉ LUMIÈRE Eau de Parfum,Perfume,$160.00,4.2
pimprod2056181,https://www.ulta.com/p/ce-lumiere-travel-sprayer-pimprod2056181,Beyoncé Parfums,CÉ LUMIÈRE Travel Sprayer,Women's,$32.00,5.0
pimprod2044694,https://www.ulta.com/p/malibu-dermaplane-starter-kit-pimprod2044694,billie,Malibu Dermaplane Starter Kit,Hair Removal Tools,$12.99,4.0
pimprod2040675,https://www.ulta.com/p/5-blade-razor-refills-pimprod2040675,billie,5 Blade Razor Refills - 4 ct,Hair Removal Tools,$11.99,4.0
pimprod2040674,https://www.ulta.com/p/malibu-razor-starter-kit-pimprod2040674,billie,Malibu Razor Starter Kit,Hair Removal,$11.99,3.4
pimprod2050689,https://www.ulta.com/p/malibu-set-disposable-razors-pimprod2050689,billie,The Malibu Set Disposable Razors,Hair Removal,$7.99,4.2
pimprod2050691,https://www.ulta.com/p/wax-kit-face-bikini-pimprod2050691,billie,The Wax Kit Face & Bikini,Hair Removal,$11.99,3.1
pimprod2054598,https://www.ulta.com/p/bounce-hydrating-body-lotion-pimprod2054598,billie,Bounce Hydrating Body Lotion,Body Lotion & Creams,$9.99,4.3
pimprod2054593,https://www.ulta.com/p/glow-brightening-body-lotion-pimprod2054593,billie,Glow Brightening Body Lotion,Body Lotion & Creams,$9.99,4.3
pimprod2040677,https://www.ulta.com/p/wax-kit-body-underarm-pimprod2040677,billie,The Wax Kit Body & Underarm,Hair Removal,$11.99,2.9
pimprod2054602,https://www.ulta.com/p/glow-brightening-body-wash-pimprod2054602,billie,Glow Brightening Body Wash,Shower Gel & Body Wash,$7.99,4.4
pimprod2044692,https://www.ulta.com/p/dermaplane-blade-refills-pimprod2044692,billie,Dermaplane Blade Refills,Hair Removal Tools,$8.99,4.0
pimprod2054599,https://www.ulta.com/p/aha-deodorant-pimprod2054599,billie,AHA Deodorant - Tidal Rose,Deodorant,$12.99,3.6
pimprod2051637,https://www.ulta.com/p/dreampop-womens-razor-pimprod2051637,billie,DreamPop Women’s Razor,Hair Removal,$11.99,4.3
pimprod2050323,https://www.ulta.com/p/sunburst-disposable-razor-pimprod2050323,billie,Sunburst Disposable Razor,Hair Removal,$7.99,4.2
pimprod2054606,https://www.ulta.com/p/bounce-hydrating-body-wash-pimprod2054606,billie,Bounce Hydrating Body Wash,Shower Gel & Body Wash,$7.99,4.4
pimprod2054605,https://www.ulta.com/p/soothe-comforting-body-wash-pimprod2054605,billie,Soothe Comforting Body Wash,Shower Gel & Body Wash,$7.99,4.4
pimprod2054603,https://www.ulta.com/p/exfoliate-buffing-body-wash-pimprod2054603,billie,Exfoliate Buffing Body Wash,Shower Gel & Body Wash,$7.99,4.4
pimprod2054604,https://www.ulta.com/p/revive-renewing-body-wash-pimprod2054604,billie,Revive Renewing Body Wash,Shower Gel & Body Wash,$7.99,4.4
pimprod2040678,https://www.ulta.com/p/ultimate-skin-solution-pimprod2040678,billie,Ultimate Skin Solution,Hair Removal,$6.50,3.6
pimprod2054595,https://www.ulta.com/p/soothe-comforting-body-lotion-pimprod2054595,billie,Soothe Comforting Body Lotion,Body Lotion & Creams,$9.99,4.3
pimprod2054597,https://www.ulta.com/p/sensi-ulta-gentle-body-lotion-pimprod2054597,billie,Sensi Ulta-Gentle Body Lotion,Body Lotion & Creams,$9.99,4.3
pimprod2030620,https://www.ulta.com/p/eilish-eau-de-parfum-pimprod2030620,Billie Eilish,Eilish Eau de Parfum - 3.4 oz,Perfume,$82.00,4.4
pimprod2050411,https://www.ulta.com/p/your-turn-eau-de-parfum-pimprod2050411,Billie Eilish,Your Turn Eau de Parfum - 3.4 oz,Cologne,$90.00,4.5
pimprod2037339,https://www.ulta.com/p/eilish-no-2-eau-de-parfum-pimprod2037339,Billie Eilish,Eilish No. 2 Eau de Parfum - 1.0 oz,Perfume,$62.00,3.9
pimprod2041690,https://www.ulta.com/p/eilish-eilish-no-2-mini-duo-gift-set-pimprod2041690,Billie Eilish,Eilish & Eilish No. 2 Mini Duo Gift Set,Fragrance Gifts,$26.00,4.3
pimprod2041575,https://www.ulta.com/p/eilish-fragrance-mist-pimprod2041575,Billie Eilish,Eilish Fragrance Mist,Body Mist & Hair Mist,$18.00,3.9
pimprod2040424,https://www.ulta.com/p/eilish-eilish-no-2-duo-rollerball-pimprod2040424,Billie Eilish,Eilish & Eilish No. 2 Duo Rollerball,Women's,$28.00,4.5
pimprod2055844,https://www.ulta.com/p/eilish-your-turn-duo-set-pimprod2055844,Billie Eilish,Eilish & Your Turn Duo Set,$100 and Under,$100.00,
pimprod2054931,https://www.ulta.com/p/your-turn-2-piece-set-pimprod2054931,Billie Eilish,Your Turn 2-Piece Set,$100 and Under,$95.00,5.0
pimprod2048607,https://www.ulta.com/p/eilish-3-piece-gift-set-pimprod2048607,Billie Eilish,Eilish 3 Piece Gift Set,$100 and Under,$95.00,5.0
pimprod2054928,https://www.ulta.com/p/eilish-body-oil-pimprod2054928,Billie Eilish,Eilish Body Oil,Body Serums & Oils,$40.00,3.8
pimprod2020617,https://www.ulta.com/p/long-barrel-curling-iron-pimprod2020617,Bio Ionic,Long Barrel Curling Iron - 1-1/4'',Curling Irons & Stylers,$163.00,4.6
pimprod2052774,https://www.ulta.com/p/10x-1-pro-hair-styling-iron-pimprod2052774,Bio Ionic,10X 1” Pro Hair Styling Iron,Flat Irons,$262.00,4.8
pimprod2039347,https://www.ulta.com/p/smart-x-dryer-diffuser-set-pimprod2039347,Bio Ionic,SMART-X Dryer And Diffuser Set,Hair Gifts,$359.00,4.0
pimprod2052773,https://www.ulta.com/p/10x-ultralight-speed-dryer-pimprod2052773,Bio Ionic,10X Ultralight Speed Dryer,Hair Dryers,$325.99,4.8
pimprod2044525,https://www.ulta.com/p/goldpro-styling-iron-pimprod2044525,Bio Ionic,"GoldPro Styling Iron - 1""",Curling Irons & Stylers,$141.00,3.8
pimprod2011767,https://www.ulta.com/p/graphene-mx-styling-curler-125-pimprod2011767,Bio Ionic,Graphene MX Styling Curler 1.25'',Curling Irons & Stylers,$173.49,4.6
pimprod2020618,https://www.ulta.com/p/universal-styling-diffuser-pimprod2020618,Bio Ionic,Universal Styling Diffuser,Hair Dryers,$33.00,4.3
pimprod2044523,https://www.ulta.com/p/gold-pro-speed-dryer-pimprod2044523,Bio Ionic,Gold Pro Speed Dryer,Hair Dryers,$147.00,4.6
pimprod2044524,https://www.ulta.com/p/goldpro-125-curling-iron-pimprod2044524,Bio Ionic,"GoldPro 1.25"" Curling Iron",Curling Irons & Stylers,$108.00,4.3
pimprod2056739,https://www.ulta.com/p/natural-skincare-oil-scars-stretch-marks-pimprod2056739,Bio-Oil,Natural Skincare Oil for Scars and Stretch Marks - 4.2 oz,Face Oils,$27.99,4.6
pimprod2032873,https://www.ulta.com/p/body-lotion-lightweight-body-moisturizer-pimprod2032873,Bio-Oil,Body Lotion Lightweight Body Moisturizer,Body Lotion & Creams,$17.99,4.4
pimprod2016197,https://www.ulta.com/p/dry-skin-gel-face-body-pimprod2016197,Bio-Oil,Dry Skin Gel for Face and Body,Body Serums & Oils,$14.99,4.5
pimprod2050011,https://www.ulta.com/p/sensibio-h2o-micellar-water-face-cleanser-sensitive-skin-pimprod2050011,Bioderma,Sensibio H2O Micellar Water Face Cleanser for Sensitive Skin - 16.9 oz,Face Wash,$14.69,4.7
pimprod2050009,https://www.ulta.com/p/sensibio-micellar-cleansing-oil-face-cleanser-sensitive-skin-pimprod2050009,Bioderma,Sensibio Micellar Cleansing Oil Face Cleanser for Sensitive Skin,Cleansing Balms & Oils,$17.49,4.6
pimprod2050005,https://www.ulta.com/p/atoderm-shower-oil-very-dry-atopic-skin-pimprod2050005,Bioderma,Atoderm Shower Oil for very Dry to Atopic Skin,Shower Gel & Body Wash,$27.19,4.3
pimprod2050010,https://www.ulta.com/p/atoderm-intensive-balm-very-dry-atopic-skin-pimprod2050010,Bioderma,Atoderm Intensive Balm for Very Dry to Atopic Skin,Body Lotion & Creams,$20.99,4.7
pimprod2050007,https://www.ulta.com/p/hydrabio-h2o-micellar-water-face-cleanser-dehydrated-skin-pimprod2050007,Bioderma,Hydrabio H2O Micellar Water Face Cleanser for Dehydrated Skin,Face Wash,$14.69,3.7
pimprod2050006,https://www.ulta.com/p/sensibio-foaming-gel-face-cleanser-sensitive-skin-pimprod2050006,Bioderma,Sensibio Foaming Gel Face Cleanser for Sensitive Skin,Face Wash,$17.49,4.4
pimprod2050008,https://www.ulta.com/p/sebium-h2o-micellar-water-face-cleanser-combination-oily-skin-pimprod2050008,Bioderma,Sébium H2O Micellar Water Face Cleanser for Combination to Oily Skin,Face Wash,$14.69,4.7
pimprod2056721,https://www.ulta.com/p/sensibio-ar-cream-face-moisturizer-sensitive-redness-prone-skin-pimprod2056721,Bioderma,Sensibio AR+ CREAM Face Moisturizer for Sensitive & Redness prone skin,Face Moisturizer,$32.99,
pimprod2057663,https://www.ulta.com/p/sensibio-h2o-wipes-face-cleanser-sensitive-skin-pimprod2057663,Bioderma,Sensibio H2O Wipes Face Cleanser for Sensitive Skin,Makeup Remover,$14.99,
pimprod2051409,https://www.ulta.com/p/color-last-shampoo-color-treated-hair-pimprod2051409,Biolage,Color Last Shampoo for Color-Treated Hair - 13.5 oz,Travel Size Hair Care,$26.00,4.5
pimprod2051404,https://www.ulta.com/p/color-last-conditioner-color-treated-hair-pimprod2051404,Biolage,Color Last Conditioner for Color-Treated Hair - 13.5 oz,Travel Size Hair Care,$26.00,4.7
pimprod2051407,https://www.ulta.com/p/ultra-hydra-source-conditioner-very-dry-hair-pimprod2051407,Biolage,Ultra Hydra Source Conditioner for Very Dry Hair - 13.5 oz,Conditioner,$26.00,4.5
pimprod2051412,https://www.ulta.com/p/hydra-source-shampoo-dry-hair-pimprod2051412,Biolage,Hydra Source Shampoo for Dry Hair - 13.5 oz,Travel Size Hair Care,$26.00,4.4
pimprod2051411,https://www.ulta.com/p/ultra-hydra-source-shampoo-very-dry-hair-pimprod2051411,Biolage,Ultra Hydra Source Shampoo for Very Dry Hair - 13.5 oz,Shampoo,$26.00,4.4
pimprod2051405,https://www.ulta.com/p/volume-boost-shampoo-fine-hair-pimprod2051405,Biolage,Volume Boost Shampoo for Fine Hair - 13.5 oz,Shampoo,$26.00,4.4
pimprod2051408,https://www.ulta.com/p/volume-boost-conditioner-fine-hair-pimprod2051408,Biolage,Volume Boost Conditioner for Fine Hair - 13.5 oz,Conditioner,$26.00,4.4
pimprod2051359,https://www.ulta.com/p/hydra-source-conditioning-balm-dry-hair-pimprod2051359,Biolage,Hydra Source Conditioning Balm for Dry Hair - 8.0 oz,Travel Size Hair Care,$26.00,4.6
pimprod2051459,https://www.ulta.com/p/scalp-sync-anti-dandruff-shampoo-pimprod2051459,Biolage,Scalp Sync Anti-Dandruff Shampoo - 13.5 oz,Travel Size Hair Care,$26.00,4.4
pimprod2051442,https://www.ulta.com/p/full-rescue-shampoo-thin-hair-pimprod2051442,Biolage,Full Rescue Shampoo for Thin Hair - 13.5 oz,Hair Thinning & Hair Loss,$30.00,4.5
pimprod2051463,https://www.ulta.com/p/scalp-sync-universal-conditioner-pimprod2051463,Biolage,Scalp Sync Universal Conditioner - 8.0 oz,Scalp Care,$26.00,4.7
pimprod2051438,https://www.ulta.com/p/full-rescue-conditioner-thin-hair-pimprod2051438,Biolage,Full Rescue Conditioner for Thin Hair - 8.0 oz,Travel Size Hair Care,$30.00,4.5
pimprod2051457,https://www.ulta.com/p/scalp-sync-clarifying-shampoo-oily-scalp-pimprod2051457,Biolage,Scalp Sync Clarifying Shampoo for Oily Scalp - 13.5 oz,Shampoo,$26.00,4.5
pimprod2051427,https://www.ulta.com/p/hydra-source-detangling-solution-dry-hair-pimprod2051427,Biolage,Hydra Source Detangling Solution for Dry Hair - 13.5 oz,Conditioner,$26.00,4.3
pimprod2051458,https://www.ulta.com/p/strength-recovery-shampoo-damaged-hair-pimprod2051458,Biolage,Strength Recovery Shampoo for Damaged Hair - 13.5 oz,Travel Size Hair Care,$26.00,4.4
pimprod2051460,https://www.ulta.com/p/strength-recovery-conditioner-damaged-hair-pimprod2051460,Biolage,Strength Recovery Conditioner for Damaged Hair - 8.0 oz,Travel Size Hair Care,$26.00,4.4
pimprod2051434,https://www.ulta.com/p/smooth-proof-conditioner-frizzy-hair-pimprod2051434,Biolage,Smooth Proof Conditioner for Frizzy Hair - 8.0 oz,Conditioner,$26.00,4.4
pimprod2051437,https://www.ulta.com/p/smooth-proof-shampoo-frizzy-hair-pimprod2051437,Biolage,Smooth Proof Shampoo Frizzy Hair - 13.5 oz,Shampoo,$26.00,4.4
pimprod2051462,https://www.ulta.com/p/scalp-sync-calming-shampoo-dry-sensitive-scalp-pimprod2051462,Biolage,Scalp Sync Calming Shampoo for Dry Sensitive Scalp - 13.5 oz,Shampoo,$26.00,4.6
pimprod2051371,https://www.ulta.com/p/hydra-source-daily-leave-in-tonic-dry-hair-pimprod2051371,Biolage,Hydra Source Daily Leave-In Tonic for Dry Hair - 8.5 oz,Leave-In Treatment,$27.00,4.6
pimprod2051344,https://www.ulta.com/p/all-in-one-multi-benefit-spray-pimprod2051344,Biolage,All-In-One Multi-Benefit Spray - 8.5 oz,Travel Size Hair Care,$27.00,4.5
pimprod2051358,https://www.ulta.com/p/ultra-hydra-source-deep-treatment-mask-very-dry-hair-pimprod2051358,Biolage,Ultra Hydra Source Deep Treatment Mask for Very Dry Hair - 16.9 oz (Jumbo),Masks,$44.00,3.9
pimprod2051425,https://www.ulta.com/p/color-last-purple-shampoo-color-treated-hair-pimprod2051425,Biolage,Color Last Purple Shampoo for Color-Treated Hair - 13.5 oz,Shampoo,$26.00,4.5
pimprod2051343,https://www.ulta.com/p/styling-gelee-hair-styling-gel-pimprod2051343,Biolage,Styling Gelée Hair Styling Gel - 5.0 oz,Volume & Texture,$28.00,4.2
pimprod2051388,https://www.ulta.com/p/scalp-sync-purifying-concentrate-all-scalp-types-pimprod2051388,Biolage,Scalp Sync Purifying Concentrate for All Scalp Types,Scalp Care,$27.00,4.6
pimprod2051448,https://www.ulta.com/p/full-rescue-invigorating-hair-serum-thin-hair-pimprod2051448,Biolage,Full Rescue Invigorating Hair Serum for Thin Hair,Oils & Serums,$36.00,4.5
pimprod2051455,https://www.ulta.com/p/hydra-source-deep-treatment-mask-dry-hair-pimprod2051455,Biolage,Hydra Source Deep Treatment Mask for Dry Hair - 16.9 oz (Jumbo),Masks,$44.00,4.5
pimprod2051125,https://www.ulta.com/p/hydra-source-spa-on-go-mini-kit-pimprod2051125,Biolage,Hydra Source Spa On the Go Mini Kit,Hair Gifts,$18.00,3.2
pimprod2051449,https://www.ulta.com/p/full-rescue-densifying-leave-in-spray-thin-hair-pimprod2051449,Biolage,Full Rescue Densifying Leave-In Spray for Thin Hair,Leave-In Treatment,$36.00,4.5
pimprod2053312,https://www.ulta.com/p/full-rescue-spa-on-go-minis-hair-kit-pimprod2053312,Biolage,Full Rescue Spa On-The-Go Minis Hair Kit,Travel Size Hair Care,$20.00,
pimprod2051127,https://www.ulta.com/p/color-last-spa-on-go-mini-kit-pimprod2051127,Biolage,Color Last Spa On the Go Mini Kit,Hair Gifts,$18.00,4.5
pimprod2051447,https://www.ulta.com/p/full-rescue-restorative-mask-thin-hair-pimprod2051447,Biolage,Full Rescue Restorative Mask for Thin Hair,Hair Thinning & Hair Loss,$54.00,4.6
pimprod2051450,https://www.ulta.com/p/strength-recovery-repairing-spray-damaged-hair-pimprod2051450,Biolage,Strength Recovery Repairing Spray for Damaged Hair - 7.8 oz,Leave-In Conditioner,$27.00,4.5
pimprod2051461,https://www.ulta.com/p/bodifying-mousse-pimprod2051461,Biolage,Bodifying Mousse,Volume & Texture,$28.00,4.8
pimprod2051430,https://www.ulta.com/p/volume-boost-volumizing-spray-fine-hair-pimprod2051430,Biolage,Volume Boost Volumizing Spray for Fine Hair,Volume & Texture,$27.00,5.0
pimprod2051454,https://www.ulta.com/p/hydra-source-leave-in-cream-dry-hair-pimprod2051454,Biolage,Hydra Source Leave-In Cream for Dry Hair,Leave-In Treatment,$27.00,4.3
pimprod2051402,https://www.ulta.com/p/smooth-proof-hair-serum-anti-frizz-hair-shine-pimprod2051402,Biolage,Smooth Proof Hair Serum for Anti-Frizz and Hair Shine,Oils & Serums,$29.00,3.9
pimprod2051302,https://www.ulta.com/p/finishing-spritz-hairspray-pimprod2051302,Biolage,Finishing Spritz Hairspray - 13.5 oz,Hairspray,$38.00,3.2
pimprod2034331,https://www.ulta.com/p/strength-recovery-deep-treatment-mask-damaged-hair-pimprod2034331,Biolage,Strength Recovery Deep Treatment Mask for Damaged Hair,Treatment,$18.00,4.6
pimprod2051357,https://www.ulta.com/p/ultra-hydra-source-leave-in-cream-very-dry-hair-pimprod2051357,Biolage,Ultra Hydra Source Leave-In Cream for Very Dry Hair,Leave-In Treatment,$27.00,3.8
pimprod2051360,https://www.ulta.com/p/scalp-sync-oil-balancing-serum-all-scalp-types-pimprod2051360,Biolage,Scalp Sync Oil Balancing Serum for All Scalp Types,Oils & Serums,$29.00,4.5
pimprod2051126,https://www.ulta.com/p/strength-recovery-spa-on-go-mini-kit-pimprod2051126,Biolage,Strength Recovery Spa On the Go Mini Kit,Hair Gifts,$18.00,4.5
pimprod2051338,https://www.ulta.com/p/all-in-one-multi-benefit-styling-oil-pimprod2051338,Biolage,All-In-One Multi-Benefit Styling Oil,Oils & Serums,$29.00,3.7
pimprod2051362,https://www.ulta.com/p/smooth-proof-leave-in-cream-frizzy-hair-pimprod2051362,Biolage,Smooth Proof Leave-In Cream for Frizzy Hair,Leave-In Treatment,$27.00,3.0
pimprod2051445,https://www.ulta.com/p/travel-size-full-rescue-shampoo-thin-hair-pimprod2051445,Biolage,Travel Size Full Rescue Shampoo for Thin Hair,Shampoo,$8.00,4.5
pimprod2051301,https://www.ulta.com/p/curl-defining-elixir-pimprod2051301,Biolage,Curl Defining Elixir,Curl Enhancing,$28.00,3.0
pimprod2044993,https://www.ulta.com/p/travel-size-strength-recovery-repairing-leave-in-conditioner-spray-pimprod2044993,Biolage,Travel Size Strength Recovery Repairing Leave-In Conditioner Spray,Leave-In Conditioner,$8.00,4.5
pimprod2057187,https://www.ulta.com/p/free-winter-rescue-kit-with-45-brand-shipped-purchase-pimprod2057187,Biolage,Free Winter Rescue Kit with $45 brand shipped purchase,Gifts with Purchase,$50.00,
pimprod2051862,https://www.ulta.com/p/uv-aqua-rich-daily-hydrating-facial-moisturizer-spf-50-pimprod2051862,Bioré,UV Aqua Rich Daily Hydrating Facial Moisturizer SPF 50,Sunscreen,$19.99,4.7
pimprod2029567,https://www.ulta.com/p/silk-therapy-irresistible-pimprod2029567,Biosilk,Silk Therapy Irresistible - 2.2 oz,Gloss & Shine,$19.50,3.9
pimprod2033853,https://www.ulta.com/p/silk-therapy-irresistible-conditioner-pimprod2033853,Biosilk,Silk Therapy Irresistible Conditioner,Conditioner,$11.00,3.7
pimprod2033850,https://www.ulta.com/p/silk-therapy-irresistible-shampoo-pimprod2033850,Biosilk,Silk Therapy Irresistible Shampoo,Shampoo,$11.00,4.1
pimprod2033854,https://www.ulta.com/p/silk-therapy-irresistible-hair-fragrance-pimprod2033854,Biosilk,Silk Therapy Irresistible Hair Fragrance,Gloss & Shine,$10.50,3.3
pimprod2052866,https://www.ulta.com/p/complete-prenatal-pack-pimprod2052866,Bird&Be,Complete Prenatal Pack,Mother & Baby,$45.00,4.9
pimprod2052864,https://www.ulta.com/p/female-fertility-power-prenatal-coq10-pack-pimprod2052864,Bird&Be,Female Fertility Power Prenatal + CoQ10 Pack,Mother & Baby,$78.00,4.9
pimprod2052876,https://www.ulta.com/p/male-fertility-power-coq10-pack-pimprod2052876,Bird&Be,Male Fertility Power + CoQ10 Pack,Mother & Baby,$78.00,5.0
pimprod2053292,https://www.ulta.com/p/at-home-sperm-test-kit-pimprod2053292,Bird&Be,At-Home Sperm Test Kit,Mother & Baby,$99.00,5.0
pimprod2052770,https://www.ulta.com/p/calcium-magnesium-vitamin-d-boost-pimprod2052770,Bird&Be,Calcium + Magnesium + Vitamin D Boost,Mother & Baby,$26.00,4.7
pimprod2053290,https://www.ulta.com/p/male-fertility-power-pack-pimprod2053290,Bird&Be,Male Fertility Power Pack,Mother & Baby,$63.00,5.0
pimprod2053288,https://www.ulta.com/p/female-fertility-power-prenatal-pack-pimprod2053288,Bird&Be,Female Fertility Power Prenatal Pack,Mother & Baby,$63.00,4.9
pimprod2053291,https://www.ulta.com/p/gentle-prenatal-gummies-pimprod2053291,Bird&Be,Gentle Prenatal Gummies,Mother & Baby,$45.00,4.9
pimprod2053294,https://www.ulta.com/p/ovulation-tests-pimprod2053294,Bird&Be,Ovulation Tests,Mother & Baby,$11.99,4.9
pimprod2053296,https://www.ulta.com/p/early-results-pregnancy-tests-pimprod2053296,Bird&Be,Early Results Pregnancy Tests,Mother & Baby,$9.99,5.0
pimprod2021860,https://www.ulta.com/p/moisturizing-sunscreen-lotion-spf-30-pimprod2021860,Black Girl Sunscreen,Moisturizing Sunscreen Lotion SPF 30 - Vanilla,Sunscreen,$15.99,4.3
pimprod2036754,https://www.ulta.com/p/make-it-hybrid-broad-spectrum-spf-50-pimprod2036754,Black Girl Sunscreen,Make It Hybrid Broad Spectrum SPF 50,Sunscreen,$16.99,2.9
pimprod2030390,https://www.ulta.com/p/make-it-matte-sunscreen-spf-45-pimprod2030390,Black Girl Sunscreen,Make It Matte Sunscreen - SPF 45,Sunscreen,$17.99,3.6
pimprod2038237,https://www.ulta.com/p/kids-moisturizing-broad-spectrum-spf-50-pimprod2038237,Black Girl Sunscreen,Kids Moisturizing Broad Spectrum SPF 50,Sunscreen,$9.99,4.5
pimprod2032832,https://www.ulta.com/p/make-it-glow-continuous-spray-spf30-pimprod2032832,Black Girl Sunscreen,Make It Glow Continuous Spray SPF30,Sunscreen,$15.99,3.5
pimprod2036764,https://www.ulta.com/p/make-it-pop-lip-sun-gloss-spf50-pimprod2036764,Black Girl Sunscreen,Make It Pop Lip Sun Gloss SPF50,Lip Gloss,$10.99,3.9
pimprod2049158,https://www.ulta.com/p/make-it-pop-sungloss-shades-lips-spf-50-pimprod2049158,Black Girl Sunscreen,Make It Pop Sungloss Shades for Lips SPF 50 - French Kiss,Lip Gloss,$13.99,4.3
pimprod2038242,https://www.ulta.com/p/kids-spray-play-spf-50-sunscreen-pimprod2038242,Black Girl Sunscreen,Kids Spray & Play SPF 50 Sunscreen,Sunscreen,$11.99,3.3
pimprod2019140,https://www.ulta.com/p/40-proof-sea-salt-textured-hold-spray-pimprod2019140,Blind Barber,40 Proof Sea Salt Textured Hold Spray,Styling,$21.99,4.8
pimprod2044512,https://www.ulta.com/p/80-proof-texturizing-style-powder-pimprod2044512,Blind Barber,80 Proof Texturizing Style Powder,Wax & Pomade,$21.99,4.6
pimprod2019139,https://www.ulta.com/p/bryce-harper-strong-hold-hair-clay-pimprod2019139,Blind Barber,Bryce Harper Strong Hold Hair Clay,Smoothing,$21.99,4.7
pimprod2019138,https://www.ulta.com/p/90-proof-strong-hold-matte-pomade-pimprod2019138,Blind Barber,90 Proof Strong Hold Matte Pomade,Wax & Pomade,$21.99,4.8
pimprod2053263,https://www.ulta.com/p/advanced-volumizing-foam-pimprod2053263,Blind Barber,Advanced Volumizing Foam,Styling,$25.99,
pimprod2019143,https://www.ulta.com/p/30-proof-light-hold-styling-cream-pimprod2019143,Blind Barber,30 Proof Light Hold Styling Cream,Gloss & Shine,$21.99,4.9
pimprod2053264,https://www.ulta.com/p/only-you-babe-pimprod2053264,Blind Barber,"Only You, Babe",Cologne,$98.00,3.5
pimprod2032244,https://www.ulta.com/p/lemongrass-tea-conditioner-pimprod2032244,Blind Barber,Lemongrass Tea Conditioner,Conditioner,$19.99,5.0
pimprod2019153,https://www.ulta.com/p/watermint-gin-shave-cream-pimprod2019153,Blind Barber,Watermint Gin Shave Cream,Hair Removal,$12.50,4.8
pimprod2041292,https://www.ulta.com/p/121-proof-thickening-style-gel-pimprod2041292,Blind Barber,121 Proof Thickening Style Gel,Styling,$21.99,4.3
pimprod2032242,https://www.ulta.com/p/lemongrass-tea-cleansing-shampoo-pimprod2032242,Blind Barber,Lemongrass Tea Cleansing Shampoo,Shampoo,$19.99,4.9
pimprod2019156,https://www.ulta.com/p/151-proof-premium-heavy-hold-pomade-pimprod2019156,Blind Barber,151 Proof Premium Heavy Hold Pomade,Wax & Pomade,$21.99,4.8
pimprod2019141,https://www.ulta.com/p/bryce-harper-beard-balm-pimprod2019141,Blind Barber,Bryce Harper Beard Balm,Beard Care,$19.99,4.8
pimprod2019155,https://www.ulta.com/p/beard-face-replenishment-oil-pimprod2019155,Blind Barber,Beard & Face Replenishment Oil,Beard Care,$19.99,4.8
pimprod2019142,https://www.ulta.com/p/60-proof-medium-hold-styling-wax-pimprod2019142,Blind Barber,60 Proof Medium Hold Styling Wax,Wax & Pomade,$21.99,4.7
pimprod2050682,https://www.ulta.com/p/speakeasy-pimprod2050682,Blind Barber,Speakeasy,Cologne,$98.00,4.1
pimprod2053265,https://www.ulta.com/p/shinjuku-mood-pimprod2053265,Blind Barber,Shinjuku Mood,Cologne,$98.00,5.0
pimprod2032238,https://www.ulta.com/p/aha-refining-face-scrub-pimprod2032238,Blind Barber,AHA Refining Face Scrub,Face Wash,$22.99,5.0
pimprod2051117,https://www.ulta.com/p/curl-defining-cream-pimprod2051117,Blind Barber,Curl Defining Cream,Styling,$25.99,
pimprod2018848,https://www.ulta.com/p/101-proof-classic-natural-shine-strong-hold-pomade-pimprod2018848,Blind Barber,101 Proof Classic Natural Shine Strong Hold Pomade,Wax & Pomade,$21.99,4.7
pimprod2032235,https://www.ulta.com/p/lemongrass-tea-body-wash-pimprod2032235,Blind Barber,Lemongrass Tea Body Wash,Shower Gel & Body Wash,$19.99,4.7
pimprod2032243,https://www.ulta.com/p/elixboost-hydrating-balm-pimprod2032243,Blind Barber,elixBoost Hydrating Balm,Moisturizers & Treatments,$22.99,5.0
pimprod2032237,https://www.ulta.com/p/activclean-rice-bran-cleanser-pimprod2032237,Blind Barber,activClean Rice Bran Cleanser,Face Wash,$20.99,4.8
pimprod2022198,https://www.ulta.com/p/true-color-skin-perfecting-stick-foundation-spf-15-pimprod2022198,BLK/OPL,TRUE COLOR Skin Perfecting Stick Foundation SPF 15 - Truly Topaz,Foundation,$14.50,4.5
pimprod2022248,https://www.ulta.com/p/true-color-pore-perfecting-liquid-foundation-pimprod2022248,BLK/OPL,TRUE COLOR Pore Perfecting Liquid Foundation - Beautiful Bronze,Foundation,$14.95,4.0
pimprod2056564,https://www.ulta.com/p/anti-bump-treatment-pimprod2056564,BLK/OPL,Anti-Bump Treatment,Hair Removal,$14.50,
pimprod2022250,https://www.ulta.com/p/colorsplurge-liquid-matte-lipstick-pimprod2022250,BLK/OPL,COLORSPLURGE Liquid Matte Lipstick - Ruby,Lipstick,$12.75,3.8
pimprod2032552,https://www.ulta.com/p/true-tone-brightening-concealer-pimprod2032552,BLK/OPL,True Tone Brightening Concealer - Sandy Brandy,Concealer,$10.95,4.4
pimprod2043809,https://www.ulta.com/p/colorsplurge-eyeshadow-stick-pimprod2043809,BLK/OPL,COLORSPLURGE Eyeshadow Stick - Electric Indigo,Eyeshadow,$12.50,
pimprod2022185,https://www.ulta.com/p/colorsplurge-high-shine-lip-gloss-pimprod2022185,BLK/OPL,COLORSPLURGE High Shine Lip Gloss - Jam Session,Lip Gloss,$10.95,4.6
pimprod2043808,https://www.ulta.com/p/colorsplurge-blush-sticks-pimprod2043808,BLK/OPL,COLORSPLURGE Blush Sticks - Bleaux,Blush,$16.50,4.0
pimprod2037511,https://www.ulta.com/p/even-true-pore-refining-gel-cleanser-pimprod2037511,BLK/OPL,Even True Pore Refining Gel Cleanser,Face Wash,$14.50,4.2
pimprod2022204,https://www.ulta.com/p/true-color-pore-perfecting-creme-powder-foundation-pimprod2022204,BLK/OPL,TRUE COLOR Pore Perfecting Crème Powder Foundation - Rich Caramel,Foundation,$14.95,3.9
pimprod2037509,https://www.ulta.com/p/even-true-skin-brightening-bar-pimprod2037509,BLK/OPL,Even True Skin Brightening Bar,Face Wash,$8.50,4.2
pimprod2037506,https://www.ulta.com/p/even-true-nutritive-skin-moisturizer-broad-spectrum-spf-15-pimprod2037506,BLK/OPL,Even True Nutritive Skin Moisturizer Broad Spectrum SPF 15,Face Moisturizer,$14.95,4.8
pimprod2022249,https://www.ulta.com/p/oil-absorbing-pressed-powder-pimprod2022249,BLK/OPL,Oil Absorbing Pressed Powder - Around the Clay Girl,Setting Spray & Powder,$14.00,4.2
pimprod2022221,https://www.ulta.com/p/true-color-mineral-matte-creme-powder-foundation-spf-15-pimprod2022221,BLK/OPL,TRUE COLOR Mineral Matte Crème Powder Foundation SPF 15 - Rich Caramel,Foundation,$14.95,4.4
pimprod2022207,https://www.ulta.com/p/precision-eye-definer-pimprod2022207,BLK/OPL,Precision Eye Definer - After Hours,Eyeliner,$8.50,4.1
pimprod2043807,https://www.ulta.com/p/stay-day-setting-spray-pimprod2043807,BLK/OPL,Stay The Day Setting Spray,Setting Spray & Powder,$13.50,5.0
pimprod2022183,https://www.ulta.com/p/colorsplurge-risque-creme-lipstick-pimprod2022183,BLK/OPL,COLORSPLURGE Risqué Crème Lipstick - Ebony Wine,Lipstick,$10.75,4.0
pimprod2022205,https://www.ulta.com/p/precision-lip-definer-pimprod2022205,BLK/OPL,Precision Lip Definer - Hyde Park,Lip Liner,$8.50,4.3
pimprod2022630,https://www.ulta.com/p/iconic-6-well-eyeshadow-palette-pimprod2022630,BLK/OPL,Iconic - 6 Well Eyeshadow Palette,Eyeshadow Palettes,$11.95,4.0
pimprod2032857,https://www.ulta.com/p/fairy-glamuva-6-well-eyeshadow-palette-pimprod2032857,BLK/OPL,Fairy Glamuva - 6 Well Eyeshadow Palette,Eyeshadow Palettes,$11.95,3.0
pimprod2022213,https://www.ulta.com/p/true-color-soft-velvet-finishing-powder-pimprod2022213,BLK/OPL,TRUE COLOR Soft Velvet Finishing Powder - Neutral Light,Setting Spray & Powder,$13.50,4.8
pimprod2023228,https://www.ulta.com/p/honey-dew-me-lip-oil-pimprod2023228,BLK/OPL,Honey Dew Me Lip Oil,Lip Oil,$9.00,4.1
pimprod2037512,https://www.ulta.com/p/blkopl-skn-anti-bump-shave-gel-pimprod2037512,BLK/OPL,BLK/OPL SKN Anti-Bump Shave Gel,Hair Removal,$13.50,4.2
pimprod2022184,https://www.ulta.com/p/true-color-flawless-perfecting-concealer-pimprod2022184,BLK/OPL,TRUE COLOR Flawless Perfecting Concealer - Toast,Concealer,$10.95,4.3
pimprod2022186,https://www.ulta.com/p/lip-balm-pimprod2022186,BLK/OPL,Lip Balm - Rose to Gold,Lip Balms,$9.25,4.4
pimprod2022188,https://www.ulta.com/p/colorsplurge-risque-matte-lipstick-pimprod2022188,BLK/OPL,COLORSPLURGE Risqué Matte Lipstick - Haute Shot,Lipstick,$10.75,4.3
pimprod2022187,https://www.ulta.com/p/colorsplurge-super-volumizing-mascara-pimprod2022187,BLK/OPL,COLORSPLURGE Super Volumizing Mascara - True Black,Mascara,$13.75,4.3
pimprod2037510,https://www.ulta.com/p/even-true-blemish-control-bar-pimprod2037510,BLK/OPL,Even True Blemish Control Bar,Face Wash,$8.50,4.8
pimprod2037508,https://www.ulta.com/p/brightening-plumping-skin-serum-pimprod2037508,BLK/OPL,Brightening And Plumping Skin Serum,Face Serums,$16.00,4.2
pimprod2037507,https://www.ulta.com/p/even-true-pha-bha-exfoliating-toner-pimprod2037507,BLK/OPL,Even True PHA + BHA Exfoliating Toner,Toner,$14.25,3.7
pimprod2037505,https://www.ulta.com/p/even-true-deep-treatment-brightening-scrub-pimprod2037505,BLK/OPL,Even True Deep Treatment Brightening Scrub,Face Peels & Exfoliators,$14.50,4.9
pimprod2011715,https://www.ulta.com/p/blush-wash-shampoo-pimprod2011715,BLONDME,Blush Wash Shampoo - Lilac,Shampoo,$25.90,3.2
pimprod2052031,https://www.ulta.com/p/greens-superfoods-powder-pimprod2052031,Bloom,Greens and Superfoods Powder - Strawberry Kiwi,Daily Vitamins & Supplements,$31.99,3.3
pimprod2052028,https://www.ulta.com/p/energy-sticks-pimprod2052028,Bloom,Energy Sticks - Strawberry Watermelon,Daily Vitamins & Supplements,$10.42,4.4
pimprod2052029,https://www.ulta.com/p/creatine-monohydrate-unflavored-supplement-powder-pimprod2052029,Bloom,Creatine Monohydrate Unflavored Supplement Powder,Daily Vitamins & Supplements,$23.99,4.0
pimprod2052030,https://www.ulta.com/p/high-energy-pre-workout-raspberry-lemonade-supplement-powder-pimprod2052030,Bloom,High Energy Pre-Workout Raspberry Lemonade Supplement Powder,Protein & Fitness,$35.49,
pimprod2053321,https://www.ulta.com/p/colostrum-collagen-peptides-pimprod2053321,Bloom,Colostrum & Collagen Peptides,Beauty Supplements,$34.99,
pimprod2044224,https://www.ulta.com/p/high-shine-roll-on-lip-gloss-pimprod2044224,BLOSSOM,High Shine Roll-On Lip Gloss - Raspberry,Lip Gloss,$9.00,3.9
pimprod2044227,https://www.ulta.com/p/juicy-jelly-nourishing-lip-oil-pimprod2044227,BLOSSOM,Juicy Jelly Nourishing Lip Oil - Strawberry,Lip Balms,$9.00,4.7
pimprod2054259,https://www.ulta.com/p/hydrating-prismatic-lip-water-pimprod2054259,BLOSSOM,Hydrating Prismatic Lip Water - Incandescent,Lip Balms,$9.00,
pimprod2050404,https://www.ulta.com/p/moisturizing-lip-gloss-tube-pimprod2050404,BLOSSOM,Moisturizing Lip Gloss Tube - Cotton Candy,Lip Gloss,$8.00,3.4
pimprod2043682,https://www.ulta.com/p/sensitive-mineral-sunscreen-lotion-spf-50-pimprod2043682,BLUE LIZARD AUSTRALIAN SUNSCREEN,Sensitive Mineral Sunscreen Lotion SPF 50+ - 3.0 oz,Self-Tanning & Bronzing,$12.99,4.4
pimprod2049200,https://www.ulta.com/p/sheer-mineral-sunscreen-lotion-face-spf-50-pimprod2049200,BLUE LIZARD AUSTRALIAN SUNSCREEN,Sheer Mineral Sunscreen Lotion for Face SPF 50,Sunscreen,$18.99,4.3
pimprod2043671,https://www.ulta.com/p/sensitive-mineral-sunscreen-spray-spf-50-pimprod2043671,BLUE LIZARD AUSTRALIAN SUNSCREEN,Sensitive Mineral Sunscreen Spray SPF 50+,Sunscreen,$21.99,4.6
pimprod2043670,https://www.ulta.com/p/sensitive-mineral-sunscreen-stick-spf-50-pimprod2043670,BLUE LIZARD AUSTRALIAN SUNSCREEN,Sensitive Mineral Sunscreen Stick SPF 50+,Sunscreen,$9.99,4.6
pimprod2049198,https://www.ulta.com/p/sport-mineral-spf-50-lotion-pimprod2049198,BLUE LIZARD AUSTRALIAN SUNSCREEN,Sport Mineral SPF 50 Lotion,Sunscreen,$19.99,4.7
pimprod2049199,https://www.ulta.com/p/sheer-mineral-spf-50-sunscreen-lotion-pimprod2049199,BLUE LIZARD AUSTRALIAN SUNSCREEN,Sheer Mineral SPF 50 Sunscreen Lotion,Sunscreen,$19.99,4.7
pimprod2024300,https://www.ulta.com/p/meltdown-oil-acne-prone-skin-pimprod2024300,BLUME,Meltdown Oil for Acne-Prone Skin,Body Essentials,$30.00,4.5
pimprod2042454,https://www.ulta.com/p/meltdown-gel-cream-acne-prone-skin-pimprod2042454,BLUME,Meltdown Gel Cream for Acne-Prone Skin,Body Essentials,$28.00,4.7
pimprod2037889,https://www.ulta.com/p/milky-fade-spot-scar-serum-pimprod2037889,BLUME,Milky Fade Spot and Scar Serum,Face Serums,$47.00,4.8
pimprod2054185,https://www.ulta.com/p/meltdown-daily-balancing-gel-cleanser-pimprod2054185,BLUME,Meltdown Daily Balancing Gel Cleanser,Acne & Blemish Treatments,$32.00,5.0
pimprod2024304,https://www.ulta.com/p/daydreamer-face-wash-pimprod2024304,BLUME,Daydreamer Face Wash,Face Wash,$18.00,4.6
pimprod2049960,https://www.ulta.com/p/sunburst-mineral-spf-50-pimprod2049960,BLUME,Sunburst Mineral SPF 50,Body Essentials,$40.00,4.8
pimprod2054964,https://www.ulta.com/p/hydration-heroes-holiday-kit-pimprod2054964,BLUME,Hydration Heroes Holiday Kit,Body Essentials,$35.00,5.0
pimprod2024299,https://www.ulta.com/p/cloud-9-essential-oil-period-cramps-pimprod2024299,BLUME,Cloud 9 Essential Oil for Period Cramps,Body Treatments,$20.00,4.6
pimprod2042537,https://www.ulta.com/p/blume-buds-power-patches-acne-prone-skin-pimprod2042537,BLUME,Blume Buds Power Patches for Acne-Prone Skin,Body Essentials,$15.00,4.6
pimprod2049993,https://www.ulta.com/p/superbalm-tripeptide-1-hydrating-lip-balm-pimprod2049993,BLUME,Superbalm Tripeptide-1 Hydrating Lip Balm,Body Essentials,$20.00,4.9
pimprod2025028,https://www.ulta.com/p/vitamin-enriched-face-base-moisturizer-primer-with-vitamin-c-hyaluronic-acid-pimprod2025028,BOBBI BROWN,Vitamin Enriched Face Base Moisturizer & Primer with Vitamin C + Hyaluronic Acid - 1.7 oz,Travel Size Makeup,$69.00,4.7
pimprod2024888,https://www.ulta.com/p/long-wear-waterproof-cream-eyeshadow-stick-pimprod2024888,BOBBI BROWN,Long-Wear Waterproof Cream Eyeshadow Stick - Lavender,Eyeshadow,$34.00,4.5
pimprod2045795,https://www.ulta.com/p/weightless-skin-oil-controlling-foundation-spf-15-with-hyaluronic-acid-pimprod2045795,BOBBI BROWN,Weightless Skin Oil-Controlling Foundation SPF 15 with Hyaluronic Acid - Warm Natural (W-056),Foundation,$57.00,4.6
pimprod2031590,https://www.ulta.com/p/skin-long-wearing-color-corrector-stick-pimprod2031590,BOBBI BROWN,Skin Long-Wearing Color Corrector Stick - Light Bisque,Color Correcting,$35.00,4.7
pimprod2055983,https://www.ulta.com/p/24-hour-kajal-eyeliner-waterproof-pimprod2055983,BOBBI BROWN,24 Hour Kajal Eyeliner Waterproof - Black,Eyeliner,$28.00,4.6
pimprod2024886,https://www.ulta.com/p/hydrating-face-moisturizer-cream-with-hyaluronic-acid-pimprod2024886,BOBBI BROWN,Hydrating Face Moisturizer Cream with Hyaluronic Acid,Face Moisturizer,$69.00,4.7
pimprod2053120,https://www.ulta.com/p/dual-ended-long-wear-waterproof-cream-eyeshadow-stick-pimprod2053120,BOBBI BROWN,Dual-Ended Long-Wear Waterproof Cream Eyeshadow Stick - Milk Chocolate/Midnight Brown,Eyeshadow,$43.00,4.8
pimprod2044683,https://www.ulta.com/p/long-wear-cream-waterproof-eyeliner-stick-pimprod2044683,BOBBI BROWN,Long-Wear Cream Waterproof Eyeliner Stick - Panther,Eyeliner,$34.00,4.6
pimprod2055989,https://www.ulta.com/p/skin-enhancer-blush-bronzer-highlighter-multi-stick-pimprod2055989,BOBBI BROWN,"Skin Enhancer Blush, Bronzer & Highlighter Multi-Stick - Morning Dew",Blush,$35.00,4.8
pimprod2034752,https://www.ulta.com/p/skin-hydrating-full-coverage-longwear-concealer-pimprod2034752,BOBBI BROWN,Skin Hydrating Full Coverage Longwear Concealer - Warm Beige,Concealer,$35.00,4.6
pimprod2024879,https://www.ulta.com/p/crushed-lip-color-moisturizing-lipstick-pimprod2024879,BOBBI BROWN,Crushed Lip Color Moisturizing Lipstick - Babe,Lipstick,$35.00,4.2
pimprod2040931,https://www.ulta.com/p/vitamin-enriched-skin-tinted-moisturizer-spf-15-pimprod2040931,BOBBI BROWN,Vitamin Enriched Skin Tinted Moisturizer SPF 15 - Deep 1,Tinted Moisturizer,$49.00,4.3
pimprod2049405,https://www.ulta.com/p/precise-24-hour-ultra-slim-eyebrow-pencil-pimprod2049405,BOBBI BROWN,Precise 24-Hour Ultra Slim Eyebrow Pencil - Warm Dark Brown,Eyebrows,$25.00,4.7
pimprod2024889,https://www.ulta.com/p/long-wear-smudge-proof-gel-eyeliner-pimprod2024889,BOBBI BROWN,Long-Wear Smudge-Proof Gel Eyeliner - Black Ink,Eyeliner,$37.00,4.7
pimprod2036539,https://www.ulta.com/p/extra-plump-hydrating-lip-oil-pimprod2036539,BOBBI BROWN,Extra Plump Hydrating Lip Oil - Bare Blossom,Lip Plumpers,$39.00,4.7
pimprod2024896,https://www.ulta.com/p/smokey-eye-longwear-volumizing-mascara-pimprod2024896,BOBBI BROWN,Smokey Eye Longwear Volumizing Mascara - Black,Mascara,$28.70,4.4
pimprod2055985,https://www.ulta.com/p/extra-lip-tinted-balm-with-plumping-peptide-technology-pimprod2055985,BOBBI BROWN,Extra Lip Tinted Balm with Plumping + Peptide Technology - Bare,Lip Balms,$39.00,4.7
pimprod2042916,https://www.ulta.com/p/matte-bronzing-powder-pimprod2042916,BOBBI BROWN,Matte Bronzing Powder - Deep,Bronzer,$47.00,4.6
pimprod2041407,https://www.ulta.com/p/sheer-finish-all-day-oil-control-matte-pressed-powder-pimprod2041407,BOBBI BROWN,Sheer Finish All Day Oil Control Matte Pressed Powder - Pale Yellow,Setting Spray & Powder,$55.00,4.5
pimprod2024881,https://www.ulta.com/p/crushed-oil-infused-tinted-lip-gloss-pimprod2024881,BOBBI BROWN,Crushed Oil-Infused Tinted Lip Gloss - Free Spirit,Lip Gloss,$33.00,4.6
pimprod2053551,https://www.ulta.com/p/lip-liner-pencil-pimprod2053551,BOBBI BROWN,Lip Liner Pencil - Afternoon Tea,Lip Liner,$35.00,4.7
pimprod2024885,https://www.ulta.com/p/hydrating-eye-cream-with-hyaluronic-acid-pimprod2024885,BOBBI BROWN,Hydrating Eye Cream with Hyaluronic Acid,Eye Cream,$66.00,4.7
pimprod2025027,https://www.ulta.com/p/vitamin-enriched-eye-base-primer-moisturizer-with-hyaluronic-acid-pimprod2025027,BOBBI BROWN,Vitamin Enriched Eye Base Primer & Moisturizer with Hyaluronic Acid,Eye Cream,$66.00,4.1
pimprod2053554,https://www.ulta.com/p/mini-long-wear-cream-waterproof-eyeshadow-stick-duo-pimprod2053554,BOBBI BROWN,Mini Long-Wear Cream Waterproof Eyeshadow Stick Duo - Mica & Dusty Mauve,Travel Size Makeup,$25.00,4.3
pimprod2038538,https://www.ulta.com/p/pot-rouge-cream-blush-lips-cheeks-pimprod2038538,BOBBI BROWN,Pot Rouge Cream Blush for Lips & Cheeks - Powder Pink,Blush,$36.00,4.6
pimprod2042900,https://www.ulta.com/p/vitamin-enriched-smoothing-serum-with-niacinamide-vitamin-c-pimprod2042900,BOBBI BROWN,Vitamin Enriched Smoothing Serum with Niacinamide + Vitamin C,Face Serums,$86.00,4.7
pimprod2042919,https://www.ulta.com/p/powder-blush-pimprod2042919,BOBBI BROWN,Powder Blush - Antigua,Blush,$36.00,4.7
pimprod2053550,https://www.ulta.com/p/luxe-cashmere-matte-lipstick-pimprod2053550,BOBBI BROWN,Luxe Cashmere Matte Lipstick - Pink Suede,Lipstick,$45.00,4.7
pimprod2053552,https://www.ulta.com/p/pot-rouge-velvet-matte-cream-blush-cheeks-lips-pimprod2053552,BOBBI BROWN,Pot Rouge Velvet Matte Cream Blush for Cheeks & Lips - Soft Plum,Blush,$36.00,4.7
pimprod2040933,https://www.ulta.com/p/vitamin-enriched-pressed-setting-powder-pimprod2040933,BOBBI BROWN,Vitamin Enriched Pressed Setting Powder - Peach,Setting Spray & Powder,$55.00,4.4
pimprod2055984,https://www.ulta.com/p/extra-blushing-ph-tinted-lip-oil-pimprod2055984,BOBBI BROWN,Extra Blushing pH Tinted Lip Oil - Bare Pink,Lip Oil,$39.00,4.8
pimprod2042956,https://www.ulta.com/p/soothing-cleansing-oil-makeup-remover-pimprod2042956,BOBBI BROWN,Soothing Cleansing Oil & Makeup Remover - 3.38 oz,Cleansing Balms & Oils,$39.00,3.5
pimprod2025026,https://www.ulta.com/p/ultra-fine-eyeliner-brush-pimprod2025026,BOBBI BROWN,Ultra Fine Eyeliner Brush,Makeup Brushes,$43.00,4.0
pimprod2024878,https://www.ulta.com/p/waterproof-color-corrector-cream-pimprod2024878,BOBBI BROWN,Waterproof Color Corrector Cream - Porcelain Peach,Color Correcting,$35.00,4.6
pimprod2038815,https://www.ulta.com/p/beach-eau-de-parfum-spray-pimprod2038815,BOBBI BROWN,Beach Eau De Parfum Spray,Perfume,$93.00,4.5
pimprod2024884,https://www.ulta.com/p/highlighter-powder-pimprod2024884,BOBBI BROWN,Highlighter Powder - Pink Glow,Highlighter,$58.00,4.7
pimprod2041945,https://www.ulta.com/p/extra-repair-peptide-eye-cream-intense-pimprod2041945,BOBBI BROWN,Extra Repair Peptide Eye Cream Intense,Eye Cream,$100.00,3.8
pimprod2025024,https://www.ulta.com/p/mini-highlighter-powder-pimprod2025024,BOBBI BROWN,Mini Highlighter Powder,Highlighter,$30.00,4.7
pimprod2034456,https://www.ulta.com/p/mini-long-wear-waterproof-cream-eyeshadow-stick-pimprod2034456,BOBBI BROWN,Mini Long-Wear Waterproof Cream Eyeshadow Stick - Golden Pink,Eyeshadow,$17.00,4.5
pimprod2048992,https://www.ulta.com/p/peachy-nudes-eye-shadow-palette-pimprod2048992,BOBBI BROWN,Peachy Nudes Eye Shadow Palette,Eyeshadow Palettes,$54.00,4.2
pimprod2056450,https://www.ulta.com/p/instant-long-wear-gentle-makeup-remover-pimprod2056450,BOBBI BROWN,Instant Long-Wear Gentle Makeup Remover,Makeup Remover,$35.00,
pimprod2024899,https://www.ulta.com/p/no-smudge-volumizing-waterproof-mascara-pimprod2024899,BOBBI BROWN,No Smudge Volumizing Waterproof Mascara - Black,Mascara,$28.70,4.1
pimprod2041946,https://www.ulta.com/p/extra-repair-peptide-moisture-cream-intense-pimprod2041946,BOBBI BROWN,Extra Repair Peptide Moisture Cream Intense,Face Moisturizer,$116.00,4.0
pimprod2044213,https://www.ulta.com/p/infrared-thermal-brush-pimprod2044213,Bondi Boost,Infrared Thermal Brush,Hot Brushes,$125.00,4.4
pimprod2045183,https://www.ulta.com/p/hg-shampoo-thinning-hair-pimprod2045183,Bondi Boost,HG Shampoo for Thinning Hair - 16.9 oz,Travel Size Hair Care,$34.00,4.6
pimprod2045184,https://www.ulta.com/p/hg-conditioner-thinning-hair-pimprod2045184,Bondi Boost,HG Conditioner for Thinning Hair - 16.9 oz,Travel Size Hair Care,$34.00,4.8
pimprod2052623,https://www.ulta.com/p/hg-lock-drops-scalp-serum-thinning-hair-pimprod2052623,Bondi Boost,HG Lock Drops Scalp Serum for Thinning Hair - 1.0 oz,Hair Thinning & Hair Loss,$30.00,4.8
pimprod2014471,https://www.ulta.com/p/intensive-spray-daily-scalp-serum-thinning-hair-with-rosemary-pimprod2014471,Bondi Boost,Intensive Spray Daily Scalp Serum for Thinning Hair with Rosemary,Hair Thinning & Hair Loss,$25.00,4.7
pimprod2014475,https://www.ulta.com/p/procapil-hair-tonic-scalp-serum-thinning-hair-pimprod2014475,Bondi Boost,Procapil Hair Tonic Scalp Serum for Thinning Hair,Hair Thinning & Hair Loss,$25.00,4.7
pimprod2045182,https://www.ulta.com/p/heat-protectant-spray-pimprod2045182,Bondi Boost,Heat Protectant Spray,Heat Protectant,$23.00,4.7
pimprod2034952,https://www.ulta.com/p/frizz-fix-serum-smooth-sleek-hair-pimprod2034952,Bondi Boost,Frizz Fix Serum for Smooth Sleek Hair,Oils & Serums,$27.00,4.8
pimprod2047329,https://www.ulta.com/p/rapid-repair-bond-builder-shampoo-damaged-hair-pimprod2047329,Bondi Boost,Rapid Repair Bond Builder+ Shampoo for Damaged Hair - 10.14 oz,Shampoo,$27.00,4.6
pimprod2047332,https://www.ulta.com/p/rapid-repair-bond-builder-leave-in-hair-mask-damaged-hair-pimprod2047332,Bondi Boost,Rapid Repair Bond Builder+ Leave-In Hair Mask for Damaged Hair,Leave-In Treatment,$33.00,4.8
pimprod2051446,https://www.ulta.com/p/mini-blowout-brush-compact-blow-dryer-brush-pimprod2051446,Bondi Boost,Mini Blowout Brush - Compact Blow Dryer Brush,Hot Brushes,$59.00,3.7
pimprod2038839,https://www.ulta.com/p/pink-himalayan-sea-salt-scalp-scrub-pimprod2038839,Bondi Boost,Pink Himalayan Sea Salt Scalp Scrub,Scalp Care,$27.00,4.8
pimprod2045092,https://www.ulta.com/p/lengthen-strengthen-squad-kit-pimprod2045092,Bondi Boost,Lengthen & Strengthen Squad Kit,Hair Gifts,$34.00,4.8
pimprod2047338,https://www.ulta.com/p/hg-miracle-hair-mask-with-rosemary-thinning-hair-pimprod2047338,Bondi Boost,HG Miracle Hair Mask with Rosemary for Thinning Hair,Masks,$31.00,4.8
pimprod2044294,https://www.ulta.com/p/thickening-therapy-shampoo-pimprod2044294,Bondi Boost,Thickening Therapy Shampoo,Shampoo,$34.00,4.5
pimprod2047330,https://www.ulta.com/p/rapid-repair-bond-builder-conditioner-damaged-hair-pimprod2047330,Bondi Boost,Rapid Repair Bond Builder+ Conditioner for Damaged Hair - 10.14 oz,Conditioner,$27.00,4.8
pimprod2044339,https://www.ulta.com/p/thickening-therapy-conditioner-pimprod2044339,Bondi Boost,Thickening Therapy Conditioner,Conditioner,$34.00,4.8
pimprod2045102,https://www.ulta.com/p/hg-clarifying-scalp-hair-rinse-pimprod2045102,Bondi Boost,HG Clarifying Scalp and Hair Rinse,Scalp Care,$33.00,4.9
pimprod2047331,https://www.ulta.com/p/rapid-repair-bond-builder-hair-mask-damaged-hair-pimprod2047331,Bondi Boost,Rapid Repair Bond Builder+ Hair Mask for Damaged Hair,Leave-In Treatment,$33.00,4.8
pimprod2045185,https://www.ulta.com/p/anti-frizz-flyaway-wand-pimprod2045185,Bondi Boost,Anti-Frizz Flyaway Wand,Smoothing,$17.00,4.8
pimprod2041902,https://www.ulta.com/p/hg-volumizing-dry-shampoo-pimprod2041902,Bondi Boost,HG Volumizing Dry Shampoo,Dry Shampoo,$28.00,4.5
pimprod2047334,https://www.ulta.com/p/3-step-volume-thickening-haircare-set-pimprod2047334,Bondi Boost,3-Step Volume & Thickening Haircare Set,Leave-In Treatment,$38.00,4.7
pimprod2044334,https://www.ulta.com/p/thickening-therapy-spray-pimprod2044334,Bondi Boost,Thickening Therapy Spray,Volume & Texture,$33.00,4.7
pimprod2047333,https://www.ulta.com/p/rapid-repair-bond-builder-finishing-hair-oil-damaged-hair-pimprod2047333,Bondi Boost,Rapid Repair Bond Builder+ Finishing Hair Oil for Damaged Hair,Oils & Serums,$33.00,4.8
pimprod2034451,https://www.ulta.com/p/heavenly-hydration-intensely-hydrating-conditioner-pimprod2034451,Bondi Boost,Heavenly Hydration Intensely Hydrating Conditioner,Conditioner,$34.00,4.6
pimprod2034450,https://www.ulta.com/p/heavenly-hydration-intensely-hydrating-shampoo-pimprod2034450,Bondi Boost,Heavenly Hydration Intensely Hydrating Shampoo,Shampoo,$34.00,4.3
pimprod2034444,https://www.ulta.com/p/elixir-hair-pre-shampoo-oil-thicker-stronger-fuller-looking-hair-pimprod2034444,Bondi Boost,"Elixir Hair Pre-Shampoo Oil for Thicker, Stronger, Fuller-Looking Hair",Oils & Serums,$23.00,4.8
pimprod2045076,https://www.ulta.com/p/dandruff-repair-shampoo-with-2-salicylic-acid-pimprod2045076,Bondi Boost,Dandruff Repair Shampoo with 2% Salicylic Acid,Shampoo,$27.00,4.3
pimprod2033981,https://www.ulta.com/p/wave-wand-32-mm-pimprod2033981,Bondi Boost,Wave Wand (32 mm),$100 and Under,$69.00,4.4
pimprod2056665,https://www.ulta.com/p/hg-shampoo-conditioner-set-thinning-hair-pimprod2056665,Bondi Boost,HG Shampoo & Conditioner Set for Thinning Hair,Shampoo,$61.00,
pimprod2041901,https://www.ulta.com/p/heavenly-hydration-leave-in-hair-serum-pimprod2041901,Bondi Boost,Heavenly Hydration Leave-In Hair Serum,Oils & Serums,$34.00,4.7
pimprod2047336,https://www.ulta.com/p/anti-frizz-smoothing-conditioner-with-vitamin-c-argan-oil-pimprod2047336,Bondi Boost,Anti-Frizz Smoothing Conditioner with Vitamin C & Argan Oil,Conditioner,$34.00,4.8
pimprod2045078,https://www.ulta.com/p/dandruff-repair-conditioner-with-2-salicylic-acid-pimprod2045078,Bondi Boost,Dandruff Repair Conditioner with 2% Salicylic Acid,Conditioner,$27.00,4.8
pimprod2038847,https://www.ulta.com/p/sea-salt-texture-spray-pimprod2038847,Bondi Boost,Sea Salt Texture Spray,Smoothing,$23.00,4.6
pimprod2047335,https://www.ulta.com/p/anti-frizz-smoothing-shampoo-with-vitamin-c-argan-oil-pimprod2047335,Bondi Boost,Anti-Frizz Smoothing Shampoo with Vitamin C & Argan Oil,Shampoo,$34.00,4.7
pimprod2033982,https://www.ulta.com/p/airburst-styler-hair-straightener-with-cool-burst-technology-pimprod2033982,Bondi Boost,AirBurst Styler Hair Straightener with Cool Burst Technology,Curling Irons & Stylers,$95.00,4.5
pimprod2035224,https://www.ulta.com/p/hair-growth-derma-roller-hair-growth-therapy-pimprod2035224,Bondi Boost,Hair Growth Derma Roller for Hair Growth Therapy,Hair Thinning & Hair Loss,$27.99,4.4
pimprod2033979,https://www.ulta.com/p/blowout-brush-pro-pimprod2033979,Bondi Boost,Blowout Brush Pro,Hot Brushes,$85.00,4.3
pimprod2051444,https://www.ulta.com/p/mini-multi-styler-2-in-1-hair-straightener-brush-curling-iron-pimprod2051444,Bondi Boost,Mini Multi-Styler 2-in-1 Hair Straightener Brush + Curling Iron,Curling Irons & Stylers,$69.00,2.5
pimprod2041885,https://www.ulta.com/p/sonic-hair-dryer-ultra-lightweight-pimprod2041885,Bondi Boost,Sonic Hair Dryer - Ultra Lightweight,Hair Dryers,$199.00,3.9
pimprod2016569,https://www.ulta.com/p/salon-quality-self-tanning-foam-pimprod2016569,Bondi Sands,Salon Quality Self Tanning Foam - Ultra Dark,Self-Tanning & Bronzing,$29.00,4.6
pimprod2038536,https://www.ulta.com/p/technocolor-1-hour-express-self-tanning-foam-pimprod2038536,Bondi Sands,Technocolor 1 Hour Express Self Tanning Foam - Caramel,Self-Tanning & Bronzing,$30.00,4.2
pimprod2050217,https://www.ulta.com/p/ultra-express-self-tanning-foam-pimprod2050217,Bondi Sands,Ultra Express Self Tanning Foam,Self-Tanning & Bronzing,$28.00,3.7
pimprod2045073,https://www.ulta.com/p/technocolor-self-tanning-face-serum-pimprod2045073,Bondi Sands,Technocolor Self Tanning Face Serum - Emerald,Self-Tanning & Bronzing,$25.00,4.2
pimprod2028195,https://www.ulta.com/p/self-tanning-foam-dark-1-hour-express-pimprod2028195,Bondi Sands,Self Tanning Foam Dark 1 Hour Express,Self-Tanning & Bronzing,$29.00,4.1
pimprod2054671,https://www.ulta.com/p/self-tanning-application-mitt-pimprod2054671,Bondi Sands,Self Tanning Application Mitt,"Bath Sponges, Gloves & Brushes",$9.00,
pimprod2016567,https://www.ulta.com/p/aero-aerated-self-tanning-foam-1-hour-express-pimprod2016567,Bondi Sands,Aero Aerated Self Tanning Foam 1 Hour Express,Self-Tanning & Bronzing,$32.00,4.4
pimprod2016573,https://www.ulta.com/p/self-tan-eraser-gentle-foaming-cleanser-pimprod2016573,Bondi Sands,Self Tan Eraser Gentle Foaming Cleanser,Self-Tanning & Bronzing,$27.00,4.0
pimprod2042780,https://www.ulta.com/p/everyday-gradual-tanning-milk-face-lotion-pimprod2042780,Bondi Sands,Everyday Gradual Tanning Milk Face Lotion,Self-Tanning & Bronzing,$16.00,2.7
pimprod2016571,https://www.ulta.com/p/everyday-gradual-tanning-milk-body-moisturizer-pimprod2016571,Bondi Sands,Everyday Gradual Tanning Milk Body Moisturizer,Self-Tanning & Bronzing,$24.00,4.4
pimprod2056809,https://www.ulta.com/p/hydrating-self-tan-drops-face-body-pimprod2056809,Bondi Sands,Hydrating Self Tan Drops for Face and Body - Light/Medium,Self-Tanning & Bronzing,$28.00,
pimprod2016934,https://www.ulta.com/p/salon-quality-self-tanning-foam-liquid-gold-pimprod2016934,Bondi Sands,Salon Quality Self Tanning Foam Liquid Gold,Self-Tanning & Bronzing,$29.00,4.5
pimprod2016572,https://www.ulta.com/p/easy-reach-back-applicator-self-tanning-pimprod2016572,Bondi Sands,Easy to Reach Back Applicator for Self Tanning,Self-Tanning & Bronzing,$15.00,4.2
pimprod2033567,https://www.ulta.com/p/glo-matte-one-day-tan-face-body-pimprod2033567,Bondi Sands,GLO Matte One Day Tan for Face and Body,Self-Tanning & Bronzing,$19.00,4.7
pimprod2042779,https://www.ulta.com/p/self-tan-sculpting-contour-kit-pimprod2042779,Bondi Sands,Self Tan Sculpting Contour Kit,Self-Tanning & Bronzing,$15.00,5.0
pimprod2016564,https://www.ulta.com/p/aero-aerated-self-tanning-foam-pimprod2016564,Bondi Sands,Aero Aerated Self Tanning Foam - Ultra Dark,Self-Tanning & Bronzing,$32.00,4.4
pimprod2038392,https://www.ulta.com/p/beauty-set-9-7-in-1-cordless-kit-pimprod2038392,Braun,Beauty Set 9 7-in-1 Cordless Kit,Hair Removal,$199.99,4.2
pimprod2007300,https://www.ulta.com/p/silk-epil-3-epilator-pimprod2007300,Braun,Silk-épil 3 Epilator,Hair Removal Tools,$39.99,4.3
pimprod2035014,https://www.ulta.com/p/hair-oil-everyday-gloss-pimprod2035014,BREAD BEAUTY SUPPLY,Hair-Oil Everyday Gloss - 3.3 oz,Gloss & Shine,$24.00,4.5
pimprod2040122,https://www.ulta.com/p/hair-gel-long-wear-curl-capturing-gloss-pimprod2040122,BREAD BEAUTY SUPPLY,Hair Gel: Long-Wear Curl Capturing Gloss,Curl Enhancing,$26.00,4.5
pimprod2044386,https://www.ulta.com/p/clear-wash-clarifying-detox-shampoo-pimprod2044386,BREAD BEAUTY SUPPLY,Clear-Wash: Clarifying Detox Shampoo,Shampoo,$24.00,4.6
pimprod2044784,https://www.ulta.com/p/hair-foam-curling-mousse-pimprod2044784,BREAD BEAUTY SUPPLY,Hair-Foam: Curling Mousse,Wax & Pomade,$26.00,4.3
pimprod2047715,https://www.ulta.com/p/hair-milk-hydrating-leave-in-conditioner-pimprod2047715,BREAD BEAUTY SUPPLY,Hair-Milk: Hydrating Leave-In Conditioner,Leave-In Conditioner,$26.00,4.7
pimprod2044388,https://www.ulta.com/p/baby-soft-hair-conditioner-pimprod2044388,BREAD BEAUTY SUPPLY,Baby-Soft: Hair Conditioner,Conditioner,$24.00,3.9
pimprod2035022,https://www.ulta.com/p/hair-mask-deep-conditioner-pimprod2035022,BREAD BEAUTY SUPPLY,Hair-Mask Deep Conditioner - 12.0 oz,Masks,$28.00,4.7
pimprod2035021,https://www.ulta.com/p/hair-wash-milky-hair-cleanser-pimprod2035021,BREAD BEAUTY SUPPLY,Hair-Wash Milky Hair Cleanser - 8.4 oz,Co-Wash,$20.00,4.6
pimprod2035017,https://www.ulta.com/p/hair-cream-leave-in-curl-cream-pimprod2035017,BREAD BEAUTY SUPPLY,Hair-Cream Leave-In Curl Cream - 8.4 oz,Curl Enhancing,$28.00,4.5
pimprod2048103,https://www.ulta.com/p/t-shirt-towel-hair-towel-pimprod2048103,BREAD BEAUTY SUPPLY,T-Shirt-Towel: Hair Towel,Hair Towels & Shower Caps,$38.00,4.3
pimprod2057198,https://www.ulta.com/p/dearest-graceful-hydrangea-eau-de-parfum-pimprod2057198,Bridgerton,Dearest Graceful Hydrangea Eau de Parfum - 1.6 oz,Perfume,$60.00,4.6
pimprod2057197,https://www.ulta.com/p/dearest-tempting-peach-eau-de-parfum-pimprod2057197,Bridgerton,Dearest Tempting Peach Eau de Parfum - 1.6 oz,Perfume,$60.00,4.3
pimprod2057196,https://www.ulta.com/p/dearest-rebel-vanilla-eau-de-parfum-pimprod2057196,Bridgerton,Dearest Rebel Vanilla Eau de Parfum - 1.6 oz,Perfume,$60.00,4.2
pimprod2021375,https://www.ulta.com/p/dont-despair-repair-deep-conditioning-hair-mask-pimprod2021375,Briogeo,"Don't Despair, Repair! Deep Conditioning Hair Mask - 8.0 oz",Travel Size Hair Care,$39.00,4.4
pimprod2029402,https://www.ulta.com/p/scalp-revival-charcoal-coconut-oil-micro-exfoliating-scrub-shampoo-pimprod2029402,Briogeo,Scalp Revival Charcoal + Coconut Oil Micro-Exfoliating Scrub Shampoo - 8.0 oz,Travel Size Hair Care,$42.00,4.4
pimprod2044016,https://www.ulta.com/p/scalp-revival-rosemary-pre-wash-oil-pimprod2044016,Briogeo,Scalp Revival Rosemary Pre-Wash Oil - 3.4 oz,Travel Size Hair Care,$32.00,4.6
pimprod2055996,https://www.ulta.com/p/scalp-revival-dandruff-relief-shampoo-pimprod2055996,Briogeo,Scalp Revival Dandruff Relief Shampoo,Shampoo,$42.00,4.9
pimprod2021219,https://www.ulta.com/p/dont-despair-repair-super-moisture-shampoo-damaged-hair-pimprod2021219,Briogeo,"Don't Despair, Repair! Super Moisture Shampoo for Damaged Hair - 16.0 oz",Shampoo,$39.00,4.3
pimprod2023744,https://www.ulta.com/p/dont-despair-repair-super-moisture-conditioner-pimprod2023744,Briogeo,"Don't Despair, Repair! Super Moisture Conditioner - 16.0 oz",Conditioner,$39.00,4.0
pimprod2049070,https://www.ulta.com/p/style-treat-dry-shampoo-puff-pimprod2049070,Briogeo,Style + Treat Dry Shampoo Puff - Universal For All Hair Colors,Dry Shampoo,$28.00,4.5
pimprod2021367,https://www.ulta.com/p/curl-charisma-rice-amino-avocado-leave-in-defining-creme-pimprod2021367,Briogeo,Curl Charisma Rice Amino + Avocado Leave-In Defining Creme,Curl Enhancing,$24.00,4.4
pimprod2039350,https://www.ulta.com/p/destined-density-caffeine-biotin-peptide-density-shampoo-pimprod2039350,Briogeo,Destined For Density Caffeine + Biotin Peptide Density Shampoo,Shampoo,$32.00,4.1
pimprod2029875,https://www.ulta.com/p/scalp-revival-charcoal-tea-tree-cooling-hydration-mask-pimprod2029875,Briogeo,Scalp Revival Charcoal + Tea Tree Cooling Hydration Mask,Scalp Care,$34.00,4.6
pimprod2055995,https://www.ulta.com/p/scalp-revival-dandruff-relief-conditioner-pimprod2055995,Briogeo,Scalp Revival Dandruff Relief Conditioner,Conditioner,$42.00,4.9
pimprod2029878,https://www.ulta.com/p/scalp-revival-charcoal-tea-tree-scalp-treatment-serum-pimprod2029878,Briogeo,Scalp Revival Charcoal + Tea Tree Scalp Treatment Serum,Scalp Care,$32.00,4.4
pimprod2045157,https://www.ulta.com/p/style-treat-yuzu-plum-oil-hair-styling-sleek-stick-pimprod2045157,Briogeo,Style + Treat Yuzu + Plum Oil Hair Styling Sleek Stick,Wax & Pomade,$23.00,4.2
pimprod2021354,https://www.ulta.com/p/superfoods-avocado-kiwi-mega-moisture-hair-mask-pimprod2021354,Briogeo,Superfoods Avocado + Kiwi Mega Moisture Hair Mask - 8.0 oz,Masks,$39.00,4.3
pimprod2039352,https://www.ulta.com/p/destined-density-megastrength-caffeine-biotin-peptide-serum-pimprod2039352,Briogeo,Destined For Density MegaStrength+ Caffeine + Biotin Peptide Serum,Oils & Serums,$57.00,3.6
pimprod2051495,https://www.ulta.com/p/dont-despair-repair-moisturize-repair-starter-set-pimprod2051495,Briogeo,"Don't Despair, Repair! Moisturize + Repair Starter Set",Travel Size Hair Care,$30.00,5.0
pimprod2039351,https://www.ulta.com/p/destined-density-caffeine-biotin-peptide-conditioner-pimprod2039351,Briogeo,Destined For Density Caffeine + Biotin Peptide Conditioner,Conditioner,$32.00,4.3
pimprod2051497,https://www.ulta.com/p/superfoods-acai-passionfruit-lightweight-hydration-hair-mask-pimprod2051497,Briogeo,Superfoods Acai + Passionfruit Lightweight Hydration Hair Mask - 8.0 oz,Masks,$39.00,4.8
pimprod2021357,https://www.ulta.com/p/farewell-frizz-blow-dry-perfection-heat-protectant-cream-pimprod2021357,Briogeo,Farewell Frizz Blow Dry Perfection Heat Protectant Cream,Heat Protectant,$26.00,4.1
pimprod2051494,https://www.ulta.com/p/scalp-revival-scalp-soothing-starter-set-pimprod2051494,Briogeo,Scalp Revival Scalp-Soothing Starter Set,Travel Size Hair Care,$32.00,
pimprod2029879,https://www.ulta.com/p/scalp-revival-charcoal-biotin-dry-shampoo-pimprod2029879,Briogeo,Scalp Revival Charcoal + Biotin Dry Shampoo,Dry Shampoo,$25.00,4.2
pimprod2040363,https://www.ulta.com/p/dont-despair-repair-moisture-damage-defense-leave-in-hair-treatment-pimprod2040363,Briogeo,"Don't Despair, Repair! Moisture + Damage Defense Leave-In Hair Treatment",Leave-In Treatment,$29.00,4.6
pimprod2021360,https://www.ulta.com/p/curl-charisma-rice-amino-shea-curl-defining-conditioner-pimprod2021360,Briogeo,Curl Charisma Rice Amino + Shea Curl Defining Conditioner - 8.0 oz,Conditioner,$28.00,4.3
pimprod2021364,https://www.ulta.com/p/farewell-frizz-rosarco-milk-leave-in-conditioner-pimprod2021364,Briogeo,Farewell Frizz Rosarco Milk Leave-In Conditioner - 5.0 oz,Travel Size Hair Care,$25.00,3.8
pimprod2040289,https://www.ulta.com/p/scalp-revival-charcoal-tea-tree-buildup-detox-spray-pimprod2040289,Briogeo,Scalp Revival Charcoal + Tea Tree Buildup Detox Spray,Scalp Care,$26.00,4.8
pimprod2021211,https://www.ulta.com/p/curl-charisma-rice-amino-avocado-hydrating-shampoo-pimprod2021211,Briogeo,Curl Charisma Rice Amino + Avocado Hydrating Shampoo - 8.0 oz,Shampoo,$28.00,4.1
pimprod2045156,https://www.ulta.com/p/style-treat-yuzu-plum-oil-hair-styling-texture-foam-pimprod2045156,Briogeo,Style + Treat Yuzu + Plum Oil Hair Styling Texture Foam,Volume & Texture,$26.00,3.8
pimprod2045154,https://www.ulta.com/p/style-treat-yuzu-plum-oil-air-dry-hair-styling-cream-pimprod2045154,Briogeo,Style + Treat Yuzu + Plum Oil Air Dry Hair Styling Cream,Leave-In Conditioner,$26.00,4.4
pimprod2021359,https://www.ulta.com/p/curl-charisma-rice-amino-quinoa-frizz-control-gel-pimprod2021359,Briogeo,Curl Charisma Rice Amino + Quinoa Frizz Control Gel,Curl Enhancing,$24.00,4.1
pimprod2034488,https://www.ulta.com/p/dont-despair-repair-rice-water-protein-moisture-strengthening-hair-treatment-pimprod2034488,Briogeo,"Don't Despair, Repair! Rice Water Protein + Moisture Strengthening Hair Treatment",Treatment,$44.00,4.6
pimprod2021366,https://www.ulta.com/p/dont-despair-repair-strengthening-treatment-hair-oil-pimprod2021366,Briogeo,"Don't Despair, Repair! Strengthening Treatment Hair Oil",Oils & Serums,$30.00,4.4
pimprod2031505,https://www.ulta.com/p/superfoods-mango-cherry-oil-control-balancing-shampoo-pimprod2031505,Briogeo,Superfoods Mango + Cherry Oil Control & Balancing Shampoo - 12.5 oz,Shampoo,$30.00,4.5
pimprod2053727,https://www.ulta.com/p/dont-despair-repair-vanilla-birthday-cake-deep-conditioning-hair-mask-pimprod2053727,Briogeo,"Don't Despair, Repair! Vanilla Birthday Cake Deep Conditioning Hair Mask",Masks,$39.00,5.0
pimprod2053828,https://www.ulta.com/p/super-juicy-mini-morsels-pimprod2053828,Briogeo,Super Juicy Mini Morsels,Travel Size Hair Care,$15.40,
pimprod2023635,https://www.ulta.com/p/superfoods-apple-matcha-kale-replenishing-shampoo-conditioner-duo-pimprod2023635,Briogeo,"Superfoods Apple, Matcha + Kale Replenishing Shampoo + Conditioner Duo",Hair Gifts,$52.00,3.8
pimprod2021373,https://www.ulta.com/p/farewell-frizz-smoothing-conditioner-pimprod2021373,Briogeo,Farewell Frizz Smoothing Conditioner - 8.0 oz,Conditioner,$28.00,4.4
pimprod2023634,https://www.ulta.com/p/superfoods-banana-coconut-nourishing-shampoo-conditioner-duo-dry-hair-pimprod2023634,Briogeo,Superfoods Banana + Coconut Nourishing Shampoo + Conditioner Duo for Dry Hair,Hair Gifts,$52.00,3.6
pimprod2021228,https://www.ulta.com/p/superfoods-banana-coconut-nourishing-conditioner-pimprod2021228,Briogeo,Superfoods Banana + Coconut Nourishing Conditioner - 12.5 oz,Conditioner,$30.00,4.5
pimprod2021217,https://www.ulta.com/p/farewell-frizz-smoothing-shampoo-pimprod2021217,Briogeo,Farewell Frizz Smoothing Shampoo - 8.0 oz,Shampoo,$28.00,4.2
pimprod2031503,https://www.ulta.com/p/superfoods-mango-cherry-oil-control-balancing-conditioner-pimprod2031503,Briogeo,Superfoods Mango + Cherry Oil Control & Balancing Conditioner - 12.5 oz,Conditioner,$30.00,4.8
pimprod2021207,https://www.ulta.com/p/superfoods-banana-coconut-nourishing-shampoo-pimprod2021207,Briogeo,Superfoods Banana + Coconut Nourishing Shampoo - 12.5 oz,Shampoo,$30.00,4.3
pimprod2021208,https://www.ulta.com/p/superfoods-matcha-apple-replenishing-shampoo-pimprod2021208,Briogeo,Superfoods Matcha + Apple Replenishing Shampoo - 12.5 oz,Shampoo,$30.00,4.2
pimprod2029883,https://www.ulta.com/p/scalp-revival-stimulating-therapy-massager-pimprod2029883,Briogeo,Scalp Revival Stimulating Therapy Massager,Hair Brushes & Combs,$18.00,4.4
pimprod2053729,https://www.ulta.com/p/style-treat-4-in-1-weightless-hair-oil-pimprod2053729,Briogeo,Style + Treat 4-in-1 Weightless Hair Oil,Oils & Serums,$28.00,4.5
pimprod2031502,https://www.ulta.com/p/superfoods-mango-cherry-balancing-shampoo-conditioner-duo-pimprod2031502,Briogeo,Superfoods Mango + Cherry Balancing Shampoo + Conditioner Duo,Hair Gifts,$52.00,4.2
pimprod2045155,https://www.ulta.com/p/style-treat-yuzu-plum-hair-styling-sculpting-cream-pimprod2045155,Briogeo,Style + Treat Yuzu + Plum Hair Styling Sculpting Cream,Wax & Pomade,$26.00,4.7
pimprod2021233,https://www.ulta.com/p/superfoods-kale-apple-replenishing-conditioner-pimprod2021233,Briogeo,Superfoods Kale + Apple Replenishing Conditioner - 12.5 oz,Conditioner,$30.00,4.4
pimprod2044255,https://www.ulta.com/p/dont-despair-repair-rich-rice-shampoo-concentrate-pimprod2044255,Briogeo,"Don't Despair, Repair! Rich Rice Shampoo Concentrate",Shampoo,$42.00,4.6
pimprod2053726,https://www.ulta.com/p/style-treat-supreme-shine-strengthening-oil-pimprod2053726,Briogeo,Style + Treat Supreme Shine Strengthening Oil,Oils & Serums,$28.00,4.7
pimprod2031238,https://www.ulta.com/p/be-gentle-be-kind-aloe-oat-milk-ultra-soothing-fragrance-free-hypoallergenic-shampoo-pimprod2031238,Briogeo,"Be Gentle, Be Kind Aloe + Oat Milk Ultra Soothing Fragrance-Free Hypoallergenic Shampoo",Shampoo,$28.00,4.2
pimprod2035460,https://www.ulta.com/p/slam-dunk-hydrating-moisturizer-pimprod2035460,Bubble,Slam Dunk Hydrating Moisturizer - Slam Dunk Moisturizer 1.7 oz,Face Moisturizer,$16.00,4.7
pimprod2052328,https://www.ulta.com/p/cosmic-silk-hydrating-milky-toner-pimprod2052328,Bubble,Cosmic Silk Hydrating Milky Toner,Toner,$16.00,4.8
pimprod2056176,https://www.ulta.com/p/soft-swerve-barrier-restore-balm-pimprod2056176,Bubble,SOFT SWERVE Barrier Restore Balm,Face Moisturizer,$18.00,4.8
pimprod2040785,https://www.ulta.com/p/cloud-surf-water-cream-moisturizer-pimprod2040785,Bubble,Cloud Surf Water Cream Moisturizer - 1.7 oz,Travel Size Skin Care,$16.00,4.7
pimprod2046769,https://www.ulta.com/p/tell-all-lip-balm-pimprod2046769,Bubble,Tell All Lip Balm - Juicy Secret Berry,Lip Balms,$9.00,4.6
pimprod2053088,https://www.ulta.com/p/talk-back-hydrating-lip-serum-pimprod2053088,Bubble,TALK BACK Hydrating Lip Serum - Loud & Clear,Lip Balms,$12.00,4.9
pimprod2052289,https://www.ulta.com/p/power-wave-super-hydrating-moisturizer-pimprod2052289,Bubble,Power Wave Super Hydrating Moisturizer,Face Moisturizer,$16.00,4.8
pimprod2035467,https://www.ulta.com/p/fresh-start-gel-cleanser-pimprod2035467,Bubble,Fresh Start Gel Cleanser - 4.2 oz,Face Wash,$17.00,4.8
pimprod2035466,https://www.ulta.com/p/day-dream-vitamin-c-niacinamide-tone-texture-serum-pimprod2035466,Bubble,Day Dream Vitamin C + Niacinamide Tone & Texture Serum,Face Serums,$17.00,4.8
pimprod2042841,https://www.ulta.com/p/water-slide-hydration-boosting-serum-hyaluronic-acid-peptides-pimprod2042841,Bubble,Water Slide Hydration Boosting Serum Hyaluronic Acid + Peptides,Face Serums,$17.00,4.7
pimprod2043298,https://www.ulta.com/p/bounce-back-balancing-toner-mist-pimprod2043298,Bubble,Bounce Back Balancing Toner Mist,Toner,$13.00,4.7
pimprod2046687,https://www.ulta.com/p/soft-launch-hydrating-cream-cleanser-pimprod2046687,Bubble,Soft Launch Hydrating Cream Cleanser,Face Wash,$17.00,4.8
pimprod2043893,https://www.ulta.com/p/rise-shine-brightening-kit-pimprod2043893,Bubble,Rise and Shine Brightening Kit,Skin Gifts,$34.00,4.7
pimprod2049864,https://www.ulta.com/p/super-cuties-trial-kit-pimprod2049864,Bubble,Super Cuties Trial Kit,Eye Cream,$30.00,4.9
pimprod2047592,https://www.ulta.com/p/big-barrier-super-set-pimprod2047592,Bubble,Big Barrier Super Set,$100 and Under,$70.00,5.0
pimprod2050117,https://www.ulta.com/p/going-places-on-go-essentials-kit-pimprod2050117,Bubble,Going Places On-the-Go Essentials Kit,Lip Balms,$36.00,4.7
pimprod2049959,https://www.ulta.com/p/blemish-begone-acne-prevention-kit-pimprod2049959,Bubble,Blemish Begone Acne Prevention Kit,Acne & Blemish Treatments,$44.00,4.9
pimprod2054561,https://www.ulta.com/p/cruise-control-travel-kit-pimprod2054561,Bubble,Cruise Control Travel Kit,$100 and Under,$27.99,4.8
pimprod2042840,https://www.ulta.com/p/morning-rays-brightening-eye-cream-pimprod2042840,Bubble,Morning Rays Brightening Eye Cream,Eye Cream,$14.99,4.7
pimprod2046690,https://www.ulta.com/p/drink-up-duo-dewy-skin-set-pimprod2046690,Bubble,Drink Up Duo Dewy Skin Set,Skin Gifts,$28.00,4.9
pimprod2040784,https://www.ulta.com/p/solar-mate-daily-mineral-spf-40-pimprod2040784,Bubble,Solar Mate Daily Mineral SPF 40,Sunscreen,$19.00,4.3
pimprod2035462,https://www.ulta.com/p/come-clean-detox-clay-mask-pimprod2035462,Bubble,Come Clean Detox Clay Mask,Face Masks,$19.00,4.5
pimprod2035461,https://www.ulta.com/p/level-up-balancing-moisturizer-pimprod2035461,Bubble,Level Up Balancing Moisturizer,Face Moisturizer,$16.00,4.6
pimprod2035928,https://www.ulta.com/p/over-night-hydrating-sleep-mask-pimprod2035928,Bubble,Over Night Hydrating Sleep Mask,Night Cream,$20.00,4.8
pimprod2054632,https://www.ulta.com/p/all-clear-anti-breakout-cleanser-pimprod2054632,Bubble,All Clear Anti-Breakout Cleanser,Face Wash,$17.00,4.8
pimprod2040783,https://www.ulta.com/p/knock-out-18-salicylic-acid-acne-spot-treatment-pimprod2040783,Bubble,Knock Out 1.8% Salicylic Acid Acne Spot Treatment,Acne & Blemish Treatments,$12.00,4.7
pimprod2041039,https://www.ulta.com/p/plus-one-tinted-daily-mineral-sunscreen-broad-spectrum-spf-40-pimprod2041039,Bubble,Plus One Tinted Daily Mineral Sunscreen Broad Spectrum SPF 40,Sunscreen,$19.00,4.6
pimprod2055360,https://www.ulta.com/p/secret-agent-color-correcting-balm-redness-fix-pimprod2055360,Bubble,SECRET AGENT Color Correcting Balm Redness Fix,Color Correcting,$13.00,4.5
pimprod2035463,https://www.ulta.com/p/super-clear-acne-treating-serum-pimprod2035463,Bubble,Super Clear Acne Treating Serum,Acne & Blemish Treatments,$17.00,4.6
pimprod2056155,https://www.ulta.com/p/slam-dunk-disco-edition-hydrating-moisturizer-pimprod2056155,Bubble,SLAM DUNK Disco Edition Hydrating Moisturizer,Face Moisturizer,$18.00,5.0
pimprod2050116,https://www.ulta.com/p/star-dew-hydrating-eye-cream-pimprod2050116,Bubble,Star Dew Hydrating Eye Cream,Eye Cream,$14.99,4.7
pimprod2046688,https://www.ulta.com/p/magic-melt-micellar-milk-pimprod2046688,Bubble,Magic Melt Micellar Milk,Face Wash,$15.00,4.7
pimprod2046686,https://www.ulta.com/p/first-class-oil-cleanser-pimprod2046686,Bubble,First Class Oil Cleanser,Face Wash,$17.00,4.8
pimprod2035459,https://www.ulta.com/p/float-on-soothing-facial-oil-pimprod2035459,Bubble,Float On Soothing Facial Oil,Face Oils,$19.00,4.7
pimprod2042842,https://www.ulta.com/p/moon-walk-gentle-exfoliating-serum-pimprod2042842,Bubble,Moon Walk Gentle Exfoliating Serum,Face Serums,$17.00,4.3
pimprod2035464,https://www.ulta.com/p/deep-dive-exfoliating-mask-pimprod2035464,Bubble,Deep Dive Exfoliating Mask,Face Peels & Exfoliators,$18.00,4.5
pimprod2055361,https://www.ulta.com/p/under-cover-color-correcting-balm-dark-spot-fix-pimprod2055361,Bubble,UNDER COVER Color Correcting Balm Dark Spot Fix,Color Correcting,$13.00,4.7
pimprod2021544,https://www.ulta.com/p/heat-shield-thermal-protection-hair-mist-pimprod2021544,Bumble and bumble,Heat Shield Thermal Protection Hair Mist - 4.2 oz,Travel Size Hair Care,$36.00,4.5
pimprod2056635,https://www.ulta.com/p/thickening-high-drama-styling-hair-foam-thinning-hair-pimprod2056635,Bumble and bumble,Thickening High Drama Styling Hair Foam for Thinning Hair - 5.0 oz,Volume & Texture,$35.00,4.8
pimprod2042832,https://www.ulta.com/p/thickening-volume-conditioner-pimprod2042832,Bumble and bumble,Thickening Volume Conditioner - 8.5 oz,Travel Size Hair Care,$38.00,4.7
pimprod2000002,https://www.ulta.com/p/thickening-full-form-soft-hair-mousse-pimprod2000002,Bumble and bumble,Thickening Full Form Soft Hair Mousse,Volume & Texture,$37.00,4.0
pimprod2018227,https://www.ulta.com/p/curl-3-in-1-moisturizing-conditioner-pimprod2018227,Bumble and bumble,Curl 3-in-1 Moisturizing Conditioner - 6.7 oz,Travel Size Hair Care,$38.00,4.7
pimprod2016264,https://www.ulta.com/p/pret-a-powder-post-workout-dry-shampoo-mist-pimprod2016264,Bumble and bumble,Prêt-à-Powder Post Workout Dry Shampoo Mist - 4.0 oz,Travel Size Hair Care,$35.00,3.8
pimprod2021548,https://www.ulta.com/p/bond-building-repair-conditioner-pimprod2021548,Bumble and bumble,Bond-Building Repair Conditioner - 33.8 oz,Travel Size Hair Care,$113.00,4.8
pimprod2056684,https://www.ulta.com/p/thickening-big-full-starter-set-pimprod2056684,Bumble and bumble,Thickening Big + Full Starter Set,Travel Size Hair Care,$35.00,
pimprod2042830,https://www.ulta.com/p/thickening-dryspun-texture-spray-light-pimprod2042830,Bumble and bumble,Thickening Dryspun Texture Spray Light - 4.12 oz,Travel Size Hair Care,$37.00,4.8
pimprod2031153,https://www.ulta.com/p/thickening-go-big-plumping-hair-treatment-spray-pimprod2031153,Bumble and bumble,Thickening Go Big Plumping Hair Treatment Spray,Hair Thinning & Hair Loss,$36.00,4.3
pimprod2018235,https://www.ulta.com/p/curl-defining-hair-styling-cream-pimprod2018235,Bumble and bumble,Curl Defining Hair Styling Cream - 8.5 oz,Curl Enhancing,$37.00,4.6
pimprod2018226,https://www.ulta.com/p/curl-moisturizing-shampoo-pimprod2018226,Bumble and bumble,Curl Moisturizing Shampoo - 8.5 oz,Travel Size Hair Care,$38.00,4.6
pimprod2021546,https://www.ulta.com/p/bond-building-repair-shampoo-pimprod2021546,Bumble and bumble,Bond-Building Repair Shampoo - 8.5 oz,Travel Size Hair Care,$38.00,4.6
pimprod2018246,https://www.ulta.com/p/curl-reactivator-moisturizing-hair-mist-pimprod2018246,Bumble and bumble,Curl Reactivator Moisturizing Hair Mist - 8.5 oz,Travel Size Hair Care,$36.00,4.5
pimprod2046645,https://www.ulta.com/p/hairdressers-invisible-oil-long-last-hydrating-styling-cream-pimprod2046645,Bumble and bumble,Hairdresser's Invisible Oil Long Last Hydrating Styling Cream,Smoothing,$39.00,4.7
pimprod2000001,https://www.ulta.com/p/thickening-great-body-volumizing-blow-dry-cream-pimprod2000001,Bumble and bumble,Thickening Great Body Volumizing Blow Dry Cream,Leave-In Treatment,$37.00,3.6
pimprod2053976,https://www.ulta.com/p/styling-oil-split-end-prevention-anti-frizz-pimprod2053976,Bumble and bumble,Styling Oil for Split End Prevention + Anti-Frizz - 4.1 oz,Travel Size Hair Care,$47.00,4.7
pimprod2039330,https://www.ulta.com/p/seaweed-nourishing-shampoo-pimprod2039330,Bumble and bumble,Seaweed Nourishing Shampoo - 8.5 oz,Travel Size Hair Care,$38.00,4.2
pimprod2028145,https://www.ulta.com/p/curl-light-defining-styling-cream-pimprod2028145,Bumble and bumble,Curl Light Defining Styling Cream - 8.5 oz,Curl Enhancing,$37.00,4.7
pimprod2056682,https://www.ulta.com/p/hairdressers-invisible-oil-style-days-starter-hair-set-pimprod2056682,Bumble and bumble,Hairdresser's Invisible Oil Style for Days Starter Hair Set,Travel Size Hair Care,$35.00,4.0
pimprod2039332,https://www.ulta.com/p/seaweed-nourishing-conditioner-pimprod2039332,Bumble and bumble,Seaweed Nourishing Conditioner - 6.7 oz,Travel Size Hair Care,$38.00,4.6
pimprod2018245,https://www.ulta.com/p/curl-defining-hair-mousse-pimprod2018245,Bumble and bumble,Curl Defining Hair Mousse,Curl Enhancing,$37.00,4.3
pimprod2039336,https://www.ulta.com/p/seaweed-nourishing-air-dry-cream-pimprod2039336,Bumble and bumble,Seaweed Nourishing Air Dry Cream - 5.0 oz,Travel Size Hair Care,$37.00,4.6
pimprod2021537,https://www.ulta.com/p/bond-building-repair-hair-styling-cream-pimprod2021537,Bumble and bumble,Bond-Building Repair Hair Styling Cream,Styling Products,$39.00,4.5
pimprod2018216,https://www.ulta.com/p/hairdressers-invisible-oil-hydrating-hair-mask-pimprod2018216,Bumble and bumble,Hairdresser's Invisible Oil Hydrating Hair Mask,Masks,$49.00,4.5
pimprod2018248,https://www.ulta.com/p/curl-anti-humidity-hair-gel-oil-pimprod2018248,Bumble and bumble,Curl Anti-Humidity Hair Gel-Oil,Curl Enhancing,$37.00,4.3
pimprod2031150,https://www.ulta.com/p/thickening-plumping-hair-mask-pimprod2031150,Bumble and bumble,Thickening Plumping Hair Mask,Masks,$49.00,4.2
pimprod2048823,https://www.ulta.com/p/travel-size-hydrating-frizz-reducing-hair-set-pimprod2048823,Bumble and bumble,Travel-Size Hydrating + Frizz Reducing Hair Set,Travel Size Hair Care,$34.00,5.0
pimprod2048951,https://www.ulta.com/p/strengthen-repair-hair-set-pimprod2048951,Bumble and bumble,Strengthen + Repair Hair Set,Travel Size Hair Care,$34.00,3.7
pimprod2048950,https://www.ulta.com/p/bond-building-triplebond-flash-rinse-pimprod2048950,Bumble and bumble,Bond-Building TripleBond Flash Rinse,Travel Size Hair Care,$37.00,4.8
pimprod2037670,https://www.ulta.com/p/bond-building-repair-hair-oil-serum-pimprod2037670,Bumble and bumble,Bond-Building Repair Hair Oil Serum,Oils & Serums,$47.00,4.6
pimprod2049012,https://www.ulta.com/p/prep-style-extend-hair-set-pimprod2049012,Bumble and bumble,"Prep, Style + Extend Hair Set",Travel Size Hair Care,$34.00,
pimprod2045423,https://www.ulta.com/p/big-instant-volume-gift-set-pimprod2045423,Bumble and bumble,Big Instant Volume Gift Set,Hair Gifts,$35.00,5.0
pimprod2039338,https://www.ulta.com/p/seaweed-nourishing-whipped-scalp-scrub-pimprod2039338,Bumble and bumble,Seaweed Nourishing Whipped Scalp Scrub,Scalp Care,$48.00,4.8
pimprod2021416,https://www.ulta.com/p/heat-shield-blow-dry-accelerator-hair-mist-pimprod2021416,Bumble and bumble,Heat Shield Blow Dry Accelerator Hair Mist,Heat Protectant,$37.00,3.8
pimprod2024794,https://www.ulta.com/p/grooming-hair-styling-cream-pimprod2024794,Bumble and bumble,Grooming Hair Styling Cream,Smoothing,$37.00,4.6
pimprod2042985,https://www.ulta.com/p/liter-pump-pimprod2042985,Bumble and bumble,Liter Pump,Shampoo,$3.00,2.6
pimprod2001011,https://www.ulta.com/p/her-eau-de-parfum-pimprod2001011,Burberry,Her Eau de Parfum - 3.3 oz,Perfume,$181.00,4.5
pimprod2040465,https://www.ulta.com/p/burberry-goddess-eau-de-parfum-pimprod2040465,Burberry,Burberry Goddess Eau de Parfum - 3.3 oz,Perfume,$181.00,4.7
pimprod2034780,https://www.ulta.com/p/her-elixir-de-parfum-pimprod2034780,Burberry,Her Elixir de Parfum - 3.3 oz,Perfume,$190.00,4.6
pimprod2049463,https://www.ulta.com/p/her-eau-de-parfum-intense-pimprod2049463,Burberry,Her Eau de Parfum Intense - 1.6oz,Perfume,$155.00,4.5
pimprod2056711,https://www.ulta.com/p/her-parfum-pimprod2056711,Burberry,Her Parfum - 3.3 oz,Perfume,$199.00,4.5
pimprod2034315,https://www.ulta.com/p/hero-eau-de-parfum-pimprod2034315,Burberry,Hero Eau de Parfum - 3.3 oz,Cologne,$165.00,4.5
pimprod2026906,https://www.ulta.com/p/hero-eau-de-toilette-pimprod2026906,Burberry,Hero Eau de Toilette - 3.3 oz,Cologne,$137.00,4.4
pimprod2046411,https://www.ulta.com/p/burberry-goddess-eau-de-parfum-intense-pimprod2046411,Burberry,Burberry Goddess Eau de Parfum Intense - 3.3 oz,Perfume,$190.00,4.7
pimprod2053196,https://www.ulta.com/p/burberry-goddess-parfum-pimprod2053196,Burberry,Burberry Goddess Parfum - 3.3 oz,Perfume,$199.00,4.7
pimprod2044333,https://www.ulta.com/p/hero-parfum-pimprod2044333,Burberry,Hero Parfum - 3.3 oz,Cologne,$199.00,4.5
pimprod2030315,https://www.ulta.com/p/her-eau-de-toilette-pimprod2030315,Burberry,Her Eau de Toilette - 3.3 oz,Perfume,$155.00,4.4
pimprod2050360,https://www.ulta.com/p/hero-parfum-intense-pimprod2050360,Burberry,Hero Parfum Intense - 3.3 oz,Cologne,$209.00,4.6
pimprod2054526,https://www.ulta.com/p/burberry-2-piece-mini-perfume-gift-set-pimprod2054526,Burberry,Burberry 2-Piece Mini Perfume Gift Set,Fragrance Gifts,$39.00,4.2
pimprod2057408,https://www.ulta.com/p/her-eau-de-parfum-duo-gift-set-pimprod2057408,Burberry,Her Eau de Parfum Duo Gift Set,Fragrance Gifts,$116.00,
pimprod2057407,https://www.ulta.com/p/burberry-goddess-eau-de-parfum-duo-gift-set-pimprod2057407,Burberry,Burberry Goddess Eau de Parfum Duo Gift Set,Fragrance Gifts,$116.00,
pimprod2057462,https://www.ulta.com/p/hero-elixir-de-parfum-pimprod2057462,Burberry,Hero Elixir de Parfum - 2.0 oz,Cologne,$199.00,
pimprod2057315,https://www.ulta.com/p/hero-eau-de-parfum-cologne-2-piece-gift-set-pimprod2057315,Burberry,Hero Eau de Parfum Cologne 2-Piece Gift Set,Cologne Gift Sets,$170.00,5.0
pimprod2054487,https://www.ulta.com/p/her-eau-de-parfum-2-piece-gift-set-pimprod2054487,Burberry,Her Eau de Parfum 2-Piece Gift Set,Fragrance Gifts,$116.00,4.5
pimprod2057413,https://www.ulta.com/p/hero-eau-de-parfum-parfum-travel-spray-3-piece-gift-set-pimprod2057413,Burberry,Hero Eau de Parfum & Parfum Travel Spray 3-Piece Gift Set,$100 and Under,$75.00,3.0
pimprod2057410,https://www.ulta.com/p/burberry-goddess-eau-de-parfum-body-lotion-3-piece-gift-set-pimprod2057410,Burberry,Burberry Goddess Eau de Parfum and Body Lotion 3-Piece Gift Set,Fragrance Gifts,$191.00,
pimprod2057409,https://www.ulta.com/p/her-eau-de-parfum-parfum-travel-spray-3-piece-gift-set-pimprod2057409,Burberry,Her Eau de Parfum and Parfum Travel Spray 3-Piece Gift Set,$100 and Under,$80.00,2.0
pimprod2016487,https://www.ulta.com/p/her-london-dream-eau-de-parfum-pimprod2016487,Burberry,Her London Dream Eau de Parfum - 3.3 oz,Perfume,$181.00,4.4
pimprod2007158,https://www.ulta.com/p/her-blossom-eau-de-toilette-pimprod2007158,Burberry,Her Blossom Eau de Toilette - 3.3 oz,Perfume,$155.00,4.3
pimprod2057412,https://www.ulta.com/p/hero-eau-de-toilette-deodorant-3-piece-gift-set-pimprod2057412,Burberry,Hero Eau de Toilette and Deodorant 3-Piece Gift Set,Cologne Gift Sets,$147.00,
pimprod2037967,https://www.ulta.com/p/ingrown-hair-exfoliating-scrub-pimprod2037967,Bushbalm,Ingrown Hair Exfoliating Scrub - Nude,Hair Removal,$23.00,4.6
pimprod2041475,https://www.ulta.com/p/francesca-pubic-body-hair-trimmer-pimprod2041475,Bushbalm,Francesca Pubic + Body Hair Trimmer,Hair Removal Tools,$65.00,4.5
pimprod2037965,https://www.ulta.com/p/ingrown-hair-oil-pimprod2037965,Bushbalm,Ingrown Hair Oil - Nude,Body Serums & Oils,$26.00,4.5
pimprod2051137,https://www.ulta.com/p/watermelon-sugar-2-step-ingrown-hair-razor-bump-kit-pimprod2051137,Bushbalm,Watermelon Sugar 2 Step Ingrown Hair & Razor Bump Kit,Body Essentials,$44.10,4.9
pimprod2045738,https://www.ulta.com/p/after-dark-brightening-gel-dark-spots-pimprod2045738,Bushbalm,After Dark Brightening Gel for Dark Spots,Body Essentials,$29.00,4.2
pimprod2045737,https://www.ulta.com/p/radiant-reset-toner-pads-dark-spots-ingrown-hairs-pimprod2045737,Bushbalm,Radiant Reset Toner Pads for Dark Spots & Ingrown Hairs,Body Treatments,$19.00,4.6
pimprod2041905,https://www.ulta.com/p/roller-rescue-soothing-serum-with-ahabha-ingrown-hairs-bumps-pimprod2041905,Bushbalm,Roller Rescue Soothing Serum with AHA/BHA for Ingrown Hairs & Bumps - 1.69 oz,Hair Removal,$19.00,4.3
pimprod2055528,https://www.ulta.com/p/frankie-touch-up-trimmer-pimprod2055528,Bushbalm,The Frankie Touch-Up Trimmer,Hair Removal,$34.99,3.4
pimprod2045601,https://www.ulta.com/p/2-step-ingrown-hair-razor-bump-kit-pimprod2045601,Bushbalm,2 Step Ingrown Hair & Razor Bump Kit,Body Serums & Oils,$44.10,4.0
pimprod2037966,https://www.ulta.com/p/exfoliating-dark-spot-scrub-pimprod2037966,Bushbalm,Exfoliating Dark Spot Scrub - Bermuda,Body Scrubs & Exfoliants,$23.00,4.1
pimprod2037964,https://www.ulta.com/p/dark-spot-oil-pimprod2037964,Bushbalm,Dark Spot Oil - Bermuda,Body Serums & Oils,$26.00,4.3
pimprod2027665,https://www.ulta.com/p/tea-tree-exfoliating-scrub-pimprod2027665,Buttah Skin,Tea Tree Exfoliating Scrub,Face Peels & Exfoliators,$24.00,4.7
pimprod2025810,https://www.ulta.com/p/whipped-body-butter-moisturizer-pimprod2025810,Buttah Skin,Whipped Body Butter Moisturizer,Body Butters,$29.00,4.4
pimprod2025813,https://www.ulta.com/p/facial-shea-butter-moisturizer-pimprod2025813,Buttah Skin,Facial Shea Butter Moisturizer,Face Moisturizer,$20.99,4.4
pimprod2029216,https://www.ulta.com/p/tinted-mineral-sunscreen-spf-30-pimprod2029216,Buttah Skin,Tinted Mineral Sunscreen SPF 30,Sunscreen,$26.00,3.6
pimprod2025805,https://www.ulta.com/p/ahabha-rosewater-toner-pimprod2025805,Buttah Skin,AHA/BHA Rosewater Toner,Toner,$21.00,4.8
pimprod2025808,https://www.ulta.com/p/gentle-face-cleanser-pimprod2025808,Buttah Skin,Gentle Face Cleanser,Face Wash,$17.00,4.7
pimprod2025807,https://www.ulta.com/p/cocoshea-revitalizing-cream-pimprod2025807,Buttah Skin,CocoShea Revitalizing Cream,Face Moisturizer,$21.00,4.5
pimprod2051475,https://www.ulta.com/p/silky-soft-towels-pimprod2051475,Buttah Skin,Silky Soft Towels,Makeup Remover,$18.00,4.8
pimprod2026556,https://www.ulta.com/p/oil-free-gel-cream-moisturizer-pimprod2026556,Buttah Skin,Oil Free Gel-Cream Moisturizer,Face Moisturizer,$21.00,4.5
pimprod2025812,https://www.ulta.com/p/egyptian-cocoshea-body-wash-pimprod2025812,Buttah Skin,Egyptian CocoShea Body Wash,Shower Gel & Body Wash,$29.00,4.8
pimprod2025806,https://www.ulta.com/p/brightentng-vitamin-c-serum-pimprod2025806,Buttah Skin,Brightentng Vitamin C Serum,Face Serums,$43.00,4.7
pimprod2025809,https://www.ulta.com/p/charcoal-detox-face-mask-pimprod2025809,Buttah Skin,Charcoal Detox Face Mask,Face Masks,$26.00,4.6
pimprod2025803,https://www.ulta.com/p/skin-transforming-cocoshea-3-piece-kit-pimprod2025803,Buttah Skin,Skin Transforming Cocoshea 3 Piece Kit,Skin Gifts,$65.00,4.5
pimprod2052108,https://www.ulta.com/p/3-piece-skin-transforming-set-with-oil-free-hylaluronic-gel-pimprod2052108,Buttah Skin,3 Piece Skin Transforming Set with Oil Free Hylaluronic Gel,$100 and Under,$65.00,4.3
pimprod2025801,https://www.ulta.com/p/skin-transforming-kit-with-facial-shea-butter-pimprod2025801,Buttah Skin,Skin Transforming Kit with Facial Shea Butter,Body Butters,$65.00,4.5
pimprod2025814,https://www.ulta.com/p/vibe-cleanse-2-piece-kit-pimprod2025814,Buttah Skin,Vibe and Cleanse 2 Piece Kit,Skin Gifts,$65.00,4.6
pimprod2025307,https://www.ulta.com/p/power-line-plumping-lip-liner-pimprod2025307,Buxom,Power Line Plumping Lip Liner - Dolly Light,Lip Liner,$24.00,4.5
pimprod2056919,https://www.ulta.com/p/line-shine-lip-oil-lip-liner-duo-pimprod2056919,Buxom,Line & Shine Lip Oil & Lip Liner Duo - White Russian & Rich Rose,Makeup & Nail Gifts,$35.00,
pimprod2023339,https://www.ulta.com/p/plump-shot-plumping-smoothing-lip-serum-gloss-with-peptides-hyaluronic-acid-pimprod2023339,Buxom,Plump Shot Plumping and Smoothing Lip Serum Gloss with Peptides and Hyaluronic Acid - Filler - Clear,Lip Plumpers,$29.00,4.4
pimprod2053033,https://www.ulta.com/p/lash-xtension-lift-mascara-pimprod2053033,Buxom,Lash Xtension Lift Mascara - Xtremely Black,Mascara,$19.60,4.5
pimprod2049777,https://www.ulta.com/p/full-on-plumping-glossy-lip-oil-pimprod2049777,Buxom,Full-On Plumping Glossy Lip Oil - Dolly,Lip Oil,$26.00,4.5
pimprod2049092,https://www.ulta.com/p/full-on-plumping-liquid-lipstick-matte-pimprod2049092,Buxom,Full-On Plumping Liquid Lipstick Matte - Angel Baby,Lipstick,$26.00,4.3
pimprod2039662,https://www.ulta.com/p/mini-plump-shot-plumping-smoothing-lip-serum-gloss-with-peptides-hyaluronic-acid-pimprod2039662,Buxom,Mini Plump Shot Plumping and Smoothing Lip Serum Gloss with Peptides and Hyaluronic Acid - Filler,Travel Size Makeup,$17.00,4.4
pimprod2045019,https://www.ulta.com/p/full-on-plumping-lip-glow-balm-pimprod2045019,Buxom,Full-On Plumping Lip Glow Balm - Raspberry Glaze,Lip Plumpers,$25.00,4.2
pimprod2053079,https://www.ulta.com/p/flip-side-liner-shadow-duo-pimprod2053079,Buxom,Flip Side Liner & Shadow Duo - Back to Black,Eyeshadow,$27.00,4.3
pimprod2040581,https://www.ulta.com/p/full-on-satin-lipstick-pimprod2040581,Buxom,Full-On Satin Lipstick - Body-Con,Lipstick,$26.00,4.4
pimprod2011829,https://www.ulta.com/p/power-full-plump-lip-balm-pimprod2011829,Buxom,Power-full Plump Lip Balm - Dolly Fever,Lip Plumpers,$20.00,4.0
pimprod2045869,https://www.ulta.com/p/forever-babe-iconic-nudes-eyeshadow-palette-pimprod2045869,Buxom,Forever Babe Iconic Nudes Eyeshadow Palette,Eyeshadow Palettes,$32.00,4.8
pimprod2053078,https://www.ulta.com/p/power-full-plumping-peptide-lip-treatment-pimprod2053078,Buxom,Power-Full Plumping Peptide Lip Treatment - Vanilla Glaze,Lip Balms,$24.00,4.5
pimprod2043605,https://www.ulta.com/p/mini-full-on-plumping-lip-cream-pimprod2043605,Buxom,Mini Full-On Plumping Lip Cream - White Russian,Travel Size Makeup,$14.00,4.6
pimprod2011838,https://www.ulta.com/p/power-full-lip-scrub-pimprod2011838,Buxom,Power-full Lip Scrub - Sweet Guava,Lip Balms,$20.00,4.4
pimprod2045025,https://www.ulta.com/p/power-full-plump-repair-lip-butter-pimprod2045025,Buxom,Power-Full Plump + Repair Lip Butter - Bare,Lip Balms,$22.00,4.2
pimprod2049860,https://www.ulta.com/p/best-of-plumping-lip-gloss-kit-pimprod2049860,Buxom,Best Of Plumping Lip Gloss Kit,Makeup & Nail Gifts,$30.00,4.5
pimprod2033631,https://www.ulta.com/p/mini-full-on-plumping-lip-polish-pimprod2033631,Buxom,Mini Full-On Plumping Lip Polish - Dolly,Travel Size Makeup,$14.00,4.7
pimprod2043230,https://www.ulta.com/p/hydrating-milky-toner-pimprod2043230,BYOMA,Hydrating Milky Toner - 5.07,Toner,$15.99,4.3
pimprod2034790,https://www.ulta.com/p/moisturizing-gel-cream-pimprod2034790,BYOMA,Moisturizing Gel Cream - 1.6 oz,Face Moisturizer,$15.99,4.4
pimprod2054921,https://www.ulta.com/p/hydrating-milky-moisturizer-pimprod2054921,BYOMA,Hydrating Milky Moisturizer,Face Moisturizer,$16.99,4.5
pimprod2049853,https://www.ulta.com/p/phyto-mucin-glow-serum-pimprod2049853,BYOMA,Phyto Mucin Glow Serum,Face Serums,$16.99,4.5
pimprod2034787,https://www.ulta.com/p/hydrating-serum-with-tri-ceramide-complex-pimprod2034787,BYOMA,Hydrating Serum with Tri-Ceramide Complex,Face Serums,$16.99,4.4
pimprod2043271,https://www.ulta.com/p/balancing-ultra-fine-face-mist-pimprod2043271,BYOMA,Balancing Ultra-Fine Face Mist,Toner,$16.99,4.4
pimprod2034791,https://www.ulta.com/p/moisturizing-rich-cream-pimprod2034791,BYOMA,Moisturizing Rich Cream,Face Moisturizer,$16.99,4.5
pimprod2054923,https://www.ulta.com/p/foaming-rice-deep-cleanser-pimprod2054923,BYOMA,Foaming Rice Deep Cleanser,Face Wash,$13.99,4.5
pimprod2049857,https://www.ulta.com/p/ultra-lightweight-face-fluid-spf-50-pimprod2049857,BYOMA,Ultra-Lightweight Face Fluid SPF 50,Face Moisturizer,$19.99,4.3
pimprod2056785,https://www.ulta.com/p/bio-collagen-radiance-facial-mask-pimprod2056785,BYOMA,Bio-Collagen Radiance Facial Mask,Face Masks,$17.99,5.0
pimprod2039808,https://www.ulta.com/p/de-puff-brightening-eye-gel-pimprod2039808,BYOMA,De-puff and Brightening Eye Gel,Eye Cream,$13.99,4.0
pimprod2043229,https://www.ulta.com/p/milky-moisture-cleanser-pimprod2043229,BYOMA,Milky Moisture Cleanser,Face Wash,$13.99,4.6
pimprod2034807,https://www.ulta.com/p/3-piece-hydrating-trio-set-pimprod2034807,BYOMA,3 Piece Hydrating Trio Set,Skin Gifts,$25.99,4.4
pimprod2043273,https://www.ulta.com/p/barrier-repair-treatment-pimprod2043273,BYOMA,Barrier + Repair Treatment,Face Serums,$18.99,4.6
pimprod2034788,https://www.ulta.com/p/brightening-serum-dark-spots-texture-pimprod2034788,BYOMA,Brightening Serum for Dark Spots + Texture,Face Serums,$16.99,4.6
pimprod2034789,https://www.ulta.com/p/creamy-jelly-cleanser-pimprod2034789,BYOMA,Creamy Jelly Cleanser - 5.9 oz,Face Wash,$13.99,4.4
pimprod2044243,https://www.ulta.com/p/liptide-ph-color-changing-lip-oil-pimprod2044243,BYOMA,Liptide pH Color-Changing Lip Oil,Lip Oil,$11.99,3.9
pimprod2039809,https://www.ulta.com/p/brightening-toner-with-lactic-acid-pimprod2039809,BYOMA,Brightening Toner with Lactic Acid,Toner,$15.99,4.1
pimprod2049856,https://www.ulta.com/p/ultra-lightweight-face-fluid-spf-30-pimprod2049856,BYOMA,Ultra-Lightweight Face Fluid SPF 30,Face Moisturizer,$19.99,4.5
pimprod2044242,https://www.ulta.com/p/liptide-lip-mask-with-peptides-pimprod2044242,BYOMA,Liptide Lip Mask with Peptides,Lip Balms,$11.99,4.3
pimprod2039812,https://www.ulta.com/p/milky-oil-gentle-cleanser-pimprod2039812,BYOMA,Milky Oil Gentle Cleanser,Face Wash,$13.99,4.2
pimprod2034806,https://www.ulta.com/p/clarifying-serum-with-tri-ceramide-complex-pimprod2034806,BYOMA,Clarifying Serum with Tri-Ceramide Complex,Face Serums,$16.99,4.4
pimprod2039810,https://www.ulta.com/p/hydrating-recovery-oil-pimprod2039810,BYOMA,Hydrating Recovery Oil,Face Serums,$18.99,4.7
pimprod2049765,https://www.ulta.com/p/milky-moisture-hydrating-duo-pimprod2049765,BYOMA,Milky Moisture Hydrating Duo,Face Wash,$19.99,4.6
pimprod2049855,https://www.ulta.com/p/barrier-repair-eye-cream-pimprod2049855,BYOMA,Barrier Repair Eye Cream,Eye Cream,$14.99,4.3
pimprod2044241,https://www.ulta.com/p/liptide-lip-oil-with-peptides-pimprod2044241,BYOMA,Liptide Lip Oil with Peptides,Lip Oil,$11.99,4.2
pimprod2052763,https://www.ulta.com/p/set-so-hydrated-pimprod2052763,BYOMA,Set So Hydrated,Skin Gifts,$22.99,4.0
pimprod2039811,https://www.ulta.com/p/melting-balm-cleanser-pimprod2039811,BYOMA,Melting Balm Cleanser,Cleansing Balms & Oils,$15.99,4.0
pimprod2052085,https://www.ulta.com/p/nourishing-body-oil-with-jojoba-seabuckthorn-radiant-skin-pimprod2052085,BYOMA,Nourishing Body Oil with Jojoba + Seabuckthorn for Radiant Skin,Body Serums & Oils,$15.99,4.5
pimprod2043270,https://www.ulta.com/p/sensitive-retinol-oil-pimprod2043270,BYOMA,Sensitive Retinol Oil,Face Oils,$21.99,4.6
pimprod2052762,https://www.ulta.com/p/set-so-clear-pimprod2052762,BYOMA,Set So Clear,Skin Gifts,$22.99,4.0
pimprod2052761,https://www.ulta.com/p/barrier-rescue-repair-set-pimprod2052761,BYOMA,Barrier Rescue & Repair Set,Skin Gifts,$22.99,4.7
pimprod2052765,https://www.ulta.com/p/set-so-bright-pimprod2052765,BYOMA,Set So Bright,Skin Gifts,$22.99,5.0
pimprod2052097,https://www.ulta.com/p/brightening-body-wash-with-niacinamide-azelaic-acid-radiant-skin-pimprod2052097,BYOMA,Brightening Body Wash with Niacinamide + Azelaic Acid for Radiant Skin,Shower Gel & Body Wash,$13.99,4.7
pimprod2052099,https://www.ulta.com/p/deeply-hydrating-body-lotion-with-shea-butter-skin-barrier-repair-pimprod2052099,BYOMA,Deeply Hydrating Body Lotion with Shea Butter for Skin Barrier Repair,Body Lotion & Creams,$14.99,4.6
pimprod2052095,https://www.ulta.com/p/creamy-hydrating-body-wash-with-squalane-skin-barrier-repair-pimprod2052095,BYOMA,Creamy Hydrating Body Wash with Squalane for Skin Barrier Repair,Shower Gel & Body Wash,$13.99,4.6
pimprod2052093,https://www.ulta.com/p/sensitive-body-lotion-fragrance-free-dry-itchy-skin-relief-pimprod2052093,BYOMA,"Sensitive Body Lotion - Fragrance free for Dry, Itchy Skin Relief",Body Lotion & Creams,$14.99,4.5
pimprod2052098,https://www.ulta.com/p/brightening-body-lotion-with-niacinamide-urea-radiant-skin-pimprod2052098,BYOMA,Brightening Body Lotion with Niacinamide + Urea for Radiant Skin,Body Lotion & Creams,$14.99,4.5
pimprod2052094,https://www.ulta.com/p/sensitive-body-wash-fragrance-free-dry-itchy-skin-pimprod2052094,BYOMA,"Sensitive Body Wash - Fragrance free for Dry, Itchy Skin",Shower Gel & Body Wash,$13.99,4.5
pimprod2052084,https://www.ulta.com/p/smoothing-body-polish-rough-bumpy-skin-pimprod2052084,BYOMA,Smoothing Body Polish for Rough + Bumpy Skin,Body Scrubs & Exfoliants,$14.99,4.6
pimprod2052086,https://www.ulta.com/p/smoothing-body-serum-with-succinic-acid-pimprod2052086,BYOMA,Smoothing Body Serum with Succinic Acid,Body Serums & Oils,$14.99,4.6
pimprod2050575,https://www.ulta.com/p/make-me-over-cosmetic-train-case-pimprod2050575,Caboodles,Make Me Over Cosmetic Train Case,Makeup Bags & Organizers,$65.00,3.5
pimprod2009038,https://www.ulta.com/p/beige-lifestyle-train-case-pimprod2009038,Caboodles,Beige Lifestyle Train Case,Makeup Bags & Organizers,$89.00,4.0
pimprod2020921,https://www.ulta.com/p/on-go-girl-funfetti-case-pimprod2020921,Caboodles,On The Go Girl Funfetti Case,Makeup Bags & Organizers,$24.00,4.8
pimprod2044252,https://www.ulta.com/p/pretty-in-petite-cosmetic-case-pimprod2044252,Caboodles,Pretty In Petite Cosmetic Case - Two Tone Pink,Makeup Bags & Organizers,$17.99,3.3
pimprod2044254,https://www.ulta.com/p/berry-sparkle-on-go-girl-cosmetic-case-pimprod2044254,Caboodles,Berry Sparkle On The Go Girl Cosmetic Case,Makeup Bags & Organizers,$24.99,5.0
pimprod2055257,https://www.ulta.com/p/limited-edition-on-go-girl-wicked-good-pimprod2055257,Caboodles,Limited Edition On-the-Go Girl - Wicked For Good,Makeup Bags & Organizers,$29.99,5.0
pimprod2055256,https://www.ulta.com/p/limited-edition-on-go-girl-wicked-elphaba-pimprod2055256,Caboodles,Limited Edition On-the-Go Girl - Wicked Elphaba,Makeup Bags & Organizers,$29.99,
pimprod2055255,https://www.ulta.com/p/limited-edition-on-go-girl-wicked-glinda-pimprod2055255,Caboodles,Limited Edition On-The-Go Girl - Wicked Glinda,Makeup Bags & Organizers,$29.99,
pimprod2053776,https://www.ulta.com/p/grippy-cakes-circles-non-adhesive-pimprod2053776,CAKES Body,Grippy CAKES Circles Non-Adhesive - Honey - OG (A-DD),Trend & Fashion Accessories,$33.00,4.6
pimprod2053863,https://www.ulta.com/p/grippy-cakes-triangles-non-adhesive-pimprod2053863,CAKES Body,Grippy CAKES Triangles Non-Adhesive - Cocoa - OG (A-DD),Trend & Fashion Accessories,$33.00,4.6
pimprod2056127,https://www.ulta.com/p/sticky-cakes-circles-pimprod2056127,CAKES Body,Sticky CAKES Circles - Honey - OG (A-DD),Trend & Fashion Accessories,$33.00,4.8
pimprod2056130,https://www.ulta.com/p/sticky-cakes-triangles-pimprod2056130,CAKES Body,Sticky CAKES Triangles - Caramel - OG (A-DD),Trend & Fashion Accessories,$33.00,4.7
pimprod2056122,https://www.ulta.com/p/grippy-cakes-circles-non-adhesive-itty-bitty-pimprod2056122,CAKES Body,Grippy CAKES Circles Non-Adhesive Itty Bitty - Honey - Itty Bitty (AA-A),Trend & Fashion Accessories,$33.00,4.6
pimprod2056126,https://www.ulta.com/p/grippy-cakes-circles-non-adhesive-plus-pimprod2056126,CAKES Body,Grippy CAKES Circles Non-Adhesive Plus - Caramel - Plus (DDD+),Trend & Fashion Accessories,$33.00,4.6
pimprod2056128,https://www.ulta.com/p/sticky-cakes-circles-itty-bitty-pimprod2056128,CAKES Body,Sticky CAKES Circles Itty Bitty - Cocoa - Itty Bitty (AA-A),Trend & Fashion Accessories,$33.00,4.8
pimprod2056131,https://www.ulta.com/p/sticky-cakes-triangles-plus-pimprod2056131,CAKES Body,Sticky CAKES Triangles Plus - Honey - Plus (DDD+),Trend & Fashion Accessories,$33.00,4.7
pimprod2056129,https://www.ulta.com/p/sticky-cakes-circles-plus-pimprod2056129,CAKES Body,Sticky CAKES Circles Plus - Honey - Plus (DDD+),Trend & Fashion Accessories,$33.00,4.8
pimprod2056055,https://www.ulta.com/p/grippy-cakes-triangles-non-adhesive-plus-pimprod2056055,CAKES Body,Grippy CAKES Triangles Non-Adhesive Plus - Caramel - Plus (DDD+),Trend & Fashion Accessories,$33.00,4.6
pimprod2052836,https://www.ulta.com/p/regro-anti-thinning-scalp-serum-pimprod2052836,California Naturals,Re:GRO Anti-Thinning Scalp Serum,Oils & Serums,$19.99,4.5
pimprod2056094,https://www.ulta.com/p/dream-curl-cream-pimprod2056094,California Naturals,Dream Curl Cream,Curl Enhancing,$11.99,4.4
pimprod2056369,https://www.ulta.com/p/hydrating-lip-balm-toasted-coconut-pimprod2056369,California Naturals,Hydrating Lip Balm - Toasted Coconut,Lip Balms,$9.99,4.7
pimprod2056370,https://www.ulta.com/p/hydrating-lip-balm-summer-fig-pimprod2056370,California Naturals,Hydrating Lip Balm - Summer Fig,Lip Balms,$9.99,4.5
pimprod2056362,https://www.ulta.com/p/sensitive-skin-body-wash-pimprod2056362,California Naturals,Sensitive Skin Body Wash,Shower Gel & Body Wash,$11.99,
pimprod2049300,https://www.ulta.com/p/super-moisture-body-wash-pimprod2049300,California Naturals,Super Moisture Body Wash,Shower Gel & Body Wash,$11.99,4.6
pimprod2049296,https://www.ulta.com/p/super-moisture-shampoo-pimprod2049296,California Naturals,Super Moisture Shampoo,Shampoo,$11.99,4.4
pimprod2049299,https://www.ulta.com/p/leave-in-conditioner-detangler-pimprod2049299,California Naturals,Leave-in Conditioner & Detangler,Leave-In Conditioner,$11.99,4.6
pimprod2049295,https://www.ulta.com/p/classic-clean-conditioner-pimprod2049295,California Naturals,Classic Clean Conditioner - 16.5 oz,Travel Size Hair Care,$11.99,4.6
pimprod2049306,https://www.ulta.com/p/mens-2-in-1-shampoo-body-wash-pimprod2049306,California Naturals,Men's 2-in-1 Shampoo & Body Wash,Shower Gel & Body Wash,$11.99,5.0
pimprod2056364,https://www.ulta.com/p/classic-clean-body-wash-pimprod2056364,California Naturals,Classic Clean Body Wash,Shower Gel & Body Wash,$11.99,4.8
pimprod2049302,https://www.ulta.com/p/regro-anti-thinning-shampoo-pimprod2049302,California Naturals,Re:GRO Anti-Thinning Shampoo,Hair Thinning & Hair Loss,$11.99,4.2
pimprod2049298,https://www.ulta.com/p/deep-repair-hair-mask-pimprod2049298,California Naturals,Deep Repair Hair Mask - 10.5 oz,Travel Size Hair Care,$11.99,4.9
pimprod2049293,https://www.ulta.com/p/classic-clean-shampoo-pimprod2049293,California Naturals,Classic Clean Shampoo - 16.5 oz,Travel Size Hair Care,$11.99,4.6
pimprod2049303,https://www.ulta.com/p/regro-anti-thinning-conditioner-pimprod2049303,California Naturals,Re:GRO Anti-Thinning Conditioner,Hair Thinning & Hair Loss,$11.99,4.3
pimprod2056093,https://www.ulta.com/p/dream-curl-conditioner-pimprod2056093,California Naturals,Dream Curl Conditioner,Conditioner,$11.99,5.0
pimprod2056092,https://www.ulta.com/p/dream-curl-shampoo-pimprod2056092,California Naturals,Dream Curl Shampoo,Shampoo,$11.99,5.0
pimprod2049297,https://www.ulta.com/p/super-moisture-conditioner-pimprod2049297,California Naturals,Super Moisture Conditioner,Conditioner,$11.99,4.5
pimprod2056360,https://www.ulta.com/p/body-scrub-tub-pimprod2056360,California Naturals,Body Scrub Tub,Body Scrubs & Exfoliants,$29.99,5.0
pimprod2049294,https://www.ulta.com/p/glow-oil-body-wash-pimprod2049294,California Naturals,Glow Oil Body Wash,Shower Gel & Body Wash,$11.99,4.7
pimprod2056363,https://www.ulta.com/p/sensitive-scalp-shampoo-pimprod2056363,California Naturals,Sensitive Scalp Shampoo,Shampoo,$11.99,5.0
pimprod2056361,https://www.ulta.com/p/sensitive-scalp-conditioner-pimprod2056361,California Naturals,Sensitive Scalp Conditioner,Conditioner,$11.99,
pimprod2049305,https://www.ulta.com/p/mens-regro-anti-thinning-shampoo-pimprod2049305,California Naturals,Men's Re:GRO Anti-Thinning Shampoo,Shampoo,$11.99,5.0
pimprod2049304,https://www.ulta.com/p/mens-daily-vitamin-hair-styler-pimprod2049304,California Naturals,Men's Daily Vitamin Hair Styler,Styling,$11.99,4.9
pimprod2049307,https://www.ulta.com/p/mens-regro-anti-thinning-conditioner-pimprod2049307,California Naturals,Men's Re:GRO Anti-Thinning Conditioner,Conditioner,$11.99,5.0
pimprod2056927,https://www.ulta.com/p/hair-body-perfume-mist-pimprod2056927,Calvin Klein,Hair and Body Perfume Mist - Nude Vanilla,Perfume,$38.00,4.7
pimprod2016486,https://www.ulta.com/p/ck-everyone-eau-de-toilette-pimprod2016486,Calvin Klein,CK Everyone Eau de Toilette - 1.6 oz,Cologne,$64.00,4.2
pimprod2008939,https://www.ulta.com/p/eternity-men-eau-de-parfum-pimprod2008939,Calvin Klein,Eternity For Men Eau de Parfum - 6.7 oz,Cologne,$151.00,4.5
pimprod2026300,https://www.ulta.com/p/defy-eau-de-toilette-pimprod2026300,Calvin Klein,Defy Eau de Toilette - 1.0 oz,Cologne,$62.00,4.5
pimprod2023975,https://www.ulta.com/p/almond-jai-twisting-butter-pimprod2023975,Camille Rose,Almond Jai Twisting Butter,Curl Enhancing,$17.49,4.8
pimprod2050488,https://www.ulta.com/p/guava-slip-detangling-leave-in-pimprod2050488,Camille Rose,Guava Slip Detangling Leave-In,Leave-In Conditioner,$14.79,4.6
pimprod2036246,https://www.ulta.com/p/rosemary-water-daily-strengthening-mist-pimprod2036246,Camille Rose,Rosemary Water Daily Strengthening Mist,Hair Thinning & Hair Loss,$9.99,4.3
pimprod2024009,https://www.ulta.com/p/moroccan-pear-conditioning-custard-pimprod2024009,Camille Rose,Moroccan Pear Conditioning Custard,Conditioner,$12.59,4.5
pimprod2023973,https://www.ulta.com/p/honey-hydrate-leave-in-conditioner-pimprod2023973,Camille Rose,Honey Hydrate Leave-In Conditioner,Leave-In Conditioner,$14.79,3.8
pimprod2036245,https://www.ulta.com/p/rosemary-oil-strengthening-hair-drops-pimprod2036245,Camille Rose,Rosemary Oil Strengthening Hair Drops,Curl Enhancing,$12.99,4.4
pimprod2023977,https://www.ulta.com/p/cocoa-nibs-honey-ultimate-growth-serum-pimprod2023977,Camille Rose,Cocoa Nibs & Honey Ultimate Growth Serum,Oils & Serums,$15.99,4.3
pimprod2051054,https://www.ulta.com/p/temp-tamer-heat-protect-mist-pimprod2051054,Camille Rose,Temp Tamer Heat Protect Mist,Heat Protectant,$16.79,4.6
pimprod2023969,https://www.ulta.com/p/aloe-whipped-butter-gel-pimprod2023969,Camille Rose,Aloe Whipped Butter Gel,Smoothing,$15.99,4.8
pimprod2023978,https://www.ulta.com/p/sweet-ginger-cleansing-rinse-pimprod2023978,Camille Rose,Sweet Ginger Cleansing Rinse,Shampoo,$12.59,4.6
pimprod2051051,https://www.ulta.com/p/guava-slip-detangling-shampoo-pimprod2051051,Camille Rose,Guava Slip Detangling Shampoo,Shampoo,$12.59,4.0
pimprod2032089,https://www.ulta.com/p/honeycomb-curl-whip-supercream-pimprod2032089,Camille Rose,Honeycomb Curl Whip Supercream,Curl Enhancing,$14.79,4.4
pimprod2023967,https://www.ulta.com/p/curl-love-moisture-milk-pimprod2023967,Camille Rose,Curl Love Moisture Milk,Curl Enhancing,$15.79,4.4
pimprod2023987,https://www.ulta.com/p/curl-maker-defining-gel-pimprod2023987,Camille Rose,Curl Maker Defining Gel,Curl Enhancing,$22.59,4.5
pimprod2024011,https://www.ulta.com/p/algae-renew-deep-conditioning-mask-pimprod2024011,Camille Rose,Algae Renew Deep Conditioning Mask,Masks,$20.59,4.5
pimprod2023979,https://www.ulta.com/p/rejuva-drops-grow-back-serum-pimprod2023979,Camille Rose,Rejuva-Drops Grow Back Serum,Oils & Serums,$14.79,4.0
pimprod2051052,https://www.ulta.com/p/guava-slip-whipped-souffle-styler-pimprod2051052,Camille Rose,Guava Slip Whipped Souffle Styler,Wax & Pomade,$16.79,4.5
pimprod2032087,https://www.ulta.com/p/spiked-honey-mousse-4-in-1-styler-pimprod2032087,Camille Rose,Spiked Honey Mousse 4-in-1 Styler,Gloss & Shine,$12.59,4.2
pimprod2051053,https://www.ulta.com/p/guava-slip-detangling-conditioner-pimprod2051053,Camille Rose,Guava Slip Detangling Conditioner,Conditioner,$12.59,3.5
pimprod2051693,https://www.ulta.com/p/calm-down-essential-oil-pimprod2051693,Candier,Calm Down Essential Oil,Spa Essentials,$10.49,
pimprod2054435,https://www.ulta.com/p/velvet-peach-scented-wax-melts-pimprod2054435,Candier,Velvet Peach Scented Wax Melts,Candles & Home Fragrance,$15.40,
pimprod2054431,https://www.ulta.com/p/but-daddy-i-love-him-candle-pimprod2054431,Candier,"But Daddy, I love Him Candle",Candles & Home Fragrance,$23.80,
pimprod2054432,https://www.ulta.com/p/not-just-a-girlie-girl-candle-pimprod2054432,Candier,Not Just a Girlie Girl Candle,Candles & Home Fragrance,$23.80,
pimprod2047720,https://www.ulta.com/p/shine-bright-beautiful-candle-pimprod2047720,Candier,Shine Bright Beautiful Candle,Candles & Home Fragrance,$25.20,3.0
pimprod2051694,https://www.ulta.com/p/stop-stressing-essential-oil-pimprod2051694,Candier,Stop Stressing Essential Oil,Spa Essentials,$10.49,
pimprod2047727,https://www.ulta.com/p/cheers-your-special-day-candle-pimprod2047727,Candier,Cheers To Your Special Day Candle,Candles & Home Fragrance,$17.64,
pimprod2047725,https://www.ulta.com/p/sprinkle-good-vibes-candle-pimprod2047725,Candier,Sprinkle Good Vibes Candle,Candles & Home Fragrance,$17.64,
pimprod2047728,https://www.ulta.com/p/love-laughter-happy-ever-after-candle-pimprod2047728,Candier,Love Laughter Happy Ever After Candle,Candles & Home Fragrance,$25.20,1.0
pimprod2047724,https://www.ulta.com/p/sweet-like-candy-candle-pimprod2047724,Candier,Sweet Like Candy Candle,Candles & Home Fragrance,$17.64,2.3
pimprod2034846,https://www.ulta.com/p/congrats-on-that-thing-you-did-candle-pimprod2034846,Candier,Congrats On That Thing You Did Candle,Candles & Home Fragrance,$21.70,3.6
pimprod2047726,https://www.ulta.com/p/lets-go-girls-candle-pimprod2047726,Candier,Let's Go Girls Candle,Candles & Home Fragrance,$25.20,
pimprod2034834,https://www.ulta.com/p/go-shawty-its-yo-birthday-candle-pimprod2034834,Candier,Go Shawty It's Yo' Birthday Candle,Candles & Home Fragrance,$21.70,3.8
pimprod2054426,https://www.ulta.com/p/birthday-girlie-candle-pimprod2054426,Candier,Birthday Girlie Candle,Candles & Home Fragrance,$23.80,
pimprod2054438,https://www.ulta.com/p/best-sellers-candle-gift-set-pimprod2054438,Candier,Best Sellers Candle Gift Set,Candles & Home Fragrance,$48.99,
pimprod2054428,https://www.ulta.com/p/espresso-obsesso-candle-pimprod2054428,Candier,Espresso Obsesso Candle,Candles & Home Fragrance,$23.80,2.0
pimprod2054430,https://www.ulta.com/p/love-ya-mean-it-candle-pimprod2054430,Candier,"Love Ya, Mean It Candle",Candles & Home Fragrance,$23.80,
pimprod2054439,https://www.ulta.com/p/sweet-sips-candle-gift-set-pimprod2054439,Candier,Sweet Sips Candle Gift Set,Candles & Home Fragrance,$48.99,
pimprod2047731,https://www.ulta.com/p/thanks-a-bunch-candle-pimprod2047731,Candier,Thanks A Bunch Candle,Candles & Home Fragrance,$17.64,
pimprod2051692,https://www.ulta.com/p/sleep-essential-oil-pimprod2051692,Candier,Sleep Essential Oil,Spa Essentials,$10.49,
pimprod2054434,https://www.ulta.com/p/vanilla-frosting-scented-wax-melts-pimprod2054434,Candier,Vanilla Frosting Scented Wax Melts,Candles & Home Fragrance,$15.40,
pimprod2054437,https://www.ulta.com/p/cowboys-cocktails-candle-pimprod2054437,Candier,Cowboys & Cocktails Candle,Candles & Home Fragrance,$23.80,5.0
pimprod2047722,https://www.ulta.com/p/cant-talk-busy-manifesting-candle-pimprod2047722,Candier,Can't Talk Busy Manifesting Candle,Candles & Home Fragrance,$25.20,1.0
pimprod2054436,https://www.ulta.com/p/giddy-up-gorgeous-candle-pimprod2054436,Candier,Giddy Up Gorgeous Candle,Candles & Home Fragrance,$23.80,
pimprod2054429,https://www.ulta.com/p/sprinkle-on-good-vibes-candle-pimprod2054429,Candier,Sprinkle On Good Vibes Candle,Candles & Home Fragrance,$23.80,
pimprod2047721,https://www.ulta.com/p/donut-worry-be-happy-candle-pimprod2047721,Candier,Donut Worry Be Happy Candle,Candles & Home Fragrance,$25.20,1.0
pimprod2047719,https://www.ulta.com/p/love-you-more-than-ice-cream-pimprod2047719,Candier,Love You More Than Ice Cream,Candles & Home Fragrance,$25.20,5.0
pimprod2054433,https://www.ulta.com/p/cookies-n-cream-scented-wax-melts-pimprod2054433,Candier,Cookies n Cream Scented Wax Melts,Candles & Home Fragrance,$15.40,
pimprod2034847,https://www.ulta.com/p/serious-case-of-munchies-candle-pimprod2034847,Candier,Serious Case Of The Munchies Candle,Candles & Home Fragrance,$15.19,2.4
pimprod2034851,https://www.ulta.com/p/who-run-world-moms-candle-pimprod2034851,Candier,Who Run The World? Moms Candle,Candles & Home Fragrance,$16.66,5.0
pimprod2034838,https://www.ulta.com/p/girl-make-waves-turn-tide-candle-pimprod2034838,Candier,"Girl, Make Waves And Turn The Tide Candle",Candles & Home Fragrance,$20.30,
pimprod2021108,https://www.ulta.com/p/floral-metallic-phone-cord-ponies-pimprod2021108,Capelli New York,Floral Metallic Phone Cord Ponies,Elastics,$9.00,2.6
pimprod2043206,https://www.ulta.com/p/superfood-facial-cleansing-bar-pimprod2043206,Carbon Theory.,Superfood Facial Cleansing Bar,Face Wash,$9.99,4.6
pimprod2019968,https://www.ulta.com/p/goddess-strength-7-oil-blend-hair-scalp-oil-pimprod2019968,Carol's Daughter,Goddess Strength 7 Oil Blend Hair & Scalp Oil,Scalp Care,$12.99,4.6
pimprod2019971,https://www.ulta.com/p/goddess-strength-fortifying-conditioner-pimprod2019971,Carol's Daughter,Goddess Strength Fortifying Conditioner,Conditioner,$12.99,4.6
pimprod2019974,https://www.ulta.com/p/goddess-strength-divine-strength-leave-in-cream-pimprod2019974,Carol's Daughter,Goddess Strength Divine Strength Leave-In Cream,Leave-In Conditioner,$12.99,4.6
pimprod2019970,https://www.ulta.com/p/goddess-strength-fortifying-shampoo-pimprod2019970,Carol's Daughter,Goddess Strength Fortifying Shampoo,Shampoo,$12.99,4.6
pimprod2038831,https://www.ulta.com/p/born-repair-60-second-moisture-treatment-with-shea-butter-pimprod2038831,Carol's Daughter,Born To Repair 60-Second Moisture Treatment With Shea Butter,Gloss & Shine,$13.99,4.5
pimprod2038829,https://www.ulta.com/p/born-repair-sulfate-free-nourishing-shampoo-pimprod2038829,Carol's Daughter,Born To Repair Sulfate-Free Nourishing Shampoo,Shampoo,$13.99,4.6
pimprod2038832,https://www.ulta.com/p/born-repair-defining-leave-in-cream-with-shea-butter-pimprod2038832,Carol's Daughter,Born To Repair Defining Leave-In Cream With Shea Butter,Leave-In Conditioner,$13.99,4.5
pimprod2038412,https://www.ulta.com/p/goddess-strength-true-stretch-defining-cream-with-castor-oil-pimprod2038412,Carol's Daughter,Goddess Strength True Stretch Defining Cream With Castor Oil,Leave-In Treatment,$13.99,4.7
pimprod2038830,https://www.ulta.com/p/born-repair-nourishing-conditioner-with-shea-butter-pimprod2038830,Carol's Daughter,Born To Repair Nourishing Conditioner With Shea Butter,Conditioner,$13.99,4.6
pimprod2055987,https://www.ulta.com/p/good-girl-blush-valentines-edition-eau-de-parfum-pimprod2055987,Carolina Herrera,Good Girl Blush Valentine's Edition Eau de Parfum,Perfume,$184.00,4.7
pimprod2037334,https://www.ulta.com/p/good-girl-blush-eau-de-parfum-pimprod2037334,Carolina Herrera,Good Girl Blush Eau de Parfum - 2.7 oz,Perfume,$184.00,4.5
pimprod2031339,https://www.ulta.com/p/bad-boy-cobalt-eau-de-parfum-pimprod2031339,Carolina Herrera,Bad Boy Cobalt Eau de Parfum - 1.7 oz,Cologne,$125.00,4.6
pimprod2025902,https://www.ulta.com/p/very-good-girl-eau-de-parfum-pimprod2025902,Carolina Herrera,Very Good Girl Eau de Parfum - 2.7 oz,Perfume,$184.00,4.4
pimprod2044153,https://www.ulta.com/p/good-girl-blush-elixir-pimprod2044153,Carolina Herrera,Good Girl Blush Elixir - 2.7 oz,Perfume,$192.00,4.3
pimprod2032391,https://www.ulta.com/p/very-good-girl-glam-eau-de-parfum-pimprod2032391,Carolina Herrera,Very Good Girl Glam Eau de Parfum - 2.7 oz,Perfume,$184.00,4.4
pimprod2050460,https://www.ulta.com/p/very-good-girl-elixir-eau-de-parfum-pimprod2050460,Carolina Herrera,Very Good Girl Elixir Eau de Parfum - 2.7 oz,Perfume,$192.00,4.7
pimprod2016058,https://www.ulta.com/p/bad-boy-eau-de-toilette-pimprod2016058,Carolina Herrera,Bad Boy Eau de Toilette - 3.4 oz,Cologne,$125.00,4.6
pimprod2044142,https://www.ulta.com/p/bad-boy-cobalt-elixir-pimprod2044142,Carolina Herrera,Bad Boy Cobalt Elixir - 3.4 oz,Cologne,$182.00,4.3
pimprod2053906,https://www.ulta.com/p/good-girl-blush-bowtastic-collectors-edition-eau-de-parfum-pimprod2053906,Carolina Herrera,Good Girl Blush Bowtastic Collector's Edition Eau de Parfum,Perfume,$180.00,4.5
pimprod2057637,https://www.ulta.com/p/good-girl-jasmine-absolute-eau-de-parfum-pimprod2057637,Carolina Herrera,Good Girl Jasmine Absolute Eau de Parfum - 2.7 oz,Perfume,$184.00,4.8
pimprod2055319,https://www.ulta.com/p/best-selling-good-girl-collection-mini-4-piece-gift-set-pimprod2055319,Carolina Herrera,Best-selling Good Girl Collection Mini 4 Piece Gift Set,Women's Fragrance,$68.00,4.6
pimprod2055317,https://www.ulta.com/p/good-girl-blush-eau-de-parfum-2-piece-gift-set-pimprod2055317,Carolina Herrera,Good Girl Blush Eau de Parfum 2 Piece Gift Set,Fragrance Gifts,$107.00,4.5
pimprod2055312,https://www.ulta.com/p/best-selling-good-girl-very-good-girl-glam-mini-duo-pimprod2055312,Carolina Herrera,Best-selling Good Girl and Very Good Girl Glam Mini Duo,Fragrance Gifts,$40.00,3.9
pimprod2050459,https://www.ulta.com/p/bad-boy-elixir-eau-de-parfum-pimprod2050459,Carolina Herrera,Bad Boy Elixir Eau de Parfum - 3.4 oz,Cologne,$182.00,4.4
pimprod2051350,https://www.ulta.com/p/best-sellers-good-girl-perfume-6-piece-discovery-set-pimprod2051350,Carolina Herrera,Best Sellers Good Girl Perfume 6-Piece Discovery Set,Fragrance Gifts,$24.00,3.3
pimprod2044154,https://www.ulta.com/p/good-girl-blush-perfumed-body-mist-pimprod2044154,Carolina Herrera,Good Girl Blush Perfumed Body Mist,Body Mist & Hair Mist,$46.00,4.5
pimprod2051349,https://www.ulta.com/p/mini-good-girl-eau-de-parfum-2-piece-travel-gift-set-pimprod2051349,Carolina Herrera,Mini Good Girl Eau de Parfum 2 Piece Travel Gift Set,Fragrance Gifts,$39.00,4.7
pimprod2043513,https://www.ulta.com/p/good-girl-blush-eau-de-parfum-hair-mist-pimprod2043513,Carolina Herrera,Good Girl Blush Eau de Parfum Hair Mist,Body Mist & Hair Mist,$49.00,4.3
pimprod2050487,https://www.ulta.com/p/very-good-girl-elixir-perfume-oil-drops-pimprod2050487,Carolina Herrera,Very Good Girl Elixir Perfume Oil Drops,Perfume,$70.00,3.9
pimprod2021453,https://www.ulta.com/p/good-girl-hair-mist-pimprod2021453,Carolina Herrera,Good Girl Hair Mist,Body Mist & Hair Mist,$45.00,4.6
pimprod2057539,https://www.ulta.com/p/bad-boy-cobalt-absolute-eau-de-parfum-pimprod2057539,Carolina Herrera,Bad Boy Cobalt Absolute Eau de Parfum - 3.4 oz,Cologne,$168.00,
pimprod2032511,https://www.ulta.com/p/good-girl-body-lotion-pimprod2032511,Carolina Herrera,Good Girl Body Lotion,Body Lotions,$45.00,4.7
pimprod2031413,https://www.ulta.com/p/very-good-girl-hair-mist-pimprod2031413,Carolina Herrera,Very Good Girl Hair Mist,Body Mist & Hair Mist,$49.00,4.3
pimprod2032512,https://www.ulta.com/p/good-girl-body-mist-pimprod2032512,Carolina Herrera,Good Girl Body Mist,Body Mist & Hair Mist,$43.00,4.7
pimprod2051066,https://www.ulta.com/p/restoring-hair-edge-drops-pimprod2051066,CÉCRED,Restoring Hair & Edge Drops,Hair Thinning & Hair Loss,$56.00,4.6
pimprod2051064,https://www.ulta.com/p/nourishing-hair-oil-pimprod2051064,CÉCRED,Nourishing Hair Oil - 1.7 oz,Travel Size Hair Care,$45.00,4.7
pimprod2051068,https://www.ulta.com/p/clarifying-shampoo-scalp-scrub-pimprod2051068,CÉCRED,Clarifying Shampoo & Scalp Scrub - 8.0 oz,Travel Size Hair Care,$39.00,4.8
pimprod2051072,https://www.ulta.com/p/hydrating-shampoo-pimprod2051072,CÉCRED,Hydrating Shampoo - 8.0 oz,Travel Size Hair Care,$32.00,4.6
pimprod2051075,https://www.ulta.com/p/hydrating-conditioner-pimprod2051075,CÉCRED,Hydrating Conditioner - 8.0 oz,Travel Size Hair Care,$32.00,4.3
pimprod2051079,https://www.ulta.com/p/moisturizing-deep-conditioner-pimprod2051079,CÉCRED,Moisturizing Deep Conditioner - 10.0 oz,Travel Size Hair Care,$40.00,4.7
pimprod2051067,https://www.ulta.com/p/moisture-sealing-lotion-pimprod2051067,CÉCRED,Moisture Sealing Lotion - 8.0 oz,Travel Size Hair Care,$39.00,4.7
pimprod2051078,https://www.ulta.com/p/reconstructing-treatment-mask-pimprod2051078,CÉCRED,Reconstructing Treatment Mask - 10.0 oz,Travel Size Hair Care,$44.00,4.8
pimprod2054146,https://www.ulta.com/p/detangling-spray-pimprod2054146,CÉCRED,Detangling Spray,Smoothing,$28.00,4.4
pimprod2054143,https://www.ulta.com/p/scalp-refreshing-spray-pimprod2054143,CÉCRED,Scalp Refreshing Spray,Smoothing,$38.00,4.4
pimprod2054144,https://www.ulta.com/p/hair-scalp-balm-pimprod2054144,CÉCRED,Hair & Scalp Balm,Scalp Care,$36.00,4.4
pimprod2054145,https://www.ulta.com/p/detoxifying-shampoo-pimprod2054145,CÉCRED,Detoxifying Shampoo,Shampoo,$39.00,4.5
pimprod2051084,https://www.ulta.com/p/hydration-hero-kit-pimprod2051084,CÉCRED,Hydration Hero Kit,Travel Size Hair Care,$40.00,4.1
pimprod2051085,https://www.ulta.com/p/hair-revival-kit-pimprod2051085,CÉCRED,Hair Revival Kit,Travel Size Hair Care,$42.00,3.6
pimprod2051070,https://www.ulta.com/p/fermented-rice-rose-protein-ritual-pimprod2051070,CÉCRED,Fermented Rice & Rose Protein Ritual,Masks,$53.00,4.8
pimprod2054157,https://www.ulta.com/p/oil-ritual-pimprod2054157,CÉCRED,Oil Ritual,Oils & Serums,$48.00,4.2
pimprod2051060,https://www.ulta.com/p/ritual-shaking-vessel-pimprod2051060,CÉCRED,Ritual Shaking Vessel,Hair Gifts,$21.00,4.7
pimprod2051057,https://www.ulta.com/p/wide-tooth-comb-pimprod2051057,CÉCRED,Wide Tooth Comb,Hair Brushes & Combs,$25.00,5.0
pimprod2051058,https://www.ulta.com/p/parting-tail-comb-pimprod2051058,CÉCRED,Parting Tail Comb,Hair Brushes & Combs,$19.00,4.6
pimprod2051056,https://www.ulta.com/p/rake-comb-pimprod2051056,CÉCRED,Rake Comb,Hair Brushes & Combs,$25.00,4.5
pimprod2051059,https://www.ulta.com/p/vented-paddle-brush-pimprod2051059,CÉCRED,Vented Paddle Brush,Hair Brushes & Combs,$41.00,4.4
pimprod2056283,https://www.ulta.com/p/vita-a-retinal-01-shot-booster-treatment-pimprod2056283,celimax,The Vita-A Retinal 0.1% Shot Booster Treatment,Face Moisturizer,$24.00,5.0
pimprod2056284,https://www.ulta.com/p/poredark-spot-brightening-cream-pimprod2056284,celimax,Pore+Dark Spot Brightening Cream,Face Moisturizer,$21.00,5.0
pimprod2056289,https://www.ulta.com/p/vita-a-retinol-wrinkle-smoothing-pore-tightening-serum-pimprod2056289,celimax,The Vita-A Retinol Wrinkle Smoothing & Pore Tightening Serum,Face Serums,$27.00,5.0
pimprod2056288,https://www.ulta.com/p/real-noni-energy-ampoule-hydrating-glow-serum-pimprod2056288,celimax,The Real Noni Energy Ampoule Hydrating Glow Serum - 1.0 oz,Face Serums,$26.00,4.9
pimprod2056286,https://www.ulta.com/p/poredark-spot-brightening-serum-pimprod2056286,celimax,Pore+Dark Spot Brightening Serum,Face Serums,$24.00,
pimprod2056287,https://www.ulta.com/p/real-noni-bubble-foam-face-cleanser-pimprod2056287,celimax,The Real Noni Bubble Foam Face Cleanser,Face Wash,$22.00,
pimprod2056312,https://www.ulta.com/p/derma-nature-fresh-blackhead-jojoba-cleansing-oil-pimprod2056312,celimax,Derma Nature Fresh Blackhead Jojoba Cleansing Oil,Cleansing Balms & Oils,$19.00,5.0
pimprod2056305,https://www.ulta.com/p/real-noni-energy-ampoule-hydrating-soothing-face-mist-pimprod2056305,celimax,Real Noni Energy Ampoule Hydrating & Soothing Face Mist,Face Mists & Essences,$20.00,
pimprod2056290,https://www.ulta.com/p/jiwoogae-heartleaf-bha-peeling-exfoliating-pads-pimprod2056290,celimax,Jiwoogae Heartleaf BHA Peeling & Exfoliating Pads,Cleansing Exfoliators,$21.00,
pimprod2056298,https://www.ulta.com/p/dual-barrier-creamy-milky-toner-pimprod2056298,celimax,Dual Barrier Creamy Milky Toner,Face Serums,$24.00,5.0
pimprod2056310,https://www.ulta.com/p/poredark-spot-brightening-pad-pimprod2056310,celimax,Pore+Dark Spot Brightening Pad,Toner,$22.00,
pimprod2056299,https://www.ulta.com/p/dual-barrier-toner-serum-trial-kit-pimprod2056299,celimax,Dual Barrier Toner & Serum Trial Kit,Skin Gifts,$13.00,
pimprod2056295,https://www.ulta.com/p/dual-barrier-skin-wearable-cream-pimprod2056295,celimax,Dual Barrier Skin Wearable Cream,Face Moisturizer,$29.00,5.0
pimprod2056303,https://www.ulta.com/p/jiwoogae-cica-bha-blemish-toner-pad-pimprod2056303,celimax,Jiwoogae Cica BHA Blemish Toner Pad,Toner,$24.00,
pimprod2056301,https://www.ulta.com/p/jiwoogae-one-step-mild-cleansing-pad-pimprod2056301,celimax,Jiwoogae One Step Mild Cleansing Pad,Face Wash,$24.00,
pimprod2056304,https://www.ulta.com/p/jiwoogae-one-step-body-brightening-exfoliating-pad-pimprod2056304,celimax,Jiwoogae One Step Body Brightening & Exfoliating Pad,Cleansing Exfoliators,$18.00,
pimprod2056300,https://www.ulta.com/p/real-cica-soothing-cream-pimprod2056300,celimax,The Real Cica Soothing Cream,Face Moisturizer,$20.00,
pimprod2056292,https://www.ulta.com/p/dual-barrier-mild-gel-cleanser-sensitive-skin-pimprod2056292,celimax,Dual Barrier Mild Gel Cleanser For Sensitive Skin,Face Wash,$22.00,
pimprod2056302,https://www.ulta.com/p/real-cica-niacinamide-ac-calming-serum-pimprod2056302,celimax,The Real Cica Niacinamide AC Calming Serum,Face Serums,$26.00,
pimprod2056297,https://www.ulta.com/p/dual-barrier-skin-boosting-repair-serum-pimprod2056297,celimax,Dual Barrier Skin Boosting Repair Serum,Face Serums,$26.00,
pimprod2056296,https://www.ulta.com/p/dual-barrier-purifying-cleansing-balm-pimprod2056296,celimax,Dual Barrier Purifying Cleansing Balm,Cleansing Balms & Oils,$28.00,
pimprod2056293,https://www.ulta.com/p/real-noni-moisture-balancing-toner-pimprod2056293,celimax,The Real Noni Moisture Balancing Toner,Toner,$25.00,
pimprod2056291,https://www.ulta.com/p/real-noni-lightweight-hydra-firming-lotion-pimprod2056291,celimax,Real Noni Lightweight Hydra Firming Lotion,Face Moisturizer,$28.00,
pimprod2056285,https://www.ulta.com/p/real-noni-energy-intense-hydration-skin-repair-cream-pimprod2056285,celimax,Real Noni Energy Intense Hydration And Skin Repair Cream,Face Moisturizer,$30.00,
pimprod2056294,https://www.ulta.com/p/real-noni-refresh-purifying-clay-mask-pimprod2056294,celimax,The Real Noni Refresh Purifying Clay Mask,Face Masks,$19.00,
pimprod2018254,https://www.ulta.com/p/hydrating-cream-foam-cleanser-pimprod2018254,CeraVe,Hydrating Cream-to-Foam Cleanser - 12.0 oz,Face Wash,$16.99,4.4
pimprod2028609,https://www.ulta.com/p/acne-control-cleanser-pimprod2028609,CeraVe,Acne Control Cleanser - 8.0 oz,Acne & Blemish Treatments,$17.99,4.3
pimprod2006754,https://www.ulta.com/p/skin-renewing-vitamin-c-serum-pimprod2006754,CeraVe,Skin Renewing Vitamin C Serum,Face Serums,$28.99,4.2
pimprod2012179,https://www.ulta.com/p/resurfacing-retinol-serum-pimprod2012179,CeraVe,Resurfacing Retinol Serum,Acne & Blemish Treatments,$21.99,4.4
pimprod2046121,https://www.ulta.com/p/am-facial-moisturizing-lotion-spf-50-pimprod2046121,CeraVe,AM Facial Moisturizing Lotion SPF 50,Face Moisturizer,$19.99,3.4
pimprod2055746,https://www.ulta.com/p/skin-renewing-brightening-lotion-spf-30-pimprod2055746,CeraVe,Skin Renewing Brightening Lotion SPF 30,Sunscreen,$29.99,4.4
pimprod2013299,https://www.ulta.com/p/hydrating-mineral-sunscreen-face-lotion-with-sheer-tint-spf-30-pimprod2013299,CeraVe,Hydrating Mineral Sunscreen Face Lotion with Sheer Tint SPF 30 - Medium,Sunscreen,$16.99,4.1
pimprod2046122,https://www.ulta.com/p/intensive-moisturizing-lotion-pimprod2046122,CeraVe,Intensive Moisturizing Lotion - 8.0 oz,Body Lotion & Creams,$17.99,4.5
pimprod2039907,https://www.ulta.com/p/hydrating-foaming-oil-cleanser-pimprod2039907,CeraVe,Hydrating Foaming Oil Cleanser - 12.0 oz,Face Wash,$16.99,4.5
pimprod2030177,https://www.ulta.com/p/hydrating-makeup-removing-plant-based-wipes-pimprod2030177,CeraVe,Hydrating Makeup Removing Plant-Based Wipes,Makeup Remover,$13.49,4.3
pimprod2030178,https://www.ulta.com/p/hydrating-facial-toner-pimprod2030178,CeraVe,Hydrating Facial Toner,Toner,$11.99,4.6
pimprod2033426,https://www.ulta.com/p/skin-renewing-eye-cream-pimprod2033426,CeraVe,Skin Renewing Eye Cream,Eye Cream,$24.99,4.5
pimprod2052342,https://www.ulta.com/p/intensive-moisturizing-cream-pimprod2052342,CeraVe,Intensive Moisturizing Cream - 12.0 oz,Face Moisturizer,$20.99,4.8
pimprod2002096,https://www.ulta.com/p/hydrating-hyaluronic-acid-serum-pimprod2002096,CeraVe,Hydrating Hyaluronic Acid Serum,Face Serums,$22.99,4.5
pimprod2012167,https://www.ulta.com/p/acne-foaming-cream-cleanser-pimprod2012167,CeraVe,Acne Foaming Cream Cleanser,Acne & Blemish Treatments,$17.99,4.4
pimprod2039910,https://www.ulta.com/p/ultra-light-moisturizing-gel-pimprod2039910,CeraVe,Ultra-Light Moisturizing Gel,Face Moisturizer,$19.99,4.7
pimprod2050047,https://www.ulta.com/p/skin-renewing-vitamin-c-eye-cream-pimprod2050047,CeraVe,Skin Renewing Vitamin C Eye Cream,Eye Cream,$24.99,4.5
pimprod2033425,https://www.ulta.com/p/makeup-removing-cleansing-balm-pimprod2033425,CeraVe,Makeup Removing Cleansing Balm,Cleansing Balms & Oils,$14.99,4.3
pimprod2046123,https://www.ulta.com/p/oil-control-moisturizing-gel-cream-pimprod2046123,CeraVe,Oil Control Moisturizing Gel-Cream - 3.0 oz,Face Moisturizer,$19.99,3.4
pimprod2013144,https://www.ulta.com/p/sa-lotion-rough-bumpy-skin-pimprod2013144,CeraVe,SA Lotion for Rough & Bumpy Skin,Body Lotion & Creams,$19.99,4.5
pimprod2052341,https://www.ulta.com/p/balancing-air-foam-facial-cleanser-pimprod2052341,CeraVe,Balancing Air Foam Facial Cleanser,Face Wash,$18.99,4.6
pimprod2013146,https://www.ulta.com/p/healing-ointment-skin-protectant-pimprod2013146,CeraVe,Healing Ointment Skin Protectant - 3.0 oz,Body Lotion & Creams,$9.99,4.5
pimprod2053202,https://www.ulta.com/p/anti-dandruff-hydrating-shampoo-pimprod2053202,CeraVe,Anti-Dandruff Hydrating Shampoo - 12.0 oz,Scalp Care,$11.99,4.3
pimprod2028608,https://www.ulta.com/p/acne-control-gel-blemish-treatment-pimprod2028608,CeraVe,Acne Control Gel Blemish Treatment,Acne & Blemish Treatments,$20.99,4.3
pimprod2052344,https://www.ulta.com/p/blemish-barrier-patches-pimprod2052344,CeraVe,Blemish Barrier Patches,Acne & Blemish Treatments,$9.99,4.7
pimprod2053200,https://www.ulta.com/p/gentle-hydrating-shampoo-pimprod2053200,CeraVe,Gentle Hydrating Shampoo - 12.0 oz,Scalp Care,$10.99,4.2
pimprod2053204,https://www.ulta.com/p/2-in-1-anti-dandruff-hydrating-shampoo-conditioner-pimprod2053204,CeraVe,2-in-1 Anti-Dandruff Hydrating Shampoo and Conditioner - 12.0 oz,Scalp Care,$11.99,3.8
pimprod2053201,https://www.ulta.com/p/gentle-hydrating-conditioner-pimprod2053201,CeraVe,Gentle Hydrating Conditioner - 9.0 oz,Scalp Care,$10.99,5.0
pimprod2052343,https://www.ulta.com/p/acne-clay-foam-facial-cleanser-pimprod2052343,CeraVe,Acne Clay-to-Foam Facial Cleanser,Face Wash,$17.99,4.5
pimprod2053203,https://www.ulta.com/p/anti-dandruff-hydrating-conditioner-pimprod2053203,CeraVe,Anti-Dandruff Hydrating Conditioner,Scalp Care,$11.99,3.8
pimprod2036753,https://www.ulta.com/p/hydrating-sheer-sunscreen-spf-30-face-body-lotion-pimprod2036753,CeraVe,Hydrating Sheer Sunscreen SPF 30 Face & Body Lotion - 5.0 oz,Sunscreen,$20.99,4.5
pimprod2056782,https://www.ulta.com/p/oil-control-balancing-shampoo-pimprod2056782,CeraVe,Oil Control Balancing Shampoo,Shampoo,$10.99,4.7
pimprod2048030,https://www.ulta.com/p/baby-moisturizing-lotion-pimprod2048030,CeraVe,Baby Moisturizing Lotion - 16.0 oz,Mother & Baby,$14.99,
pimprod2048031,https://www.ulta.com/p/baby-wash-shampoo-pimprod2048031,CeraVe,Baby Wash and Shampoo - 8.0 oz,Mother & Baby,$9.99,
pimprod2048029,https://www.ulta.com/p/baby-moisturizing-cream-pimprod2048029,CeraVe,Baby Moisturizing Cream - 5.0 oz,Mother & Baby,$9.99,5.0
pimprod2056781,https://www.ulta.com/p/oil-control-balancing-conditioner-pimprod2056781,CeraVe,Oil Control Balancing Conditioner,Conditioner,$10.99,4.6
pimprod2054363,https://www.ulta.com/p/baby-eczema-relief-cream-pimprod2054363,CeraVe,Baby Eczema Relief Cream,Body Treatments,$13.99,5.0
pimprod2056745,https://www.ulta.com/p/mineral-sunscreen-stick-spf-50-pimprod2056745,CeraVe,Mineral Sunscreen Stick SPF 50,Sunscreen,$9.99,4.5
pimprod2056945,https://www.ulta.com/p/invisible-mineral-sunscreen-spf-50-face-pimprod2056945,CeraVe,Invisible Mineral Sunscreen SPF 50 Face,Sunscreen,$16.99,
pimprod2003659,https://www.ulta.com/p/hydrating-mineral-sunscreen-spf-50-body-lotion-pimprod2003659,CeraVe,Hydrating Mineral Sunscreen SPF 50 Body Lotion,Sunscreen,$9.99,2.6
pimprod2048027,https://www.ulta.com/p/baby-healing-ointment-pimprod2048027,CeraVe,Baby Healing Ointment,Mother & Baby,$11.99,
pimprod2028662,https://www.ulta.com/p/gentle-skin-cleanser-face-wash-sensitive-skin-pimprod2028662,Cetaphil,"Gentle Skin Cleanser Face Wash, For Sensitive Skin - 8.0 oz",Face Wash,$11.99,4.5
pimprod2028661,https://www.ulta.com/p/daily-facial-cleanser-face-wash-sensitive-skin-pimprod2028661,Cetaphil,"Daily Facial Cleanser, Face Wash for Sensitive Skin - 8.0 oz",Face Wash,$11.99,4.6
pimprod2028656,https://www.ulta.com/p/moisturizing-lotion-hydrating-body-moisturizer-pimprod2028656,Cetaphil,"Moisturizing Lotion, Hydrating Body Moisturizer - 8.0 oz",Body Lotion & Creams,$13.99,4.6
pimprod2036470,https://www.ulta.com/p/gentle-makeup-removing-wipes-fragrance-alcohol-free-pimprod2036470,Cetaphil,"Gentle Makeup Removing Wipes, Fragrance and Alcohol Free",Makeup Remover,$9.99,4.6
pimprod2028657,https://www.ulta.com/p/daily-oil-free-facial-moisturizer-spf-35-pimprod2028657,Cetaphil,Daily Oil Free Facial Moisturizer SPF 35,Sunscreen,$18.99,4.2
pimprod2047603,https://www.ulta.com/p/vitamin-c-serum-with-niacinamide-sunflower-seed-oil-pimprod2047603,Cetaphil,Vitamin C Serum with Niacinamide and Sunflower Seed Oil,Face Serums,$25.99,4.6
pimprod2046866,https://www.ulta.com/p/gentle-exfoliating-sa-cleanser-pimprod2046866,Cetaphil,Gentle Exfoliating SA Cleanser,Cleansing Exfoliators,$12.99,4.7
pimprod2052267,https://www.ulta.com/p/nourishing-oil-foam-cleanser-face-wash-sensitive-skin-pimprod2052267,Cetaphil,Nourishing Oil to Foam Cleanser Face Wash for Sensitive Skin,Face Wash,$12.99,4.7
pimprod2028655,https://www.ulta.com/p/hydrating-moisturizing-cream-body-moisturizer-pimprod2028655,Cetaphil,Hydrating Moisturizing Cream Body Moisturizer - 16.0 oz,Body Lotion & Creams,$18.99,4.7
pimprod2041294,https://www.ulta.com/p/healthy-renew-purified-peptides-night-cream-pimprod2041294,Cetaphil,Healthy Renew Purified Peptides Night Cream,Night Cream,$25.99,4.4
pimprod2028665,https://www.ulta.com/p/deep-hydration-healthy-glow-daily-cream-fragrance-free-pimprod2028665,Cetaphil,Deep Hydration Healthy Glow Daily Cream Fragrance-Free,Face Moisturizer,$25.99,4.3
pimprod2041296,https://www.ulta.com/p/healthy-renew-purified-peptides-eye-gel-serum-pimprod2041296,Cetaphil,Healthy Renew Purified Peptides Eye Gel Serum,Eye Serums,$29.99,4.4
pimprod2041295,https://www.ulta.com/p/healthy-renew-purified-peptides-face-serum-pimprod2041295,Cetaphil,Healthy Renew Purified Peptides Face Serum,Face Serums,$29.99,4.5
pimprod2042641,https://www.ulta.com/p/daily-facial-cleanser-face-wash-fragrance-free-sensitive-skin-pimprod2042641,Cetaphil,Daily Facial Cleanser Face Wash Fragrance Free for Sensitive Skin,Face Wash,$16.99,4.5
pimprod2054156,https://www.ulta.com/p/hydrating-firming-skin-activator-neck-chest-cream-pimprod2054156,Cetaphil,Hydrating & Firming Skin Activator Neck and Chest Cream,Face Moisturizer,$13.49,4.7
pimprod2049214,https://www.ulta.com/p/sheer-mineral-face-liquid-drops-spf-50-pimprod2049214,Cetaphil,Sheer Mineral Face Liquid Drops SPF 50,Sunscreen,$16.49,4.4
pimprod2049216,https://www.ulta.com/p/everyday-sunscreen-tinted-face-lotion-spf-40-pimprod2049216,Cetaphil,Everyday Sunscreen Tinted Face Lotion SPF 40,Sunscreen,$17.49,4.3
pimprod2049215,https://www.ulta.com/p/sheer-mineral-lotion-spf-50-pimprod2049215,Cetaphil,Sheer Mineral Lotion SPF 50,Sunscreen,$16.49,3.3
pimprod2049213,https://www.ulta.com/p/sheer-mineral-sunscreen-stick-spf-50-pimprod2049213,Cetaphil,Sheer Mineral Sunscreen Stick SPF 50,Sunscreen,$9.99,4.4
pimprod2046867,https://www.ulta.com/p/gentle-exfoliating-sa-lotion-pimprod2046867,Cetaphil,Gentle Exfoliating SA Lotion,Face Moisturizer,$13.99,4.7
pimprod2056135,https://www.ulta.com/p/skin-activator-hydrating-firming-cream-pimprod2056135,Cetaphil,Skin Activator Hydrating & Firming Cream,Face Moisturizer,$22.99,4.8
pimprod2056136,https://www.ulta.com/p/eczema-rapid-relief-cream-pimprod2056136,Cetaphil,Eczema Rapid Relief Cream,Face Moisturizer,$19.99,4.7
pimprod2043342,https://www.ulta.com/p/airbrush-flawless-setting-spray-pimprod2043342,Charlotte Tilbury,Airbrush Flawless Setting Spray - 3.3 oz,Travel Size Makeup,$39.00,4.1
pimprod2043374,https://www.ulta.com/p/airbrush-flawless-finish-setting-powder-pimprod2043374,Charlotte Tilbury,Airbrush Flawless Finish Setting Powder - 3 Tan,Setting Spray & Powder,$50.00,4.5
pimprod2057169,https://www.ulta.com/p/airbrush-flawless-blur-concealer-pimprod2057169,Charlotte Tilbury,Airbrush Flawless Blur Concealer - 8 Medium-Tan,Concealer,$36.00,4.7
pimprod2054180,https://www.ulta.com/p/airbrush-flawless-foundation-pimprod2054180,Charlotte Tilbury,Airbrush Flawless Foundation - 6 Cool,Foundation,$52.00,4.5
pimprod2043356,https://www.ulta.com/p/lip-cheat-lip-liner-pimprod2043356,Charlotte Tilbury,Lip Cheat Lip Liner - Pillow Talk,Lip Liner,$28.00,4.7
pimprod2049906,https://www.ulta.com/p/hollywood-flawless-filter-pimprod2049906,Charlotte Tilbury,Hollywood Flawless Filter - 4.5 Medium,Highlighter,$50.00,4.5
pimprod2043355,https://www.ulta.com/p/matte-revolution-lipstick-pimprod2043355,Charlotte Tilbury,Matte Revolution Lipstick - Catwalking,Lipstick,$37.00,4.6
pimprod2043375,https://www.ulta.com/p/magic-cream-moisturizer-with-hyaluronic-acid-pimprod2043375,Charlotte Tilbury,Magic Cream Moisturizer with Hyaluronic Acid - 1.7 oz,Travel Size Skin Care,$105.00,4.6
pimprod2043364,https://www.ulta.com/p/airbrush-matte-bronzer-pimprod2043364,Charlotte Tilbury,Airbrush Matte Bronzer - Medium,Bronzer,$59.00,4.6
pimprod2043345,https://www.ulta.com/p/hollywood-contour-wand-pimprod2043345,Charlotte Tilbury,Hollywood Contour Wand - Medium-Tan,Contouring,$44.00,4.7
pimprod2043365,https://www.ulta.com/p/charlottes-beautiful-skin-foundation-pimprod2043365,Charlotte Tilbury,Charlotte's Beautiful Skin Foundation - 8 Warm,Foundation,$52.00,4.3
pimprod2046259,https://www.ulta.com/p/unreal-skin-sheer-glow-tint-hydrating-foundation-stick-pimprod2046259,Charlotte Tilbury,Unreal Skin Sheer Glow Tint Hydrating Foundation Stick - 1 Fair,Tinted Moisturizer,$48.00,4.3
pimprod2057257,https://www.ulta.com/p/airbrush-flawless-setting-spray-duo-pimprod2057257,Charlotte Tilbury,Airbrush Flawless Setting Spray Duo,Setting Spray & Powder,$42.00,4.5
pimprod2055636,https://www.ulta.com/p/airbrush-flawless-matte-setting-spray-pimprod2055636,Charlotte Tilbury,Airbrush Flawless Matte Setting Spray - 3.38 oz,Travel Size Makeup,$39.00,4.8
pimprod2043358,https://www.ulta.com/p/kissing-lipstick-pimprod2043358,Charlotte Tilbury,K.I.S.S.I.N.G Lipstick - Coral Kiss,Lipstick,$37.00,4.5
pimprod2043377,https://www.ulta.com/p/beauty-highlighter-wand-pimprod2043377,Charlotte Tilbury,Beauty Highlighter Wand - Peachgasm,Highlighter,$44.00,4.6
pimprod2047102,https://www.ulta.com/p/exagger-eyes-volume-mascara-pimprod2047102,Charlotte Tilbury,Exagger-eyes Volume Mascara - 0.33 oz,Travel Size Makeup,$29.00,4.4
pimprod2043347,https://www.ulta.com/p/mini-glossy-pink-lip-gloss-lip-liner-set-pimprod2043347,Charlotte Tilbury,Mini Glossy Pink Lip Gloss + Lip Liner Set - Fresh Pink,Travel Size Makeup,$26.00,4.2
pimprod2043379,https://www.ulta.com/p/beautiful-skin-medium-full-coverage-radiant-concealer-pimprod2043379,Charlotte Tilbury,Beautiful Skin Medium to Full Coverage Radiant Concealer - 8.5 Medium,Concealer,$36.00,4.5
pimprod2053118,https://www.ulta.com/p/unreal-lips-healthy-glow-nectar-oil-pimprod2053118,Charlotte Tilbury,Unreal Lips Healthy Glow Nectar Oil - Juicylicious Candy Fig,Lip Oil,$26.00,4.7
pimprod2043371,https://www.ulta.com/p/collagen-lip-bath-gloss-pimprod2043371,Charlotte Tilbury,Collagen Lip Bath Gloss - Pillow Talk,Lip Gloss,$37.00,3.9
pimprod2043839,https://www.ulta.com/p/magic-water-cream-gel-moisturizer-with-niacinamide-pimprod2043839,Charlotte Tilbury,Magic Water Cream Gel Moisturizer with Niacinamide - 1.7 oz,Face Moisturizer,$105.00,4.6
pimprod2043352,https://www.ulta.com/p/luxury-eyeshadow-palette-pimprod2043352,Charlotte Tilbury,Luxury Eyeshadow Palette - The Bella Sofia,Eyeshadow,$58.00,3.9
pimprod2053038,https://www.ulta.com/p/unreal-lip-cheek-glow-blush-stick-pimprod2053038,Charlotte Tilbury,Unreal Lip + Cheek Glow Blush Stick - Cherry Glow,Blush,$44.00,4.8
pimprod2043376,https://www.ulta.com/p/charlottes-magic-serum-with-vitamin-c-pimprod2043376,Charlotte Tilbury,Charlotte's Magic Serum with Vitamin C - 1.0 oz,Face Serums,$85.00,4.6
pimprod2043369,https://www.ulta.com/p/matte-beauty-blush-wand-pimprod2043369,Charlotte Tilbury,Matte Beauty Blush Wand - Pillow Talk Dream Pop,Blush,$44.00,4.5
pimprod2044624,https://www.ulta.com/p/big-lip-plumpgasm-plumping-lip-gloss-pimprod2044624,Charlotte Tilbury,Big Lip Plumpgasm Plumping Lip Gloss - Pillow Talk Fair/Medium,Lip Gloss,$37.00,4.5
pimprod2051695,https://www.ulta.com/p/rock-n-kohl-long-lasting-eye-pencil-pimprod2051695,Charlotte Tilbury,Rock 'N' Kohl Long-Lasting Eye Pencil - Barbarella Brown,Eyeliner,$32.00,2.9
pimprod2043318,https://www.ulta.com/p/invisible-uv-flawless-primer-spf-50-pimprod2043318,Charlotte Tilbury,Invisible UV Flawless Primer SPF 50 - 1.0 oz,Face Primer,$55.00,4.5
pimprod2043368,https://www.ulta.com/p/eyes-mesmerize-cream-eyeshadow-pimprod2043368,Charlotte Tilbury,Eyes To Mesmerize Cream Eyeshadow - Chocolate Bronze,Eyeshadow,$36.00,4.6
pimprod2053364,https://www.ulta.com/p/lip-cheat-contour-duo-lip-liner-pimprod2053364,Charlotte Tilbury,Lip Cheat Contour Duo Lip Liner - Fair,Lip Liner,$28.00,4.3
pimprod2043361,https://www.ulta.com/p/hot-lips-lipstick-2-pimprod2043361,Charlotte Tilbury,Hot Lips Lipstick 2 - Amazing Amal,Lipstick,$39.00,4.5
pimprod2043348,https://www.ulta.com/p/mini-hollywood-blush-glow-palette-pimprod2043348,Charlotte Tilbury,Mini Hollywood Blush & Glow Palette - Fair/Medium,Blush,$29.00,3.8
pimprod2043359,https://www.ulta.com/p/hyaluronic-happikiss-lipstick-balm-pimprod2043359,Charlotte Tilbury,Hyaluronic Happikiss Lipstick Balm - Pillow Talk,Lipstick,$37.00,3.8
pimprod2043363,https://www.ulta.com/p/brow-cheat-hair-like-eyebrow-pencil-pimprod2043363,Charlotte Tilbury,Brow Cheat Hair-Like Eyebrow Pencil - Medium Brown,Eyebrows,$28.00,2.9
pimprod2043360,https://www.ulta.com/p/hot-lips-lipstick-pimprod2043360,Charlotte Tilbury,Hot Lips Lipstick - Hot Emily,Lipstick,$37.00,4.3
pimprod2043343,https://www.ulta.com/p/charlottes-magic-eye-cream-with-retinol-pimprod2043343,Charlotte Tilbury,Charlotte's Magic Eye Cream with Retinol - 0.05 oz,Eye Cream,$65.00,3.5
pimprod2043310,https://www.ulta.com/p/collagen-superfusion-firming-plumping-facial-oil-pimprod2043310,Charlotte Tilbury,Collagen Superfusion Firming & Plumping Facial Oil - 1.0 oz,Face Oils,$85.00,3.3
pimprod2043312,https://www.ulta.com/p/daily-glow-toner-with-niacinamide-pimprod2043312,Charlotte Tilbury,Daily Glow Toner with Niacinamide - 5.0 oz,Toner,$55.00,4.4
pimprod2043322,https://www.ulta.com/p/mini-filmstar-bronze-glow-pimprod2043322,Charlotte Tilbury,Mini Filmstar Bronze & Glow - Light to Medium,Travel Size Makeup,$29.00,4.8
pimprod2043354,https://www.ulta.com/p/lip-lustre-lip-gloss-pimprod2043354,Charlotte Tilbury,Lip Lustre Lip Gloss - Pillow Talk,Lip Gloss,$28.00,3.4
pimprod2043346,https://www.ulta.com/p/magic-night-moisturizer-with-retinol-pimprod2043346,Charlotte Tilbury,Magic Night Moisturizer with Retinol - 1.6 oz,Night Cream,$145.00,3.2
pimprod2043305,https://www.ulta.com/p/bigger-brighter-eyes-pimprod2043305,Charlotte Tilbury,Bigger Brighter Eyes - Exagger-Eyes,$100 and Under,$58.00,4.1
pimprod2043362,https://www.ulta.com/p/glow-glide-face-architect-highlighter-pimprod2043362,Charlotte Tilbury,Glow Glide Face Architect Highlighter - Champagne Glow,Highlighter,$50.00,4.5
pimprod2054523,https://www.ulta.com/p/life-changing-lip-mask-with-cushioning-ceramides-pimprod2054523,Charlotte Tilbury,Life Changing Lip Mask with Cushioning Ceramides - Pillow Talk,Lip Balms,$30.00,4.8
pimprod2043357,https://www.ulta.com/p/legendary-brows-tinted-eyebrow-gel-pimprod2043357,Charlotte Tilbury,Legendary Brows Tinted Eyebrow Gel - Dark Brown,Eyebrows,$28.00,4.4
pimprod2043327,https://www.ulta.com/p/pillow-talk-push-up-lashes-volumizing-lengthening-mascara-pimprod2043327,Charlotte Tilbury,Pillow Talk Push Up Lashes Volumizing & Lengthening Mascara - Black,Mascara,$29.00,4.3
pimprod2043344,https://www.ulta.com/p/feline-flick-volume-2-liquid-eyeliner-pimprod2043344,Charlotte Tilbury,Feline Flick Volume 2 Liquid Eyeliner - Super Brown,Eyeliner,$32.00,2.5
pimprod2043380,https://www.ulta.com/p/airbrush-flawless-matte-lip-blur-liquid-lipstick-pimprod2043380,Charlotte Tilbury,Airbrush Flawless Matte Lip Blur Liquid Lipstick - Pillow Talk Blur,Lipstick,$37.00,4.4
pimprod2043349,https://www.ulta.com/p/lip-cheek-glow-pimprod2043349,Charlotte Tilbury,Lip & Cheek Glow - Pillow Talk Colour of Dreams,Blush,$40.00,4.5
pimprod2052560,https://www.ulta.com/p/bunny-line-smoother-eye-cream-pimprod2052560,Chasin' Rabbits,Bunny Line Smoother Eye Cream,Eye Cream,$22.00,4.7
pimprod2052566,https://www.ulta.com/p/green-golden-ruler-cream-pimprod2052566,Chasin' Rabbits,Green Golden Ruler Cream,Face Moisturizer,$28.00,3.9
pimprod2052562,https://www.ulta.com/p/magic-beauty-shroom-essence-pimprod2052562,Chasin' Rabbits,Magic Beauty Shroom Essence,Face Mists & Essences,$25.00,5.0
pimprod2052570,https://www.ulta.com/p/freeze-tag-ice-roller-pimprod2052570,Chasin' Rabbits,Freeze Tag Ice Roller,Face Serums,$28.00,3.4
pimprod2052571,https://www.ulta.com/p/apple-jam-scrub-foam-pimprod2052571,Chasin' Rabbits,Apple Jam Scrub Foam,Cleansing Exfoliators,$18.00,5.0
pimprod2052572,https://www.ulta.com/p/mindful-bubble-cleanse-pimprod2052572,Chasin' Rabbits,Mindful Bubble Cleanse,Face Wash,$20.00,5.0
pimprod2053399,https://www.ulta.com/p/lava-1-12-hairstyling-iron-pimprod2053399,CHI,"Lava 1 1/2"" Hairstyling Iron - 1 1/2""",Flat Irons,$139.99,4.5
pimprod2034817,https://www.ulta.com/p/round-3-in-1-blowout-brush-dryer-pimprod2034817,CHI,Round 3-In-1 Blowout Brush Dryer,Curling Irons & Stylers,$99.99,3.2
pimprod2053398,https://www.ulta.com/p/lava-4d-1-hairstyling-iron-pimprod2053398,CHI,"Lava 4D 1"" Hairstyling Iron",Flat Irons,$169.99,3.7
pimprod2053402,https://www.ulta.com/p/lava-1-pro-spin-curl-pimprod2053402,CHI,"Lava 1"" Pro Spin and Curl",Curling Irons & Stylers,$139.99,4.3
pimprod2019104,https://www.ulta.com/p/volumizer-4-in-1-blowout-brush-pimprod2019104,CHI,Volumizer 4-in-1 Blowout Brush - White,Hot Brushes,$109.99,3.5
pimprod2053092,https://www.ulta.com/p/lava-ministyler-pimprod2053092,CHI,Lava MiniStyler,Flat Irons,$109.99,4.7
pimprod2015762,https://www.ulta.com/p/enviro-54-firm-hold-hairspray-pimprod2015762,CHI,Enviro 54 Firm Hold Hairspray - 10 oz,Heat Protectant,$23.00,4.7
pimprod2053397,https://www.ulta.com/p/keratin-infused-1-ceramic-flat-iron-pimprod2053397,CHI,"Keratin Infused 1"" Ceramic Flat Iron",Flat Irons,$99.99,3.1
pimprod2053095,https://www.ulta.com/p/4-in-1-air-styler-with-keratin-ion-technology-pimprod2053095,CHI,4-in-1 Air Styler with Keratin and Ion technology,Curling Irons & Stylers,$199.99,3.0
pimprod2053327,https://www.ulta.com/p/keratin-infused-1875-series-advanced-ionic-hair-dryer-pimprod2053327,CHI,Keratin Infused 1875 Series Advanced Ionic Hair Dryer,Hair Dryers,$109.99,4.1
pimprod2053400,https://www.ulta.com/p/1-titanium-flat-iron-pimprod2053400,CHI,"1"" Titanium Flat Iron",Flat Irons,$109.99,4.8
pimprod2044930,https://www.ulta.com/p/44-iron-guard-botanical-bliss-thermal-protection-spray-pimprod2044930,CHI,44 Iron Guard Botanical Bliss Thermal Protection Spray,Heat Protectant,$18.50,3.9
pimprod2034816,https://www.ulta.com/p/gorgeous-blowout-kit-pimprod2034816,CHI,Gorgeous Blowout Kit,Hair Gifts,$109.00,3.1
pimprod2024106,https://www.ulta.com/p/better-together-dual-mist-hairspray-pimprod2024106,CHI,Better Together Dual Mist Hairspray,Hairspray,$25.50,4.7
pimprod2024107,https://www.ulta.com/p/vibes-know-it-all-multitasking-hair-protector-pimprod2024107,CHI,Vibes Know It All Multitasking Hair Protector,Heat Protectant,$25.50,4.4
pimprod2038946,https://www.ulta.com/p/vibes-so-smooth-hair-dryer-pimprod2038946,CHI,Vibes So Smooth Hair Dryer,Hair Dryers,$109.99,2.5
pimprod2051620,https://www.ulta.com/p/infra-texture-dual-action-hair-spray-pimprod2051620,CHI,Infra Texture Dual Action Hair Spray - 10 oz,Hairspray,$24.00,4.4
pimprod2034818,https://www.ulta.com/p/pink-titanium-flat-iron-pimprod2034818,CHI,"Pink Titanium Flat Iron - 1""",Flat Irons,$109.99,4.2
pimprod2024105,https://www.ulta.com/p/wake-fake-soothing-dry-shampoo-pimprod2024105,CHI,Wake + Fake Soothing Dry Shampoo,Dry Shampoo,$19.75,3.4
pimprod2044924,https://www.ulta.com/p/vibes-so-beachy-sea-salt-texturizing-hair-mist-pimprod2044924,CHI,Vibes So Beachy Sea Salt Texturizing Hair Mist,Volume & Texture,$25.50,4.5
pimprod2038228,https://www.ulta.com/p/vibes-so-glossy-shine-spray-pimprod2038228,CHI,Vibes So Glossy Shine Spray,Gloss & Shine,$20.00,3.9
pimprod2044927,https://www.ulta.com/p/silk-infusion-botanical-bliss-pimprod2044927,CHI,Silk Infusion Botanical Bliss,Leave-In Treatment,$34.25,4.7
pimprod2051619,https://www.ulta.com/p/hair-perfume-pimprod2051619,CHI,Hair Perfume,Body Mist & Hair Mist,$13.50,3.2
pimprod2027989,https://www.ulta.com/p/titanium-1-hairstyling-iron-pimprod2027989,CHI,Titanium 1'' Hairstyling Iron,Curling Irons & Stylers,$139.99,4.4
pimprod2045318,https://www.ulta.com/p/vibes-get-me-bodied-3-in-1-blowout-brush-pimprod2045318,CHI,"Vibes ""Get Me Bodied"" 3 in 1 Blowout Brush",Hot Brushes,$109.99,4.2
pimprod2038230,https://www.ulta.com/p/vibes-start-finish-balm-oil-primer-finisher-pimprod2038230,CHI,Vibes Start To Finish Balm To Oil Primer & Finisher,Oils & Serums,$22.00,3.6
pimprod2032805,https://www.ulta.com/p/vibes-on-edge-hairstyling-iron-pimprod2032805,CHI,"Vibes On the Edge Hairstyling Iron - 1.5""",Flat Irons,$109.99,3.3
pimprod2038276,https://www.ulta.com/p/vibes-hair-slay-split-end-mending-conditioner-pimprod2038276,CHI,Vibes Hair To Slay Split End Mending Conditioner,Conditioner,$18.00,3.4
pimprod2038227,https://www.ulta.com/p/vibes-hair-slay-daily-moisturizing-shampoo-pimprod2038227,CHI,Vibes Hair to Slay Daily Moisturizing Shampoo,Shampoo,$16.00,3.6
pimprod2024153,https://www.ulta.com/p/vibes-wave-on-multifunctional-waver-pimprod2024153,CHI,Vibes Wave On Multifunctional Waver,Curling Irons & Stylers,$119.99,3.6
pimprod2039735,https://www.ulta.com/p/vibes-better-together-dual-mist-hairspray-pimprod2039735,CHI,Vibes Better Together Dual Mist Hairspray,Hairspray,$12.00,4.7
pimprod2024108,https://www.ulta.com/p/vibes-know-it-all-multitasking-hair-protector-pimprod2024108,CHI,Vibes Know It All Multitasking Hair Protector,Travel Size Hair Care,$11.75,4.4
pimprod2038225,https://www.ulta.com/p/vibes-bodied-volumizing-foam-pimprod2038225,CHI,Vibes Bodied Volumizing Foam,Volume & Texture,$22.00,3.9
pimprod2005415,https://www.ulta.com/p/protect-hold-on-go-styling-kit-pimprod2005415,CHI,Protect And Hold On The Go Styling Kit,Travel Size Hair Care,$35.00,4.5
pimprod2045487,https://www.ulta.com/p/vibes-xl-colossal-curling-wand-pimprod2045487,CHI,Vibes XL Colossal Curling Wand,Curling Irons & Stylers,$99.99,4.8
pimprod2042592,https://www.ulta.com/p/vibes-you-go-curl-125-curling-iron-pimprod2042592,CHI,"Vibes ""You Go, Curl"" 1.25"" Curling Iron",Curling Irons & Stylers,$109.99,4.6
pimprod2051842,https://www.ulta.com/p/mega-pigment-nail-lacquer-creme-cool-tones-pimprod2051842,China Glaze,"Mega Pigment Nail Lacquer, Crème Cool Tones - Boho Blues",Nail Polish,$8.50,4.7
pimprod2051845,https://www.ulta.com/p/mega-pigment-nail-lacquer-holographics-pimprod2051845,China Glaze,"Mega Pigment Nail Lacquer, Holographics - Glisten Up, Babe!",Nail Polish,$8.50,4.7
pimprod2051847,https://www.ulta.com/p/mega-pigment-nail-lacquer-sheers-pimprod2051847,China Glaze,"Mega Pigment Nail Lacquer, Sheers - Sheer Tulle",Nail Polish,$8.50,4.6
pimprod2051846,https://www.ulta.com/p/mega-pigment-nail-lacquer-mattes-pimprod2051846,China Glaze,"Mega Pigment Nail Lacquer, Mattes - Orange Knockout",Nail Polish,$8.50,4.5
pimprod2051860,https://www.ulta.com/p/fast-forward-top-coat-pimprod2051860,China Glaze,Fast Forward Top Coat,Top & Base Coats,$8.50,4.6
pimprod2051843,https://www.ulta.com/p/mega-pigment-nail-lacquer-creme-warm-tones-pimprod2051843,China Glaze,"Mega Pigment Nail Lacquer, Crème Warm Tones - Italian Red",Nail Polish,$8.50,4.5
pimprod2051848,https://www.ulta.com/p/mega-pigment-nail-lacquer-shimmers-pimprod2051848,China Glaze,"Mega Pigment Nail Lacquer, Shimmers - Crushin' On Blue",Nail Polish,$8.50,4.7
pimprod2051844,https://www.ulta.com/p/mega-pigment-nail-lacquer-glitters-pimprod2051844,China Glaze,"Mega Pigment Nail Lacquer, Glitters - Frosty Lime",Nail Polish,$8.50,4.5
pimprod2051861,https://www.ulta.com/p/strong-adhesion-base-coat-pimprod2051861,China Glaze,Strong Adhesion Base Coat,Top & Base Coats,$8.50,4.7
pimprod2041699,https://www.ulta.com/p/leau-de-parfum-lumineuse-pimprod2041699,Chloé,L'Eau de Parfum Lumineuse - 1.6 oz,Perfume,$150.00,4.4
pimprod2046890,https://www.ulta.com/p/leau-de-parfum-intense-pimprod2046890,Chloé,L’Eau de Parfum Intense - 1.6 oz,Perfume,$155.00,4.4
pimprod2054070,https://www.ulta.com/p/le-parfum-pimprod2054070,Chloé,Le Parfum - 3.3 oz,Perfume,$190.00,4.5
pimprod2046897,https://www.ulta.com/p/chloe-eau-de-parfum-2-piece-mini-gift-set-pimprod2046897,Chloé,Chloé Eau de Parfum 2-Piece Mini Gift Set,Fragrance Gifts,$42.00,4.5
pimprod2051272,https://www.ulta.com/p/chloe-eau-de-parfum-2-piece-gift-set-pimprod2051272,Chloé,Chloe Eau de Parfum 2 Piece Gift Set,$100 and Under,$60.00,4.5
pimprod2050267,https://www.ulta.com/p/chloe-eau-de-parfum-lumineuse-mini-duo-gift-set-pimprod2050267,Chloé,Chloe Eau de Parfum and Lumineuse Mini Duo Gift Set,Fragrance Gifts,$34.00,3.8
pimprod2054767,https://www.ulta.com/p/chloe-perfume-mini-4-piece-gift-set-pimprod2054767,Chloé,Chloé Perfume Mini 4-Piece Gift Set,$100 and Under,$70.00,4.7
pimprod2026921,https://www.ulta.com/p/chloe-eau-de-parfum-naturelle-pimprod2026921,Chloé,Chloé Eau de Parfum Naturelle - 1.6 oz,Perfume,$150.00,4.0
pimprod2004363,https://www.ulta.com/p/nomade-eau-de-toilette-pimprod2004363,Chloé,Nomade Eau de Toilette,Perfume,$122.00,4.0
pimprod2054226,https://www.ulta.com/p/original-makeup-brush-cleaner-pimprod2054226,Cinema Secrets,Original Makeup Brush Cleaner - 4.0 oz,Brush Cleaner,$18.00,4.9
pimprod2054225,https://www.ulta.com/p/original-makeup-brush-cleaner-spray-pimprod2054225,Cinema Secrets,Original Makeup Brush Cleaner Spray - 2.0 oz,Brush Cleaner,$15.00,4.9
pimprod2054224,https://www.ulta.com/p/original-pro-starter-kit-pimprod2054224,Cinema Secrets,Original Pro Starter Kit,Brush Cleaner,$28.00,4.8
pimprod2054223,https://www.ulta.com/p/original-travel-pro-starter-kit-pimprod2054223,Cinema Secrets,Original Travel Pro Starter Kit,Brush Cleaner,$15.00,4.7
pimprod2054222,https://www.ulta.com/p/tropical-lemon-makeup-brush-cleaner-pimprod2054222,Cinema Secrets,Tropical Lemon Makeup Brush Cleaner,Brush Cleaner,$48.00,4.8
pimprod2054221,https://www.ulta.com/p/tropical-lemon-pro-starter-kit-pimprod2054221,Cinema Secrets,Tropical Lemon Pro Starter Kit,Brush Cleaner,$28.00,4.8
pimprod2045011,https://www.ulta.com/p/total-root-touch-up-pimprod2045011,Clairol,Total Root Touch-Up - 6 Light Brown - Rome,Hair Color & Bleach,$18.99,4.1
pimprod2046943,https://www.ulta.com/p/double-serum-age-defying-concentrate-pimprod2046943,Clarins,DOUBLE SERUM Age-Defying Concentrate - 1.7 oz,Face Serums,$140.00,4.5
pimprod2052976,https://www.ulta.com/p/total-eye-lift-refillable-eye-cream-pimprod2052976,Clarins,Total Eye Lift Refillable Eye Cream - 0.5 oz,Eye Cream,$95.00,4.4
pimprod2043929,https://www.ulta.com/p/multi-active-day-moisturizer-lines-glow-with-niacinamide-pimprod2043929,Clarins,Multi-Active Day Moisturizer for Lines and Glow with Niacinamide,Face Moisturizer,$62.00,4.5
pimprod2049891,https://www.ulta.com/p/double-serum-light-texture-pimprod2049891,Clarins,DOUBLE SERUM Light Texture - 1.7 oz,Face Serums,$140.00,4.5
pimprod2031314,https://www.ulta.com/p/double-serum-eye-firming-hydrating-concentrate-pimprod2031314,Clarins,DOUBLE SERUM Eye Firming & Hydrating Concentrate,Eye Serums,$84.00,4.3
pimprod2033883,https://www.ulta.com/p/super-restorative-day-moisturizer-pimprod2033883,Clarins,Super Restorative Day Moisturizer,Face Moisturizer,$140.00,4.7
pimprod2033884,https://www.ulta.com/p/super-restorative-night-moisturizer-pimprod2033884,Clarins,Super Restorative Night Moisturizer,Night Cream,$150.00,4.8
pimprod2046107,https://www.ulta.com/p/uv-plus-anti-pollution-tinted-face-sunscreen-spf-50-pimprod2046107,Clarins,UV Plus Anti-Pollution Tinted Face Sunscreen SPF 50 - Light,Sunscreen,$50.00,4.3
pimprod2043935,https://www.ulta.com/p/one-step-gentle-exfoliating-cleanser-pimprod2043935,Clarins,One-Step Gentle Exfoliating Cleanser - 3.9 oz,Face Wash,$40.00,4.4
pimprod2031131,https://www.ulta.com/p/lip-comfort-hydrating-plumping-oil-pimprod2031131,Clarins,Lip Comfort Hydrating & Plumping Oil - 04 Pitaya,Lip Oil,$32.00,4.7
pimprod2050694,https://www.ulta.com/p/hydrating-water-lip-stain-pimprod2050694,Clarins,Hydrating Water Lip Stain - 01 Rose Water,Lip Stain,$32.00,4.3
pimprod2052961,https://www.ulta.com/p/firm-glow-anti-aging-skincare-set-pimprod2052961,Clarins,Firm & Glow Anti Aging Skincare Set,Skin Gifts,$102.00,3.5
pimprod2037565,https://www.ulta.com/p/hydra-essentiel-silky-moisturizer-with-double-hyaluronic-acid-pimprod2037565,Clarins,Hydra-Essentiel Silky Moisturizer with Double Hyaluronic Acid,Face Moisturizer,$52.00,4.2
pimprod2043931,https://www.ulta.com/p/multi-active-night-moisturizer-lines-pores-glow-with-niacinamide-pimprod2043931,Clarins,"Multi-Active Night Moisturizer for Lines, Pores, Glow with Niacinamide",Night Cream,$65.00,4.5
pimprod2040118,https://www.ulta.com/p/cryo-flash-instant-lift-effect-glow-boosting-face-mask-pimprod2040118,Clarins,Cryo-Flash Instant Lift Effect & Glow Boosting Face Mask,Face Masks,$80.00,4.5
pimprod2052963,https://www.ulta.com/p/lip-comfort-hydrating-oil-set-pimprod2052963,Clarins,Lip Comfort Hydrating Oil Set,Skin Gifts,$28.00,4.7
pimprod2030026,https://www.ulta.com/p/lip-perfector-sheer-gloss-pimprod2030026,Clarins,Lip Perfector Sheer Gloss - 06 Rosewood Shimmer,Lip Gloss,$30.00,4.6
pimprod2031267,https://www.ulta.com/p/extra-firming-smoothing-night-moisturizer-pimprod2031267,Clarins,Extra-Firming & Smoothing Night Moisturizer,Face Moisturizer,$101.00,4.5
pimprod2052946,https://www.ulta.com/p/most-loved-skincare-starter-set-pimprod2052946,Clarins,Most Loved Skincare Starter Set,Skin Gifts,$40.00,2.7
pimprod2053000,https://www.ulta.com/p/hydrating-toning-lotion-with-aloe-vera-pimprod2053000,Clarins,Hydrating Toning Lotion with Aloe Vera,Toner,$32.00,
pimprod2026424,https://www.ulta.com/p/extra-firming-energy-radiance-boosting-moisturizer-pimprod2026424,Clarins,Extra-Firming Energy Radiance Boosting Moisturizer,Face Moisturizer,$96.00,4.3
pimprod2046104,https://www.ulta.com/p/hydrating-gentle-foaming-face-cleanser-pimprod2046104,Clarins,Hydrating Gentle Foaming Face Cleanser,Face Wash,$32.00,4.5
pimprod2043927,https://www.ulta.com/p/super-restorative-anti-aging-day-moisturizer-spf-15-pimprod2043927,Clarins,Super Restorative Anti-Aging Day Moisturizer SPF 15,Face Moisturizer,$140.00,4.0
pimprod2046103,https://www.ulta.com/p/super-restorative-rose-radiance-peptide-face-moisturizer-pimprod2046103,Clarins,Super Restorative Rose Radiance Peptide Face Moisturizer,Face Moisturizer,$140.00,4.5
pimprod2012805,https://www.ulta.com/p/extra-firming-neck-decollete-moisturizer-pimprod2012805,Clarins,Extra-Firming Neck & Décolleté Moisturizer,Neck Cream,$98.00,4.6
pimprod2049894,https://www.ulta.com/p/bright-plus-brightening-vitamin-c-niacinamide-dark-spot-serum-pimprod2049894,Clarins,Bright Plus Brightening Vitamin C & Niacinamide Dark Spot Serum,Face Serums,$89.00,4.4
pimprod2046102,https://www.ulta.com/p/hydra-essentiel-night-moisturizer-pimprod2046102,Clarins,Hydra-Essentiel Night Moisturizer,Night Cream,$55.00,4.5
pimprod2052945,https://www.ulta.com/p/multi-active-day-moisturizer-spf-15-pimprod2052945,Clarins,Multi-Active Day Moisturizer SPF 15,Face Moisturizer,$62.00,3.2
pimprod2043938,https://www.ulta.com/p/body-fit-active-contouring-smoothing-gel-cream-pimprod2043938,Clarins,Body Fit Active Contouring & Smoothing Gel-Cream,Body Treatments,$80.00,4.1
pimprod2052972,https://www.ulta.com/p/purifying-gentle-foaming-face-cleanser-pimprod2052972,Clarins,Purifying Gentle Foaming Face Cleanser,Face Moisturizer,$32.00,3.1
pimprod2031264,https://www.ulta.com/p/extra-firming-smoothing-day-moisturizer-pimprod2031264,Clarins,Extra-Firming & Smoothing Day Moisturizer,Face Moisturizer,$96.00,4.4
pimprod2043925,https://www.ulta.com/p/uv-plus-anti-pollution-antioxidant-face-sunscreen-spf-50-pimprod2043925,Clarins,UV Plus Anti-Pollution Antioxidant Face Sunscreen SPF 50,Sunscreen,$48.00,4.3
pimprod2043933,https://www.ulta.com/p/hydra-essentiel-bi-phase-face-serum-with-double-hyaluronic-acid-pimprod2043933,Clarins,Hydra-Essentiel Bi-Phase Face Serum with Double Hyaluronic Acid,Face Serums,$68.00,4.3
pimprod2022794,https://www.ulta.com/p/moisture-rich-hydrating-body-lotion-pimprod2022794,Clarins,Moisture-Rich Hydrating Body Lotion,Body Lotion & Creams,$49.00,4.8
pimprod2030013,https://www.ulta.com/p/self-tanning-face-booster-drops-pimprod2030013,Clarins,Self Tanning Face Booster Drops,Self-Tanning & Bronzing,$38.00,4.2
pimprod2053064,https://www.ulta.com/p/canyon-kiss-collection-lip-comfort-oil-pimprod2053064,Clarins,Canyon Kiss Collection Lip Comfort Oil - 27 Fleeting Dew,Lip Oil,$32.00,5.0
pimprod2050003,https://www.ulta.com/p/total-eye-revive-eye-cream-pimprod2050003,Clarins,Total Eye Revive Eye Cream,Eye Cream,$54.00,3.7
pimprod2046106,https://www.ulta.com/p/v-facial-instant-depuffing-face-mask-pimprod2046106,Clarins,V-Facial Instant Depuffing Face Mask,Face Masks,$75.00,4.6
pimprod2033885,https://www.ulta.com/p/super-restorative-neck-decollete-cream-pimprod2033885,Clarins,Super Restorative Neck and Décolleté Cream,Face Moisturizer,$120.00,4.6
pimprod2030012,https://www.ulta.com/p/hand-nail-treatment-cream-pimprod2030012,Clarins,Hand and Nail Treatment Cream,Hand Cream & Foot Cream,$34.00,4.7
pimprod2014298,https://www.ulta.com/p/santal-soothing-hydrating-face-treatment-oil-pimprod2014298,Clarins,Santal Soothing & Hydrating Face Treatment Oil,Face Oils,$68.00,4.8
pimprod2043937,https://www.ulta.com/p/total-cleansing-oil-makeup-remover-pimprod2043937,Clarins,Total Cleansing Oil & Makeup Remover,Face Wash,$39.00,4.5
pimprod2033790,https://www.ulta.com/p/beauty-flash-balm-mask-primer-radiance-booster-pimprod2033790,Clarins,"Beauty Flash Balm Mask, Primer, Radiance Booster",Face Masks,$54.00,4.0
pimprod2046105,https://www.ulta.com/p/soothing-gentle-foaming-face-cleanser-pimprod2046105,Clarins,Soothing Gentle Foaming Face Cleanser,Face Wash,$32.00,4.4
pimprod2043936,https://www.ulta.com/p/velvet-hydrating-cleansing-milk-pimprod2043936,Clarins,Velvet Hydrating Cleansing Milk,Face Wash,$35.00,4.6
pimprod2057237,https://www.ulta.com/p/firm-glow-anti-aging-skincare-set-pimprod2057237,Clarins,Firm & Glow Anti-Aging Skincare Set,Skin Gifts,$105.00,
pimprod2047943,https://www.ulta.com/p/cleanse-glow-travel-duo-gift-set-pimprod2047943,Clarins,Cleanse & Glow Travel Duo Gift Set,Skin Gifts,$16.00,2.0
pimprod2057103,https://www.ulta.com/p/multi-active-brightening-glow-serum-pimprod2057103,Clarins,Multi-Active Brightening Glow Serum,Face Serums,$68.00,4.7
pimprod2057238,https://www.ulta.com/p/most-loved-skincare-starter-set-pimprod2057238,Clarins,Most Loved Skincare Starter Set,Skin Gifts,$45.00,
pimprod2057106,https://www.ulta.com/p/lip-comfort-oil-love-collection-pimprod2057106,Clarins,Lip Comfort Oil LOVE Collection - 31 Rosy Kiss,Lip Oil,$32.00,
pimprod2017598,https://www.ulta.com/p/classic-skin-eau-de-parfum-pimprod2017598,Clean,Classic Skin Eau de Parfum - 2.0 oz,Perfume,$78.00,4.5
pimprod2017603,https://www.ulta.com/p/classic-warm-cotton-eau-de-parfum-pimprod2017603,Clean,Classic Warm Cotton Eau de Parfum - 1.0 oz,Perfume,$48.00,3.7
pimprod2017600,https://www.ulta.com/p/classic-rain-eau-de-parfum-pimprod2017600,Clean,Classic Rain Eau de Parfum - 1.0 oz,Perfume,$48.00,4.2
pimprod2050287,https://www.ulta.com/p/clean-classic-jet-set-pimprod2050287,Clean,Clean Classic The Jet Set,Fragrance Gifts,$25.00,4.0
pimprod2050118,https://www.ulta.com/p/classic-strawberry-fields-eau-de-parfum-pimprod2050118,Clean,Classic Strawberry Fields Eau de Parfum - 1.0 oz,Perfume,$48.00,4.6
pimprod2039737,https://www.ulta.com/p/classic-apple-blossom-pimprod2039737,Clean,Classic Apple Blossom - 2.0 oz,Perfume,$78.00,4.4
pimprod2051603,https://www.ulta.com/p/classic-tropical-escape-pimprod2051603,Clean,Classic Tropical Escape,Perfume,$72.00,3.3
pimprod2056770,https://www.ulta.com/p/clean-towels-original-disposable-face-towels-pimprod2056770,Clean Skin Club,Clean Towels Original Disposable Face Towels - 50 ct,Makeup Remover,$17.99,4.9
pimprod2056767,https://www.ulta.com/p/clean-towels-blemish-control-disposable-face-towels-pimprod2056767,Clean Skin Club,Clean Towels Blemish Control Disposable Face Towels - 50 ct,Makeup Remover,$17.99,4.9
pimprod2056765,https://www.ulta.com/p/clean-towels-healthy-aging-disposable-face-towels-pimprod2056765,Clean Skin Club,Clean Towels Healthy Aging Disposable Face Towels - 50 ct,Makeup Remover,$17.99,4.9
pimprod2056771,https://www.ulta.com/p/clean-skin-club-luxe-bamboo-box-clean-towels-original-pimprod2056771,Clean Skin Club,Clean Skin Club Luxe Bamboo Box + Clean Towels Original,Makeup Remover,$34.99,4.9
pimprod2056772,https://www.ulta.com/p/clean-skin-club-prism-acrylic-storage-box-pimprod2056772,Clean Skin Club,Clean Skin Club Prism Acrylic Storage Box,Accessories,$49.99,4.9
pimprod2021615,https://www.ulta.com/p/moisture-surge-100h-auto-replenishing-hydrator-gel-moisturizer-with-hyaluronic-acid-pimprod2021615,Clinique,Moisture Surge 100H Auto-Replenishing Hydrator Gel Moisturizer with Hyaluronic Acid - 1.0 oz,Face Moisturizer,$30.00,4.6
pimprod2017443,https://www.ulta.com/p/even-better-all-over-concealer-eraser-pimprod2017443,Clinique,Even Better All-Over Concealer + Eraser - WN 01 Flax,Concealer,$32.00,3.7
pimprod2021174,https://www.ulta.com/p/even-better-clinical-serum-foundation-broad-spectrum-spf-25-pimprod2021174,Clinique,Even Better Clinical Serum Foundation Broad Spectrum SPF 25 - WN 01 Flax,Foundation,$48.00,4.2
pimprod2050291,https://www.ulta.com/p/moisture-surge-active-glow-serum-with-hyaluronic-acid-pimprod2050291,Clinique,Moisture Surge Active Glow Serum with Hyaluronic Acid - 1.7 oz,Face Serums,$65.00,4.5
pimprod2051007,https://www.ulta.com/p/even-better-clinical-vitamin-makeup-broad-spectrum-spf-45-foundation-pimprod2051007,Clinique,Even Better Clinical Vitamin Makeup Broad Spectrum SPF 45 Foundation - Light Cool 1,Foundation,$48.00,4.4
pimprod2018283,https://www.ulta.com/p/moisture-surge-intense-72h-lipid-replenishing-hydrator-moisturizer-pimprod2018283,Clinique,Moisture Surge Intense 72H Lipid-Replenishing Hydrator Moisturizer - 1.7 oz,Travel Size Skin Care,$47.00,3.8
pimprod2013655,https://www.ulta.com/p/moisture-surge-sheertint-hydrator-broad-spectrum-spf-25-tinted-moisturizer-pimprod2013655,Clinique,Moisture Surge Sheertint Hydrator Broad Spectrum SPF 25 Tinted Moisturizer - Light Medium,Tinted Moisturizer,$46.00,3.8
pimprod2025268,https://www.ulta.com/p/clinique-smart-clinical-repair-wrinkle-correcting-serum-pimprod2025268,Clinique,Clinique Smart Clinical Repair Wrinkle Correcting Serum - 1.0 oz,Face Serums,$80.00,4.3
pimprod2041464,https://www.ulta.com/p/high-impact-gel-tech-eyeliner-pimprod2041464,Clinique,High Impact Gel Tech Eyeliner - Black,Eyeliner,$28.00,4.4
pimprod2038272,https://www.ulta.com/p/moisture-surge-broad-spectrum-spf-28-sheer-hydrator-moisturizer-pimprod2038272,Clinique,Moisture Surge Broad Spectrum SPF 28 Sheer Hydrator Moisturizer - 1.7 oz,Face Moisturizer,$49.00,4.4
pimprod2040009,https://www.ulta.com/p/high-impact-high-fi-full-volume-mascara-pimprod2040009,Clinique,High Impact High-Fi Full Volume Mascara - Intense Black,Mascara,$20.30,4.3
pimprod2029822,https://www.ulta.com/p/clinique-smart-clinical-repair-wrinkle-correcting-eye-cream-pimprod2029822,Clinique,Clinique Smart Clinical Repair Wrinkle Correcting Eye Cream - 0.5 oz,Eye Cream,$65.00,4.5
pimprod2043385,https://www.ulta.com/p/pop-longwear-lipstick-pimprod2043385,Clinique,Pop Longwear Lipstick - Bare Pop,Lipstick,$26.00,4.2
pimprod2043634,https://www.ulta.com/p/high-impact-shadow-play-eye-shadow-definer-pimprod2043634,Clinique,High Impact Shadow Play Eye Shadow + Definer - Pink Honey + Black Honey,Eyeshadow,$35.00,3.3
pimprod2045574,https://www.ulta.com/p/pop-lip-cheek-oil-pimprod2045574,Clinique,Pop Lip + Cheek Oil - Nude Honey,Blush,$27.00,4.6
pimprod2056735,https://www.ulta.com/p/chubby-stick-cheek-color-balm-cream-blush-pimprod2056735,Clinique,Chubby Stick Cheek Color Balm Cream Blush - Amp’d Up Apple,Blush,$32.00,4.7
pimprod2033123,https://www.ulta.com/p/smart-clinical-repair-wrinkle-correcting-face-cream-pimprod2033123,Clinique,Smart Clinical Repair Wrinkle Correcting Face Cream - 1.7 oz,Face Moisturizer,$77.00,4.4
pimprod2056734,https://www.ulta.com/p/chubby-stick-moisturizing-lip-color-tinted-lip-balm-pimprod2056734,Clinique,Chubby Stick Moisturizing Lip Color Tinted Lip Balm - Boundless Blush,Lip Balms,$26.00,4.6
pimprod2049081,https://www.ulta.com/p/even-better-clinical-dark-spot-clearing-serum-with-vitamin-c-pimprod2049081,Clinique,Even Better Clinical Dark Spot Clearing Serum with Vitamin C - 1.0 oz,Face Serums,$63.00,4.4
pimprod2040914,https://www.ulta.com/p/smart-clinical-repair-lifting-face-neck-cream-pimprod2040914,Clinique,Smart Clinical Repair Lifting Face + Neck Cream - 1.7 oz,Neck Cream,$82.00,4.3
pimprod2033458,https://www.ulta.com/p/clinique-pop-plush-creamy-lip-gloss-pimprod2033458,Clinique,Clinique Pop Plush Creamy Lip Gloss - Black Honey Pop,Lip Gloss,$27.00,4.3
pimprod2043524,https://www.ulta.com/p/acne-solutions-liquid-makeup-foundation-pimprod2043524,Clinique,Acne Solutions Liquid Makeup Foundation - CN 10 Alabaster,Foundation,$39.00,4.3
pimprod2031143,https://www.ulta.com/p/quickliner-brows-eyebrow-pencil-pimprod2031143,Clinique,Quickliner For Brows Eyebrow Pencil - Deep Brown,Eyebrows,$27.00,3.5
pimprod2044364,https://www.ulta.com/p/pink-honey-affair-all-about-shadow-palette-pimprod2044364,Clinique,Pink Honey Affair All About Shadow Palette,Eyeshadow Palettes,$49.00,4.2
pimprod2042886,https://www.ulta.com/p/smart-clinical-repair-spf-30-wrinkle-correcting-cream-pimprod2042886,Clinique,Smart Clinical Repair SPF 30 Wrinkle Correcting Cream - 1.7 oz,Face Moisturizer,$77.00,3.8
pimprod2031141,https://www.ulta.com/p/high-impact-easy-liquid-eyeliner-pimprod2031141,Clinique,High Impact Easy Liquid Eyeliner - Black,Eyeliner,$29.00,4.1
pimprod2045575,https://www.ulta.com/p/smart-clinical-repair-overnight-recovery-face-cream-mask-pimprod2045575,Clinique,Smart Clinical Repair Overnight Recovery Face Cream + Mask,Face Masks,$80.00,4.6
pimprod2048700,https://www.ulta.com/p/all-about-eyes-brightening-serum-concentrate-with-retinoid-pimprod2048700,Clinique,All About Eyes Brightening Serum Concentrate with Retinoid,Eye Serums,$49.00,4.4
pimprod2013864,https://www.ulta.com/p/essentials-solar-oil-care-pen-pimprod2013864,CND,Essentials Solar Oil Care Pen,Nail Care,$14.25,4.0
pimprod2034346,https://www.ulta.com/p/cuticle-couple-solaroil-cuticle-eraser-pimprod2034346,CND,"The Cuticle Couple, SolarOil + Cuticle Eraser",Nail Care,$19.50,3.7
pimprod2042927,https://www.ulta.com/p/nail-strengthener-rxx-pimprod2042927,CND,Nail Strengthener RXx,Nail Care,$22.25,3.3
pimprod2013865,https://www.ulta.com/p/essentials-rescuerxx-care-pen-pimprod2013865,CND,Essentials RescueRXX Care Pen,Nail Care,$14.25,4.0
pimprod2054906,https://www.ulta.com/p/solaroil-amber-woods-pimprod2054906,CND,SolarOil Amber Woods,Nail Care,$15.29,5.0
pimprod2052611,https://www.ulta.com/p/lightningoil-nail-cuticle-oil-pimprod2052611,CND,LightningOil Nail & Cuticle Oil,Nail Care,$15.25,4.3
pimprod2056653,https://www.ulta.com/p/propolis-jelly-lipcerin-lip-gloss-pimprod2056653,CNP Laboratory,Propolis Jelly Lipcerin Lip Gloss - Honey Cake,Lip Gloss,$16.00,4.5
pimprod2056651,https://www.ulta.com/p/propolis-lipcerin-lip-balm-pimprod2056651,CNP Laboratory,Propolis Lipcerin Lip Balm - Original,Lip Balms,$17.90,4.4
pimprod2056652,https://www.ulta.com/p/propolis-lipcerin-mini-set-pimprod2056652,CNP Laboratory,Propolis Lipcerin Mini Set,Lip Balms,$21.00,
pimprod2056654,https://www.ulta.com/p/propolis-energy-active-serum-pimprod2056654,CNP Laboratory,Propolis Energy Active Serum,Face Serums,$24.90,
pimprod2056655,https://www.ulta.com/p/propolis-treatment-essence-pimprod2056655,CNP Laboratory,Propolis Treatment Essence,Face Serums,$24.90,
pimprod2056657,https://www.ulta.com/p/derma-answer-barrier-reset-face-cream-pimprod2056657,CNP Laboratory,Derma + Answer Barrier Reset Face Cream,Face Moisturizer,$19.90,
pimprod2056659,https://www.ulta.com/p/derma-answer-active-boost-serum-pimprod2056659,CNP Laboratory,Derma + Answer Active Boost Serum,Face Serums,$24.90,
pimprod2056658,https://www.ulta.com/p/propolis-deepcerin-cleansing-balm-pimprod2056658,CNP Laboratory,Propolis Deepcerin Cleansing Balm,Cleansing Balms & Oils,$24.00,
